open_time,open,high,low,close,volume,close_time
1788858900000,78490.01,78506.0,78490.01,78498.01,7.27093,1788858959999
1788858960000,78498.01,78498.01,78466.0,78466.01,8.83278,1788859019999
1788859020000,78466.01,78470.0,78433.4,78463.99,27.14996,1788859079999
1788859080000,78464.0,78484.0,78464.0,78473.17,21.42798,1788859139999
1788859140000,78473.18,78473.18,78407.4,78420.17,26.94613,1788859199999
1788859200000,78420.17,78426.0,78397.41,78418.0,14.24459,1788859259999
1788859260000,78417.99,78417.99,78366.74,78375.89,39.34678,1788859319999
1788859320000,78375.89,78375.89,78340.5,78365.18,25.62844,1788859379999
1788859380000,78365.17,78414.0,78364.9,78414.0,9.17177,1788859439999
1788859440000,78414.0,78450.2,78414.0,78430.38,9.46525,1788859499999
1788859500000,78430.38,78442.0,78427.18,78436.01,4.31986,1788859559999
1788859560000,78436.01,78455.2,78430.0,78448.01,6.26012,1788859619999
1788859620000,78448.01,78476.0,78448.0,78476.0,5.71633,1788859679999
1788859680000,78475.99,78485.38,78475.99,78477.56,3.5207,1788859739999
1788859740000,78477.56,78477.56,78476.64,78476.65,2.36102,1788859799999
1788859800000,78476.65,78479.85,78435.18,78479.84,12.56587,1788859859999
1788859860000,78479.83,78489.14,78463.39,78489.14,6.36664,1788859919999
1788859920000,78489.14,78557.75,78489.13,78550.99,11.32383,1788859979999
1788859980000,78550.99,78600.0,78544.43,78599.99,16.91143,1788860039999
1788860040000,78600.0,78605.31,78590.13,78590.14,6.98716,1788860099999
1788860100000,78590.14,78608.0,78578.0,78601.99,14.51302,1788860159999
1788860160000,78602.0,78662.71,78602.0,78658.13,13.38459,1788860219999
1788860220000,78658.14,78663.13,78653.16,78653.16,2.70458,1788860279999
1788860280000,78653.17,78695.67,78653.16,78695.66,10.18822,1788860339999
1788860340000,78695.66,78695.67,78676.7,78694.0,11.93642,1788860399999
1788860400000,78693.99,78709.01,78686.0,78709.01,6.65042,1788860459999
1788860460000,78709.0,78760.54,78704.0,78760.54,10.79003,1788860519999
1788860520000,78760.54,78760.54,78721.99,78736.02,11.04698,1788860579999
1788860580000,78736.02,78779.93,78736.02,78779.78,5.69936,1788860639999
1788860640000,78779.77,78780.0,78734.25,78761.99,8.49774,1788860699999
1788860700000,78762.0,78778.0,78742.0,78768.01,14.60762,1788860759999
1788860760000,78768.01,78768.01,78746.0,78748.01,12.7017,1788860819999
1788860820000,78748.0,78748.0,78734.25,78742.58,4.05343,1788860879999
1788860880000,78742.58,78767.79,78742.58,78767.79,2.54498,1788860939999
1788860940000,78767.79,78777.3,78754.0,78767.77,8.52992,1788860999999
1788861000000,78767.78,78800.0,78767.77,78782.0,10.13458,1788861059999
1788861060000,78782.01,78782.01,78766.0,78766.01,1.42272,1788861119999
1788861120000,78766.0,78766.01,78746.0,78746.01,3.41231,1788861179999
1788861180000,78746.0,78790.94,78746.0,78756.01,13.70057,1788861239999
1788861240000,78756.0,78759.49,78744.52,78759.49,2.953,1788861299999
1788861300000,78759.48,78774.0,78746.64,78773.99,5.00146,1788861359999
1788861360000,78773.99,78774.0,78758.36,78758.37,2.95071,1788861419999
1788861420000,78758.36,78758.37,78738.0,78738.0,9.56484,1788861479999
1788861480000,78738.01,78754.0,78730.0,78754.0,8.64013,1788861539999
1788861540000,78754.0,78762.0,78753.99,78761.99,2.38327,1788861599999
1788861600000,78762.0,78762.0,78738.0,78738.0,3.30959,1788861659999
1788861660000,78738.01,78738.01,78688.0,78688.01,11.78617,1788861719999
1788861720000,78688.01,78734.0,78670.0,78727.07,14.98671,1788861779999
1788861780000,78727.19,78748.0,78727.19,78738.0,3.37828,1788861839999
1788861840000,78738.0,78738.01,78725.01,78725.01,2.97623,1788861899999
1788861900000,78725.02,78742.05,78720.26,78742.05,9.08401,1788861959999
1788861960000,78742.05,78745.46,78742.04,78745.45,2.53834,1788862019999
1788862020000,78745.46,78752.0,78745.45,78752.0,1.96478,1788862079999
1788862080000,78751.99,78751.99,78700.0,78700.01,12.30751,1788862139999
1788862140000,78700.0,78706.04,78700.0,78706.04,2.06737,1788862199999
1788862200000,78706.04,78734.0,78700.0,78734.0,5.17237,1788862259999
1788862260000,78733.99,78745.12,78733.99,78736.0,3.34164,1788862319999
1788862320000,78736.0,78736.0,78735.99,78736.0,2.00195,1788862379999
1788862380000,78736.0,78736.0,78720.0,78720.01,3.37795,1788862439999
1788862440000,78720.01,78741.99,78718.0,78741.98,5.25067,1788862499999
1788862500000,78741.98,78746.0,78741.98,78745.99,1.03977,1788862559999
1788862560000,78745.99,78746.0,78736.0,78740.0,3.05723,1788862619999
1788862620000,78740.0,78750.0,78739.99,78749.99,3.0693,1788862679999
1788862680000,78749.99,78768.76,78748.26,78768.76,6.03421,1788862739999
1788862740000,78768.75,78814.0,78768.75,78813.99,10.38476,1788862799999
1788862800000,78814.0,78994.5,78813.99,78950.04,56.98957,1788862859999
1788862860000,78950.03,78954.0,78892.0,78927.04,14.51781,1788862919999
1788862920000,78927.03,78927.03,78882.0,78882.0,7.93977,1788862979999
1788862980000,78882.01,78908.0,78882.01,78894.01,3.82263,1788863039999
1788863040000,78894.01,78902.27,78878.0,78878.01,2.95268,1788863099999
1788863100000,78878.0,78913.99,78878.0,78904.01,3.05627,1788863159999
1788863160000,78904.01,78904.01,78838.0,78838.0,9.86957,1788863219999
1788863220000,78838.01,78838.01,78832.43,78832.43,1.98101,1788863279999
1788863280000,78832.43,78858.0,78832.43,78841.97,9.3746,1788863339999
1788863340000,78841.97,78847.93,78834.0,78847.93,5.16985,1788863399999
1788863400000,78847.93,78871.24,78847.92,78852.0,4.25722,1788863459999
1788863460000,78852.01,78856.0,78834.0,78840.89,6.16176,1788863519999
1788863520000,78840.89,78848.0,78778.0,78785.99,16.87439,1788863579999
1788863580000,78786.0,78786.01,78762.0,78762.0,11.44998,1788863639999
1788863640000,78762.01,78762.01,78733.46,78736.53,2.54438,1788863699999
1788863700000,78736.53,78736.53,78700.0,78700.0,12.44562,1788863759999
1788863760000,78700.01,78716.0,78672.57,78701.08,13.1833,1788863819999
1788863820000,78701.08,78714.0,78701.08,78714.0,1.42324,1788863879999
1788863880000,78714.0,78730.0,78713.99,78730.0,3.41184,1788863939999
1788863940000,78729.99,78730.0,78722.0,78722.0,1.41493,1788863999999
1788864000000,78722.0,78722.01,78674.45,78674.46,1.70553,1788864059999
1788864060000,78674.46,78684.0,78670.87,78678.0,7.17882,1788864119999
1788864120000,78678.0,78698.42,78678.0,78697.13,3.00917,1788864179999
1788864180000,78697.13,78697.14,78670.12,78670.13,9.56388,1788864239999
1788864240000,78670.14,78670.14,78656.77,78670.1,19.64262,1788864299999
1788864300000,78670.1,78670.11,78662.0,78662.01,2.705,1788864359999
1788864360000,78662.0,78662.01,78656.94,78658.01,14.22891,1788864419999
1788864420000,78658.0,78658.17,78656.48,78658.17,5.62046,1788864479999
1788864480000,78658.16,78670.0,78658.16,78670.0,1.07051,1788864539999
1788864540000,78670.0,78680.0,78662.31,78662.32,6.07032,1788864599999
1788864600000,78662.32,78692.0,78662.32,78679.84,22.49025,1788864659999
1788864660000,78679.83,78679.84,78652.01,78652.02,1.91598,1788864719999
1788864720000,78652.01,78652.01,78644.01,78644.02,1.41911,1788864779999
1788864780000,78644.01,78644.02,78624.65,78632.45,5.50818,1788864839999
1788864840000,78632.45,78635.64,78632.45,78635.64,5.48645,1788864899999
1788864900000,78635.64,78635.64,78635.63,78635.64,0.45192,1788864959999
1788864960000,78635.63,78635.64,78601.35,78616.75,11.70536,1788865019999
1788865020000,78616.75,78616.76,78616.0,78616.01,1.25879,1788865079999
1788865080000,78616.01,78616.01,78585.0,78592.0,13.10664,1788865139999
1788865140000,78591.99,78591.99,78568.0,78568.0,5.52247,1788865199999
1788865200000,78568.01,78576.0,78544.0,78544.01,19.03517,1788865259999
1788865260000,78544.01,78554.0,78483.52,78554.0,43.82698,1788865319999
1788865320000,78554.0,78554.0,78524.01,78532.0,6.12342,1788865379999
1788865380000,78532.0,78532.0,78488.69,78496.2,3.06349,1788865439999
1788865440000,78496.2,78496.2,78483.52,78483.53,2.03187,1788865499999
1788865500000,78483.53,78484.97,78445.28,78451.12,25.20794,1788865559999
1788865560000,78451.12,78474.0,78420.69,78420.69,20.19292,1788865619999
1788865620000,78420.7,78436.0,78382.66,78388.25,17.30399,1788865679999
1788865680000,78388.26,78420.0,78360.87,78368.29,34.0926,1788865739999
1788865740000,78368.29,78464.0,78368.29,78396.74,16.65073,1788865799999
1788865800000,78396.74,78396.74,78321.86,78362.0,22.91428,1788865859999
1788865860000,78362.0,78373.99,78324.04,78324.55,14.83518,1788865919999
1788865920000,78324.55,78324.55,78306.18,78310.01,29.5469,1788865979999
1788865980000,78310.0,78322.0,78310.0,78317.29,3.97308,1788866039999
1788866040000,78317.28,78317.28,78271.63,78313.89,21.51462,1788866099999
1788866100000,78313.89,78346.0,78297.47,78328.59,32.46221,1788866159999
1788866160000,78328.6,78354.88,78308.47,78344.0,24.28864,1788866219999
1788866220000,78344.0,78373.99,78336.0,78364.01,5.7159,1788866279999
1788866280000,78364.0,78376.68,78340.0,78372.0,5.09798,1788866339999
1788866340000,78372.0,78394.0,78371.99,78393.68,10.24236,1788866399999
1788866400000,78393.68,78421.45,78393.68,78420.0,19.95784,1788866459999
1788866460000,78419.99,78435.45,78384.0,78384.01,5.81425,1788866519999
1788866520000,78384.01,78468.0,78384.01,78464.0,8.40454,1788866579999
1788866580000,78464.0,78477.99,78463.99,78477.99,9.43286,1788866639999
1788866640000,78478.0,78480.0,78446.62,78480.0,8.18702,1788866699999
1788866700000,78480.0,78480.0,78474.0,78474.0,1.43107,1788866759999
1788866760000,78474.0,78474.01,78421.32,78429.24,8.1966,1788866819999
1788866820000,78429.25,78453.3,78429.24,78453.3,2.66531,1788866879999
1788866880000,78453.3,78468.0,78453.29,78467.99,3.10511,1788866939999
1788866940000,78468.0,78468.0,78443.02,78443.02,2.92332,1788866999999
1788867000000,78443.02,78443.03,78396.82,78412.04,12.45153,1788867059999
1788867060000,78412.05,78443.03,78404.18,78443.03,5.4942,1788867119999
1788867120000,78443.03,78484.79,78443.02,78476.01,6.69808,1788867179999
1788867180000,78476.01,78484.8,78476.0,78476.01,4.81433,1788867239999
1788867240000,78476.0,78482.19,78474.0,78482.18,4.36371,1788867299999
1788867300000,78482.19,78482.19,78466.32,78469.85,2.92496,1788867359999
1788867360000,78469.86,78476.0,78469.85,78476.0,2.50078,1788867419999
1788867420000,78476.01,78492.0,78476.0,78491.99,4.38947,1788867479999
1788867480000,78492.0,78492.0,78459.67,78461.12,17.45156,1788867539999
1788867540000,78461.11,78461.12,78422.19,78432.0,20.76245,1788867599999
1788867600000,78432.01,78462.61,78422.9,78453.29,10.19353,1788867659999
1788867660000,78453.29,78458.0,78422.9,78458.0,19.02479,1788867719999
1788867720000,78458.0,78464.0,78451.31,78458.01,4.10865,1788867779999
1788867780000,78458.01,78476.71,78458.0,78474.0,5.70718,1788867839999
1788867840000,78474.0,78474.0,78440.26,78440.26,4.04435,1788867899999
1788867900000,78440.27,78450.34,78422.9,78422.91,9.17304,1788867959999
1788867960000,78422.91,78422.91,78388.38,78388.39,6.23565,1788868019999
1788868020000,78388.39,78410.0,78388.38,78395.93,12.30396,1788868079999
1788868080000,78395.92,78418.54,78395.92,78407.99,7.6235,1788868139999
1788868140000,78408.0,78435.6,78393.0,78432.01,9.84235,1788868199999
1788868200000,78432.0,78444.0,78405.45,78415.77,11.90856,1788868259999
1788868260000,78415.76,78432.78,78402.0,78428.01,4.80271,1788868319999
1788868320000,78428.0,78428.0,78406.0,78406.0,2.51818,1788868379999
1788868380000,78406.01,78452.0,78406.0,78450.12,8.8502,1788868439999
1788868440000,78450.11,78450.11,78370.0,78380.83,12.68236,1788868499999
1788868500000,78380.84,78426.0,78380.83,78425.99,6.09162,1788868559999
1788868560000,78426.0,78462.82,78425.99,78462.82,3.03397,1788868619999
1788868620000,78462.82,78462.82,78420.0,78423.23,5.97886,1788868679999
1788868680000,78423.24,78462.0,78415.75,78447.3,20.37717,1788868739999
1788868740000,78447.31,78463.64,78430.0,78430.01,7.77638,1788868799999
1788868800000,78430.0,78430.01,78361.48,78365.37,5.90935,1788868859999
1788868860000,78365.37,78365.37,78304.21,78322.0,19.2545,1788868919999
1788868920000,78321.99,78328.0,78262.76,78299.99,24.68506,1788868979999
1788868980000,78299.99,78318.0,78243.8,78260.0,53.81543,1788869039999
1788869040000,78260.01,78286.72,78215.36,78232.0,38.76515,1788869099999
1788869100000,78232.0,78311.97,78232.0,78289.7,15.99067,1788869159999
1788869160000,78289.69,78321.42,78272.99,78314.5,7.84693,1788869219999
1788869220000,78314.49,78322.64,78272.01,78310.91,13.3912,1788869279999
1788869280000,78310.91,78319.99,78286.16,78304.01,12.52207,1788869339999
1788869340000,78304.0,78347.33,78288.12,78347.33,12.16805,1788869399999
1788869400000,78347.33,78367.1,78318.22,78319.14,15.46131,1788869459999
1788869460000,78319.14,78319.15,78270.0,78276.83,3.36979,1788869519999
1788869520000,78276.83,78276.84,78246.0,78246.0,17.39089,1788869579999
1788869580000,78246.01,78255.16,78241.63,78241.64,10.57714,1788869639999
1788869640000,78241.64,78241.64,78222.0,78222.01,7.7373,1788869699999
1788869700000,78222.01,78249.54,78222.0,78249.53,6.44082,1788869759999
1788869760000,78249.52,78264.0,78238.01,78250.0,10.62613,1788869819999
1788869820000,78250.0,78264.0,78238.91,78238.91,5.02066,1788869879999
1788869880000,78238.92,78258.78,78226.98,78254.01,8.34105,1788869939999
1788869940000,78254.01,78274.08,78243.2,78270.32,3.79651,1788869999999
1788870000000,78270.33,78300.0,78262.0,78295.83,7.00507,1788870059999
1788870060000,78295.83,78313.99,78288.7,78294.0,7.62787,1788870119999
1788870120000,78293.99,78300.0,78293.99,78294.01,3.49406,1788870179999
1788870180000,78294.01,78303.2,78284.32,78303.19,2.93264,1788870239999
1788870240000,78303.19,78329.03,78303.19,78324.0,13.12594,1788870299999
1788870300000,78324.0,78324.01,78284.0,78317.09,5.54117,1788870359999
1788870360000,78317.09,78341.99,78316.0,78341.99,4.17102,1788870419999
1788870420000,78341.99,78345.43,78328.59,78345.43,9.17652,1788870479999
1788870480000,78345.43,78345.43,78308.19,78314.23,14.40683,1788870539999
1788870540000,78314.23,78401.94,78314.23,78377.84,16.02617,1788870599999
1788870600000,78377.85,78377.85,78316.16,78372.0,19.84844,1788870659999
1788870660000,78372.0,78402.0,78338.44,78402.0,13.7958,1788870719999
1788870720000,78402.0,78450.0,78402.0,78442.01,5.13804,1788870779999
1788870780000,78442.01,78449.02,78432.11,78449.02,6.91166,1788870839999
1788870840000,78449.02,78449.02,78389.2,78403.92,17.39619,1788870899999
1788870900000,78403.91,78403.92,78397.52,78399.99,3.33715,1788870959999
1788870960000,78400.0,78417.82,78399.99,78417.81,3.784,1788871019999
1788871020000,78417.82,78422.0,78417.81,78422.0,1.36886,1788871079999
1788871080000,78422.0,78422.0,78374.81,78377.32,17.89377,1788871139999
1788871140000,78377.32,78389.54,78376.22,78387.11,8.62336,1788871199999
1788871200000,78387.11,78387.12,78341.7,78352.16,16.19941,1788871259999
1788871260000,78352.16,78352.16,78287.43,78346.0,22.83628,1788871319999
1788871320000,78346.0,78364.0,78322.66,78358.01,11.81602,1788871379999
1788871380000,78358.01,78361.35,78317.6,78334.08,16.64349,1788871439999
1788871440000,78334.09,78334.09,78318.38,78333.99,4.56794,1788871499999
1788871500000,78334.0,78369.77,78310.24,78351.48,14.96877,1788871559999
1788871560000,78351.48,78372.0,78314.14,78327.84,16.36688,1788871619999
1788871620000,78327.85,78343.53,78297.16,78333.88,20.33204,1788871679999
1788871680000,78333.88,78333.88,78280.35,78317.97,15.82912,1788871739999
1788871740000,78317.97,78399.88,78317.96,78399.88,8.85059,1788871799999
1788871800000,78399.88,78413.82,78352.37,78386.45,27.85946,1788871859999
1788871860000,78386.44,78386.45,78314.89,78350.66,28.42781,1788871919999
1788871920000,78350.66,78374.0,78338.74,78374.0,13.89888,1788871979999
1788871980000,78373.99,78412.0,78369.0,78393.4,24.56759,1788872039999
1788872040000,78393.4,78469.14,78393.39,78469.14,20.4849,1788872099999
1788872100000,78469.14,78483.42,78390.0,78413.99,39.59441,1788872159999
1788872160000,78413.99,78445.61,78395.72,78407.99,22.07071,1788872219999
1788872220000,78408.0,78414.62,78402.0,78402.0,3.94607,1788872279999
1788872280000,78402.01,78426.0,78402.0,78409.75,13.23649,1788872339999
1788872340000,78409.75,78449.99,78409.74,78449.99,22.40936,1788872399999
1788872400000,78450.0,78456.0,78392.36,78452.01,22.28629,1788872459999
1788872460000,78452.01,78487.65,78452.0,78483.99,7.90185,1788872519999
1788872520000,78484.0,78506.3,78482.01,78505.64,10.99969,1788872579999
1788872580000,78505.65,78505.65,78488.0,78488.01,3.72322,1788872639999
1788872640000,78488.0,78492.0,78450.09,78492.0,11.59678,1788872699999
1788872700000,78492.0,78500.0,78458.01,78500.0,26.95337,1788872759999
1788872760000,78499.99,78543.74,78499.99,78526.01,10.38849,1788872819999
1788872820000,78526.01,78545.46,78494.27,78514.52,22.09068,1788872879999
1788872880000,78514.51,78516.0,78478.68,78492.33,23.56589,1788872939999
1788872940000,78492.32,78492.32,78446.91,78460.0,28.15899,1788872999999
1788873000000,78460.0,78477.85,78423.62,78477.85,10.13322,1788873059999
1788873060000,78477.84,78521.99,78472.52,78513.8,5.62624,1788873119999
1788873120000,78513.8,78513.8,78455.34,78467.95,11.09073,1788873179999
1788873180000,78467.95,78476.0,78442.01,78454.35,9.36962,1788873239999
1788873240000,78454.35,78481.99,78442.02,78472.97,20.22102,1788873299999
1788873300000,78472.98,78484.0,78450.07,78467.21,8.88217,1788873359999
1788873360000,78467.21,78467.21,78424.0,78429.63,17.29147,1788873419999
1788873420000,78429.63,78429.63,78428.0,78428.01,7.45929,1788873479999
1788873480000,78428.0,78428.01,78418.0,78428.01,5.29131,1788873539999
1788873540000,78428.01,78428.01,78400.0,78400.0,4.31718,1788873599999
1788873600000,78400.01,78417.93,78377.19,78377.19,13.75539,1788873659999
1788873660000,78377.2,78377.2,78332.0,78332.01,4.23176,1788873719999
1788873720000,78332.0,78368.0,78318.0,78358.01,11.44347,1788873779999
1788873780000,78358.0,78383.46,78354.0,78365.81,11.03958,1788873839999
1788873840000,78365.8,78365.81,78344.0,78344.01,5.2615,1788873899999
1788873900000,78344.0,78396.0,78309.23,78374.0,53.17792,1788873959999
1788873960000,78374.0,78401.04,78372.0,78391.97,4.93352,1788874019999
1788874020000,78391.96,78391.97,78362.54,78362.55,4.57359,1788874079999
1788874080000,78362.54,78366.99,78340.21,78363.22,8.64562,1788874139999
1788874140000,78363.22,78363.22,78330.8,78335.09,12.54621,1788874199999
1788874200000,78335.09,78372.0,78313.42,78360.79,37.61669,1788874259999
1788874260000,78360.79,78365.72,78196.09,78209.21,53.01687,1788874319999
1788874320000,78209.2,78267.86,78100.07,78123.89,105.32772,1788874379999
1788874380000,78123.88,78207.96,78063.46,78145.15,58.71382,1788874439999
1788874440000,78145.15,78187.15,78105.54,78118.55,46.27779,1788874499999
1788874500000,78118.55,78183.73,78082.67,78133.67,29.49403,1788874559999
1788874560000,78133.67,78163.44,78068.65,78106.72,30.31765,1788874619999
1788874620000,78106.72,78117.05,77968.43,78040.26,174.73278,1788874679999
1788874680000,78040.26,78044.16,77954.37,77965.02,33.82238,1788874739999
1788874740000,77965.01,77965.02,77844.92,77878.15,117.32027,1788874799999
1788874800000,77878.16,77895.9,77761.31,77770.67,208.43926,1788874859999
1788874860000,77770.68,77782.72,77704.2,77720.16,57.12356,1788874919999
1788874920000,77720.15,77738.26,77675.75,77712.04,144.68746,1788874979999
1788874980000,77712.03,77755.6,77690.57,77714.13,75.34465,1788875039999
1788875040000,77714.14,77848.64,77687.19,77844.27,54.07579,1788875099999
1788875100000,77844.27,77912.01,77784.06,77784.07,30.93201,1788875159999
1788875160000,77784.06,77817.99,77756.79,77780.47,24.93255,1788875219999
1788875220000,77780.48,77900.0,77773.8,77900.0,42.14843,1788875279999
1788875280000,77899.99,77942.08,77843.12,77843.13,35.66813,1788875339999
1788875340000,77843.13,77885.93,77789.75,77883.99,18.92002,1788875399999
1788875400000,77884.0,77884.0,77750.0,77750.0,17.03845,1788875459999
1788875460000,77750.0,77766.56,77673.87,77707.35,91.13844,1788875519999
1788875520000,77707.34,77722.0,77620.01,77691.4,101.61467,1788875579999
1788875580000,77691.4,77730.0,77661.51,77722.0,25.7343,1788875639999
1788875640000,77722.0,77827.6,77718.0,77827.6,35.16507,1788875699999
1788875700000,77827.6,77988.0,77818.01,77973.32,84.54874,1788875759999
1788875760000,77973.32,78000.0,77936.08,78000.0,29.79911,1788875819999
1788875820000,78000.0,78087.99,77999.99,78052.0,35.10546,1788875879999
1788875880000,78052.0,78052.0,77943.45,77947.56,39.45684,1788875939999
1788875940000,77946.0,77961.66,77890.24,77961.66,38.64348,1788875999999
1788876000000,77961.66,78034.89,77924.51,77984.01,66.48823,1788876059999
1788876060000,77984.01,78006.0,77902.0,77902.28,27.27456,1788876119999
1788876120000,77902.28,77967.99,77854.0,77967.99,42.22942,1788876179999
1788876180000,77968.0,77986.0,77920.0,77936.01,18.23884,1788876239999
1788876240000,77936.01,78024.0,77910.0,78023.99,14.61156,1788876299999
1788876300000,78024.0,78088.0,78024.0,78087.29,17.14078,1788876359999
1788876360000,78087.29,78090.0,77991.65,78032.01,18.25031,1788876419999
1788876420000,78032.0,78058.0,77974.26,78041.98,10.62616,1788876479999
1788876480000,78042.0,78109.2,78026.0,78104.4,10.05421,1788876539999
1788876540000,78104.39,78104.39,78060.0,78085.9,18.60925,1788876599999
1788876600000,78084.0,78106.0,78048.0,78103.49,7.51923,1788876659999
1788876660000,78103.49,78189.94,78090.0,78132.23,17.45825,1788876719999
1788876720000,78132.24,78176.0,78128.0,78139.48,19.89479,1788876779999
1788876780000,78139.48,78171.6,78128.0,78150.24,12.88098,1788876839999
1788876840000,78150.24,78190.0,78138.0,78151.64,14.37065,1788876899999
1788876900000,78151.63,78288.28,78151.63,78288.14,20.25788,1788876959999
1788876960000,78288.14,78288.15,78214.15,78259.99,14.20726,1788877019999
1788877020000,78259.99,78270.65,78224.0,78246.0,18.23994,1788877079999
1788877080000,78245.99,78311.61,78224.0,78311.61,26.10975,1788877139999
1788877140000,78311.6,78311.6,78262.0,78305.17,14.10358,1788877199999
1788877200000,78305.18,78354.54,78286.01,78354.54,17.96644,1788877259999
1788877260000,78354.54,78364.7,78308.84,78322.56,10.59336,1788877319999
1788877320000,78322.57,78367.61,78308.95,78366.59,6.21398,1788877379999
1788877380000,78366.59,78375.73,78331.61,78358.08,6.66052,1788877439999
1788877440000,78358.07,78371.66,78332.91,78335.34,7.7028,1788877499999
1788877500000,78335.33,78365.93,78317.42,78348.59,13.00819,1788877559999
1788877560000,78348.8,78352.08,78254.0,78255.28,11.69723,1788877619999
1788877620000,78255.97,78290.51,78255.97,78272.01,9.33504,1788877679999
1788877680000,78272.01,78308.99,78272.0,78298.01,5.90714,1788877739999
1788877740000,78298.01,78337.46,78290.01,78337.46,8.05569,1788877799999
1788877800000,78337.46,78356.1,78296.0,78304.16,8.2761,1788877859999
1788877860000,78304.17,78333.87,78288.0,78290.01,4.90758,1788877919999
1788877920000,78290.0,78292.0,78266.79,78276.0,22.69639,1788877979999
1788877980000,78276.01,78357.97,78248.0,78357.97,13.82631,1788878039999
1788878040000,78357.97,78412.03,78357.96,78382.0,11.67492,1788878099999
1788878100000,78381.99,78400.0,78338.51,78340.1,7.00221,1788878159999
1788878160000,78340.09,78374.48,78330.0,78331.43,7.93195,1788878219999
1788878220000,78331.43,78340.09,78298.0,78340.08,7.58671,1788878279999
1788878280000,78340.09,78400.0,78340.09,78399.99,10.13637,1788878339999
1788878340000,78399.99,78400.43,78346.01,78346.01,5.0859,1788878399999
1788878400000,78346.01,78346.01,78282.0,78334.14,15.34414,1788878459999
1788878460000,78334.14,78360.0,78317.15,78360.0,6.10852,1788878519999
1788878520000,78359.99,78400.0,78342.0,78358.12,9.12869,1788878579999
1788878580000,78358.13,78426.0,78358.12,78405.99,31.76088,1788878639999
1788878640000,78405.99,78432.0,78405.99,78407.73,8.80278,1788878699999
1788878700000,78407.73,78423.75,78385.26,78400.74,7.59654,1788878759999
1788878760000,78400.75,78492.33,78400.74,78468.99,15.63861,1788878819999
1788878820000,78468.99,78484.0,78459.53,78475.99,15.76155,1788878879999
1788878880000,78476.0,78549.8,78476.0,78549.79,27.06332,1788878939999
1788878940000,78549.79,78630.81,78537.68,78555.99,41.17219,1788878999999
1788879000000,78556.0,78592.44,78552.88,78583.9,11.9601,1788879059999
1788879060000,78583.9,78595.15,78542.0,78542.0,11.11579,1788879119999
1788879120000,78542.0,78542.0,78458.0,78522.0,12.98024,1788879179999
1788879180000,78522.0,78524.0,78478.39,78519.99,9.45843,1788879239999
1788879240000,78519.99,78538.81,78517.6,78521.38,5.6861,1788879299999
1788879300000,78521.38,78521.38,78490.0,78514.74,7.48498,1788879359999
1788879360000,78514.74,78553.36,78501.85,78533.21,15.08961,1788879419999
1788879420000,78533.21,78566.0,78530.6,78549.91,6.10209,1788879479999
1788879480000,78549.91,78588.57,78549.9,78560.32,12.74924,1788879539999
1788879540000,78560.31,78588.57,78560.31,78567.52,9.87167,1788879599999
1788879600000,78567.52,78588.57,78547.3,78585.44,10.32594,1788879659999
1788879660000,78585.45,78585.45,78526.51,78545.44,13.90612,1788879719999
1788879720000,78545.44,78584.0,78533.76,78578.02,7.25323,1788879779999
1788879780000,78578.02,78662.99,78568.56,78643.45,13.30867,1788879839999
1788879840000,78643.46,78643.46,78542.0,78545.99,6.4287,1788879899999
1788879900000,78546.0,78546.0,78477.32,78511.99,11.40665,1788879959999
1788879960000,78511.99,78511.99,78496.0,78504.01,5.4289,1788880019999
1788880020000,78504.01,78546.0,78504.01,78537.99,7.27715,1788880079999
1788880080000,78538.0,78565.68,78532.72,78550.01,7.83651,1788880139999
1788880140000,78550.01,78589.23,78550.01,78589.23,7.37046,1788880199999
1788880200000,78589.23,78664.0,78589.22,78596.0,8.92283,1788880259999
1788880260000,78596.01,78615.78,78578.0,78587.99,6.91847,1788880319999
1788880320000,78587.98,78639.99,78555.85,78639.98,11.81369,1788880379999
1788880380000,78639.98,78658.72,78615.97,78618.54,4.20432,1788880439999
1788880440000,78618.55,78644.96,78618.55,78644.96,4.25678,1788880499999
1788880500000,78644.96,78696.25,78644.96,78696.24,24.52456,1788880559999
1788880560000,78696.24,78708.08,78680.32,78701.06,12.94151,1788880619999
1788880620000,78701.06,78701.07,78618.34,78685.76,15.29412,1788880679999
1788880680000,78685.75,78687.31,78654.0,78654.01,8.80959,1788880739999
1788880740000,78654.01,78654.01,78610.63,78618.01,25.78232,1788880799999
1788880800000,78618.01,78631.65,78582.0,78582.0,12.12967,1788880859999
1788880860000,78582.01,78584.75,78536.0,78536.01,9.35886,1788880919999
1788880920000,78536.0,78536.01,78480.0,78504.0,6.85659,1788880979999
1788880980000,78503.99,78504.0,78488.28,78503.98,17.45652,1788881039999
1788881040000,78503.98,78541.61,78503.98,78541.6,5.78686,1788881099999
1788881100000,78541.6,78565.16,78525.9,78534.0,15.51077,1788881159999
1788881160000,78534.0,78537.39,78486.0,78486.0,5.52783,1788881219999
1788881220000,78486.0,78508.0,78480.0,78482.01,5.0961,1788881279999
1788881280000,78482.0,78510.0,78470.0,78470.01,7.88898,1788881339999
1788881340000,78470.0,78476.54,78451.39,78465.0,8.93842,1788881399999
1788881400000,78465.01,78486.0,78465.0,78467.03,3.84462,1788881459999
1788881460000,78467.03,78493.99,78456.53,78493.99,6.1239,1788881519999
1788881520000,78494.0,78503.99,78470.95,78470.96,13.78845,1788881579999
1788881580000,78470.96,78487.98,78453.52,78487.98,5.05778,1788881639999
1788881640000,78487.99,78563.47,78478.62,78545.22,20.83028,1788881699999
1788881700000,78545.22,78554.46,78540.0,78554.46,2.81332,1788881759999
1788881760000,78554.45,78620.0,78554.45,78570.01,14.50415,1788881819999
1788881820000,78570.0,78570.01,78540.0,78561.72,4.60068,1788881879999
1788881880000,78561.72,78650.0,78560.46,78640.87,18.45345,1788881939999
1788881940000,78640.87,78659.99,78622.0,78630.76,14.0411,1788881999999
1788882000000,78630.76,78633.28,78600.0,78614.82,4.82244,1788882059999
1788882060000,78614.93,78653.99,78614.93,78646.15,2.68768,1788882119999
1788882120000,78646.15,78696.0,78646.14,78685.27,9.33346,1788882179999
1788882180000,78685.28,78725.86,78685.27,78706.58,9.85223,1788882239999
1788882240000,78706.57,78770.0,78706.57,78721.54,19.31511,1788882299999
1788882300000,78721.55,78762.17,78688.01,78688.01,12.93651,1788882359999
1788882360000,78688.0,78718.5,78682.0,78718.5,8.39571,1788882419999
1788882420000,78718.49,78728.44,78700.0,78726.29,4.09777,1788882479999
1788882480000,78726.3,78797.15,78717.61,78740.57,22.91333,1788882539999
1788882540000,78740.58,78782.0,78736.43,78778.73,2.68186,1788882599999
1788882600000,78778.73,78781.98,78753.7,78760.01,5.54356,1788882659999
1788882660000,78760.0,78864.83,78760.0,78864.82,42.31214,1788882719999
1788882720000,78864.82,78874.64,78810.47,78810.48,16.17087,1788882779999
1788882780000,78810.48,78824.32,78762.0,78798.01,47.03809,1788882839999
1788882840000,78798.01,78850.0,78788.0,78840.42,9.66207,1788882899999
1788882900000,78840.43,78871.85,78820.65,78860.69,5.61835,1788882959999
1788882960000,78860.69,78867.99,78852.1,78867.99,4.35319,1788883019999
1788883020000,78868.0,78900.0,78861.92,78900.0,9.18549,1788883079999
1788883080000,78900.0,78910.88,78845.91,78867.26,13.2904,1788883139999
1788883140000,78867.26,78904.0,78865.92,78904.0,5.73396,1788883199999
1788883200000,78904.0,78908.0,78820.0,78820.01,8.86198,1788883259999
1788883260000,78820.01,78820.01,78750.0,78750.0,10.5383,1788883319999
1788883320000,78750.01,78799.69,78750.01,78780.0,14.27119,1788883379999
1788883380000,78780.01,78801.15,78780.01,78801.15,2.48385,1788883439999
1788883440000,78801.14,78834.0,78794.74,78832.73,3.7856,1788883499999
1788883500000,78832.72,78832.72,78776.0,78803.83,5.4555,1788883559999
1788883560000,78803.82,78834.0,78772.0,78815.28,8.48912,1788883619999
1788883620000,78815.27,78815.28,78778.0,78800.32,6.84512,1788883679999
1788883680000,78800.33,78803.54,78776.0,78776.6,3.31871,1788883739999
1788883740000,78776.61,78776.61,78728.34,78728.34,7.02013,1788883799999
1788883800000,78728.33,78728.34,78700.0,78700.0,2.99428,1788883859999
1788883860000,78700.0,78700.01,78662.42,78662.43,4.00556,1788883919999
1788883920000,78662.42,78662.43,78645.91,78647.67,4.996,1788883979999
1788883980000,78647.67,78647.67,78634.13,78640.57,4.23034,1788884039999
1788884040000,78640.57,78657.5,78640.56,78648.82,3.09521,1788884099999
1788884100000,78648.82,78659.73,78612.0,78612.0,4.84918,1788884159999
1788884160000,78612.0,78612.01,78581.33,78588.01,2.74699,1788884219999
1788884220000,78588.01,78625.92,78588.01,78622.0,2.663,1788884279999
1788884280000,78622.01,78677.9,78622.0,78644.46,6.24772,1788884339999
1788884340000,78644.47,78660.0,78632.0,78632.01,2.43583,1788884399999
1788884400000,78632.01,78632.01,78594.0,78594.01,1.73032,1788884459999
1788884460000,78594.0,78646.0,78582.0,78646.0,4.04922,1788884519999
1788884520000,78646.0,78671.59,78646.0,78647.93,8.85758,1788884579999
1788884580000,78647.93,78647.93,78612.0,78613.57,6.5578,1788884639999
1788884640000,78613.58,78629.99,78606.0,78629.99,3.83381,1788884699999
1788884700000,78629.99,78682.0,78629.99,78682.0,7.60941,1788884759999
1788884760000,78682.0,78682.0,78676.0,78676.01,2.02681,1788884819999
1788884820000,78676.01,78682.0,78660.0,78660.0,4.16847,1788884879999
1788884880000,78660.01,78666.0,78655.7,78665.98,3.8665,1788884939999
1788884940000,78665.99,78665.99,78627.16,78633.98,3.7939,1788884999999
1788885000000,78633.98,78641.52,78624.01,78624.01,2.61673,1788885059999
1788885060000,78624.0,78662.0,78624.0,78662.0,2.34022,1788885119999
1788885120000,78662.0,78684.0,78661.99,78680.22,5.40337,1788885179999
1788885180000,78680.22,78708.0,78680.21,78708.0,1.65103,1788885239999
1788885240000,78708.0,78708.0,78658.53,78658.54,3.26138,1788885299999
1788885300000,78658.54,78705.98,78652.0,78705.98,2.22151,1788885359999
1788885360000,78705.98,78725.76,78702.0,78702.0,6.61466,1788885419999
1788885420000,78702.0,78794.0,78702.0,78793.99,6.85026,1788885479999
1788885480000,78793.99,78824.0,78780.0,78823.99,6.65941,1788885539999
1788885540000,78823.99,78880.0,78823.99,78880.0,10.76321,1788885599999
1788885600000,78880.0,78978.39,78879.99,78950.2,16.33762,1788885659999
1788885660000,78950.19,78950.2,78888.23,78896.0,7.13022,1788885719999
1788885720000,78896.0,78897.72,78870.0,78874.0,6.82311,1788885779999
1788885780000,78874.0,78874.0,78826.0,78826.01,13.02683,1788885839999
1788885840000,78826.0,78826.01,78796.0,78796.0,7.11463,1788885899999
1788885900000,78796.01,78826.0,78778.0,78778.0,3.72245,1788885959999
1788885960000,78778.01,78809.91,78778.0,78792.01,2.63153,1788886019999
1788886020000,78792.01,78836.0,78792.0,78826.01,9.44986,1788886079999
1788886080000,78826.0,78826.01,78818.03,78818.04,1.52772,1788886139999
1788886140000,78818.04,78824.0,78804.0,78819.24,3.32193,1788886199999
1788886200000,78819.23,78878.0,78805.21,78856.01,5.50524,1788886259999
1788886260000,78856.01,78856.01,78824.0,78854.92,4.02775,1788886319999
1788886320000,78854.92,78854.92,78782.0,78792.01,13.97199,1788886379999
1788886380000,78792.01,78792.01,78748.32,78787.62,4.44602,1788886439999
1788886440000,78787.63,78824.0,78787.62,78788.01,5.29691,1788886499999
1788886500000,78788.0,78788.0,78748.0,78756.01,3.76527,1788886559999
1788886560000,78756.0,78756.0,78654.0,78699.32,19.49477,1788886619999
1788886620000,78699.32,78710.0,78699.31,78710.0,0.74497,1788886679999
1788886680000,78710.0,78738.0,78709.99,78738.0,2.25257,1788886739999
1788886740000,78738.0,78739.12,78698.49,78735.89,5.00758,1788886799999
1788886800000,78735.88,78779.01,78735.88,78779.01,2.74452,1788886859999
1788886860000,78779.01,78820.0,78768.0,78820.0,16.41301,1788886919999
1788886920000,78820.0,78857.45,78819.99,78840.01,8.96396,1788886979999
1788886980000,78840.01,78840.01,78807.2,78830.0,3.28457,1788887039999
1788887040000,78830.0,78857.13,78830.0,78840.01,3.71458,1788887099999
1788887100000,78840.0,78840.01,78800.0,78800.01,2.6188,1788887159999
1788887160000,78800.0,78892.0,78774.0,78891.99,17.69909,1788887219999
1788887220000,78891.99,78892.0,78832.82,78832.82,14.02636,1788887279999
1788887280000,78832.82,78832.83,78732.0,78738.0,9.96832,1788887339999
1788887340000,78737.99,78744.0,78710.0,78710.01,5.54327,1788887399999
1788887400000,78710.01,78710.01,78676.52,78679.99,4.37,1788887459999
1788887460000,78680.0,78710.0,78668.0,78710.0,3.77914,1788887519999
1788887520000,78710.0,78724.37,78708.0,78708.0,1.83777,1788887579999
1788887580000,78708.01,78726.0,78708.01,78715.01,2.47786,1788887639999
1788887640000,78715.02,78715.02,78686.0,78709.94,3.81421,1788887699999
1788887700000,78709.93,78718.0,78676.0,78676.01,4.38181,1788887759999
1788887760000,78676.01,78697.25,78676.01,78697.24,2.33768,1788887819999
1788887820000,78697.24,78697.25,78680.0,78690.0,2.05692,1788887879999
1788887880000,78690.01,78690.01,78648.37,78648.37,5.4379,1788887939999
1788887940000,78648.37,78648.37,78629.44,78640.01,5.70177,1788887999999
1788888000000,78640.0,78640.0,78608.96,78608.97,6.07062,1788888059999
1788888060000,78608.97,78611.99,78607.19,78611.08,2.10988,1788888119999
1788888120000,78611.08,78616.0,78600.0,78607.91,5.0183,1788888179999
1788888180000,78607.91,78616.0,78600.0,78600.0,3.09201,1788888239999
1788888240000,78600.0,78600.0,78585.38,78588.0,3.02593,1788888299999
1788888300000,78587.99,78588.0,78550.22,78550.22,2.69925,1788888359999
1788888360000,78550.22,78550.23,78550.21,78550.22,6.65045,1788888419999
1788888420000,78550.21,78558.0,78550.21,78558.0,7.44267,1788888479999
1788888480000,78557.99,78598.98,78557.99,78596.39,3.59426,1788888539999
1788888540000,78596.39,78596.39,78592.95,78594.96,5.47743,1788888599999
1788888600000,78594.96,78625.07,78594.0,78622.17,11.9038,1788888659999
1788888660000,78622.16,78622.16,78563.19,78577.71,4.41474,1788888719999
1788888720000,78577.7,78577.71,78560.0,78560.0,1.82704,1788888779999
1788888780000,78560.01,78596.0,78560.0,78596.0,17.94927,1788888839999
1788888840000,78595.99,78630.0,78590.23,78630.0,5.066,1788888899999
1788888900000,78630.0,78668.0,78628.85,78640.01,16.66987,1788888959999
1788888960000,78640.0,78640.0,78634.49,78634.49,2.95847,1788889019999
1788889020000,78634.5,78651.17,78634.49,78648.01,5.76049,1788889079999
1788889080000,78648.01,78662.99,78619.71,78629.91,10.62714,1788889139999
1788889140000,78629.9,78629.91,78592.0,78592.01,6.80121,1788889199999
1788889200000,78592.0,78592.01,78569.02,78569.02,1.58797,1788889259999
1788889260000,78569.02,78594.0,78566.0,78594.0,5.24483,1788889319999
1788889320000,78593.99,78594.0,78574.0,78574.01,1.28125,1788889379999
1788889380000,78574.0,78576.0,78572.87,78574.42,2.31538,1788889439999
1788889440000,78574.42,78574.43,78535.59,78535.6,5.12713,1788889499999
1788889500000,78535.59,78573.3,78529.41,78570.0,4.30438,1788889559999
1788889560000,78570.0,78573.74,78562.0,78573.73,2.71295,1788889619999
1788889620000,78573.74,78573.74,78546.0,78551.93,4.32235,1788889679999
1788889680000,78551.93,78551.93,78520.85,78520.85,2.46162,1788889739999
1788889740000,78520.85,78524.0,78500.0,78522.47,14.3967,1788889799999
1788889800000,78522.47,78559.99,78522.47,78542.0,4.07622,1788889859999
1788889860000,78542.01,78596.0,78542.0,78583.07,11.13921,1788889919999
1788889920000,78583.07,78626.0,78583.06,78626.0,10.43291,1788889979999
1788889980000,78625.99,78632.0,78594.85,78631.99,14.05841,1788890039999
1788890040000,78632.0,78652.0,78593.5,78599.22,19.85376,1788890099999
1788890100000,78599.22,78603.87,78588.0,78600.1,3.54952,1788890159999
1788890160000,78600.09,78600.1,78570.83,78570.83,2.85816,1788890219999
1788890220000,78570.83,78570.84,78552.0,78560.0,4.98104,1788890279999
1788890280000,78560.0,78560.0,78522.99,78522.99,5.13881,1788890339999
1788890340000,78522.99,78522.99,78500.0,78504.38,6.66154,1788890399999
1788890400000,78504.38,78554.0,78500.0,78553.99,19.90825,1788890459999
1788890460000,78554.0,78574.84,78553.99,78574.84,3.25186,1788890519999
1788890520000,78574.84,78574.85,78560.0,78560.01,3.55323,1788890579999
1788890580000,78560.0,78560.01,78519.5,78519.5,2.49863,1788890639999
1788890640000,78519.5,78536.01,78519.5,78536.01,2.06537,1788890699999
1788890700000,78536.0,78582.0,78536.0,78581.99,3.44071,1788890759999
1788890760000,78582.0,78621.59,78582.0,78621.59,2.92503,1788890819999
1788890820000,78621.66,78664.0,78621.66,78637.68,23.36348,1788890879999
1788890880000,78637.69,78667.2,78637.69,78667.2,5.20887,1788890939999
1788890940000,78667.21,78675.21,78664.75,78675.21,5.92069,1788890999999
1788891000000,78675.2,78711.94,78675.2,78711.93,2.48058,1788891059999
1788891060000,78711.93,78724.99,78676.0,78676.0,4.56623,1788891119999
1788891120000,78676.01,78676.01,78649.32,78652.24,4.30762,1788891179999
1788891180000,78652.24,78668.24,78652.24,78668.23,2.88229,1788891239999
1788891240000,78668.23,78678.0,78666.97,78676.01,1.83991,1788891299999
1788891300000,78676.0,78694.0,78676.0,78684.0,3.02128,1788891359999
1788891360000,78684.0,78734.0,78684.0,78734.0,3.17381,1788891419999
1788891420000,78733.99,78740.66,78730.0,78740.66,1.61755,1788891479999
1788891480000,78740.65,78756.0,78740.65,78742.87,4.2562,1788891539999
1788891540000,78742.88,78764.0,78738.0,78762.73,2.58029,1788891599999
1788891600000,78762.72,78777.99,78762.72,78771.99,2.80938,1788891659999
1788891660000,78772.0,78794.0,78756.0,78756.0,2.59793,1788891719999
1788891720000,78756.01,78784.0,78756.01,78760.81,2.8114,1788891779999
1788891780000,78760.8,78790.0,78760.8,78780.01,1.92021,1788891839999
1788891840000,78780.01,78822.47,78774.0,78794.0,4.23343,1788891899999
1788891900000,78794.01,78794.01,78758.0,78758.01,3.09573,1788891959999
1788891960000,78758.0,78758.0,78726.97,78726.98,1.66784,1788892019999
1788892020000,78726.98,78729.98,78724.0,78725.65,2.21796,1788892079999
1788892080000,78725.64,78730.0,78723.97,78726.0,0.88909,1788892139999
1788892140000,78726.0,78732.0,78726.0,78731.99,0.68211,1788892199999
1788892200000,78732.0,78744.0,78720.0,78731.99,2.82451,1788892259999
1788892260000,78731.99,78763.99,78731.99,78763.99,1.48994,1788892319999
1788892320000,78763.99,78769.99,78754.0,78769.99,2.19992,1788892379999
1788892380000,78770.0,78772.0,78736.8,78739.58,12.57146,1788892439999
1788892440000,78739.57,78742.0,78728.01,78728.01,4.3652,1788892499999
1788892500000,78728.0,78728.0,78656.0,78656.01,3.45401,1788892559999
1788892560000,78656.01,78672.0,78643.98,78662.01,4.11964,1788892619999
1788892620000,78662.0,78662.0,78626.0,78626.0,2.07661,1788892679999
1788892680000,78626.01,78626.01,78613.07,78620.0,1.33066,1788892739999
1788892740000,78620.0,78620.0,78600.01,78600.01,8.58961,1788892799999
1788892800000,78600.01,78609.63,78586.0,78609.63,8.83119,1788892859999
1788892860000,78609.63,78612.0,78588.0,78588.01,2.22111,1788892919999
1788892920000,78588.01,78606.0,78586.0,78592.44,2.81955,1788892979999
1788892980000,78592.45,78610.0,78592.44,78609.99,2.54414,1788893039999
1788893040000,78610.0,78612.0,78608.21,78608.21,1.30767,1788893099999
1788893100000,78608.22,78630.0,78608.22,78629.99,2.03973,1788893159999
1788893160000,78629.99,78656.0,78624.0,78655.99,2.23735,1788893219999
1788893220000,78656.0,78656.0,78538.14,78539.96,12.9046,1788893279999
1788893280000,78539.7,78539.7,78352.0,78369.5,24.60968,1788893339999
1788893340000,78369.5,78385.41,78324.03,78340.43,21.73002,1788893399999
1788893400000,78340.42,78440.0,78337.93,78407.51,4.80037,1788893459999
1788893460000,78407.51,78440.0,78366.94,78371.79,4.47892,1788893519999
1788893520000,78371.78,78371.78,78293.48,78293.48,7.59194,1788893579999
1788893580000,78293.48,78409.87,78271.49,78409.87,6.53484,1788893639999
1788893640000,78409.87,78413.99,78372.39,78378.23,7.60898,1788893699999
1788893700000,78378.22,78391.54,78371.31,78391.54,12.6698,1788893759999
1788893760000,78391.54,78420.0,78372.9,78384.26,4.48377,1788893819999
1788893820000,78384.27,78409.68,78384.26,78409.67,2.22075,1788893879999
1788893880000,78409.67,78441.99,78397.23,78441.99,3.81091,1788893939999
1788893940000,78442.0,78460.0,78436.0,78436.0,6.4251,1788893999999
1788894000000,78436.01,78474.0,78430.0,78430.01,4.55752,1788894059999
1788894060000,78430.01,78446.0,78400.0,78446.0,4.61761,1788894119999
1788894120000,78446.0,78491.99,78445.99,78491.99,2.40819,1788894179999
1788894180000,78492.0,78520.0,78492.0,78520.0,2.05049,1788894239999
1788894240000,78520.0,78520.0,78494.0,78512.0,5.79049,1788894299999
1788894300000,78511.99,78517.61,78480.0,78484.01,4.82148,1788894359999
1788894360000,78484.01,78500.0,78466.0,78468.0,7.06284,1788894419999
1788894420000,78468.01,78468.01,78428.0,78444.0,4.93884,1788894479999
1788894480000,78443.99,78454.0,78440.0,78454.0,1.96972,1788894539999
1788894540000,78453.99,78460.0,78452.0,78459.99,3.43806,1788894599999
1788894600000,78460.0,78474.0,78434.44,78464.01,8.00951,1788894659999
1788894660000,78464.0,78470.0,78438.01,78459.99,9.87851,1788894719999
1788894720000,78459.99,78482.0,78456.0,78481.99,2.12517,1788894779999
1788894780000,78482.0,78482.0,78442.0,78482.0,6.2149,1788894839999
1788894840000,78482.0,78483.99,78465.64,78468.0,9.52012,1788894899999
1788894900000,78468.0,78512.0,78467.99,78502.0,7.542,1788894959999
1788894960000,78502.0,78528.0,78502.0,78519.73,3.38074,1788895019999
1788895020000,78519.73,78519.73,78440.0,78440.0,9.3673,1788895079999
1788895080000,78440.01,78470.0,78440.0,78469.99,4.77421,1788895139999
1788895140000,78470.0,78474.0,78448.57,78448.57,3.67125,1788895199999
1788895200000,78448.57,78448.58,78438.0,78442.0,3.20231,1788895259999
1788895260000,78442.0,78444.0,78438.0,78444.0,2.37557,1788895319999
1788895320000,78443.99,78444.0,78350.0,78411.99,17.54855,1788895379999
1788895380000,78412.0,78441.58,78411.99,78441.58,2.58659,1788895439999
1788895440000,78441.58,78448.0,78400.5,78400.5,4.52281,1788895499999
1788895500000,78400.5,78400.51,78362.29,78391.43,4.83864,1788895559999
1788895560000,78391.42,78393.95,78368.45,78392.32,9.08131,1788895619999
1788895620000,78392.32,78452.0,78392.31,78439.99,24.37941,1788895679999
1788895680000,78440.0,78468.46,78439.99,78468.46,5.56465,1788895739999
1788895740000,78468.45,78484.0,78458.0,78474.0,6.408,1788895799999
1788895800000,78473.99,78485.64,78444.01,78477.99,6.79747,1788895859999
1788895860000,78478.0,78521.28,78462.17,78473.99,10.93872,1788895919999
1788895920000,78473.99,78489.21,78459.03,78459.03,7.09859,1788895979999
1788895980000,78459.03,78459.03,78363.38,78363.38,5.274,1788896039999
1788896040000,78363.37,78454.0,78340.9,78454.0,23.59962,1788896099999
1788896100000,78454.0,78454.0,78432.0,78440.43,3.66449,1788896159999
1788896160000,78440.43,78444.0,78418.0,78418.0,5.91363,1788896219999
1788896220000,78418.0,78463.99,78418.0,78463.99,4.97762,1788896279999
1788896280000,78464.0,78487.09,78461.16,78465.99,10.62162,1788896339999
1788896340000,78466.0,78466.0,78452.0,78465.99,5.32957,1788896399999
1788896400000,78466.0,78521.06,78452.0,78456.0,29.5647,1788896459999
1788896460000,78456.01,78456.01,78436.0,78446.74,7.32729,1788896519999
1788896520000,78446.74,78446.74,78446.73,78446.74,1.4381,1788896579999
1788896580000,78446.74,78459.58,78416.0,78416.01,5.41697,1788896639999
1788896640000,78416.0,78428.0,78416.0,78420.5,4.03945,1788896699999
1788896700000,78420.5,78420.5,78383.63,78403.13,6.33931,1788896759999
1788896760000,78403.12,78407.14,78372.58,78381.02,7.72303,1788896819999
1788896820000,78381.03,78389.54,78364.64,78389.54,3.41764,1788896879999
1788896880000,78389.54,78406.83,78332.0,78406.83,19.61803,1788896939999
1788896940000,78406.82,78416.0,78384.01,78416.0,6.45055,1788896999999
1788897000000,78415.99,78415.99,78325.39,78334.0,22.65543,1788897059999
1788897060000,78334.0,78364.0,78326.0,78356.01,7.20153,1788897119999
1788897120000,78356.0,78363.95,78341.77,78341.78,6.60267,1788897179999
1788897180000,78341.78,78374.0,78341.77,78362.73,8.74443,1788897239999
1788897240000,78362.73,78362.73,78346.0,78349.98,5.62181,1788897299999
1788897300000,78349.99,78360.0,78333.18,78349.99,9.35127,1788897359999
1788897360000,78349.99,78352.0,78332.0,78349.99,11.19501,1788897419999
1788897420000,78349.99,78366.0,78346.11,78346.12,8.09219,1788897479999
1788897480000,78346.12,78376.0,78346.12,78370.01,7.89058,1788897539999
1788897540000,78370.01,78446.0,78361.3,78446.0,7.72622,1788897599999
1788897600000,78445.99,78462.0,78442.0,78462.0,12.32135,1788897659999
1788897660000,78461.99,78478.0,78461.99,78474.0,5.46431,1788897719999
1788897720000,78474.0,78474.01,78454.51,78467.99,4.89769,1788897779999
1788897780000,78468.0,78498.0,78464.0,78477.01,5.65978,1788897839999
1788897840000,78477.01,78477.01,78410.05,78469.99,6.13526,1788897899999
1788897900000,78470.0,78482.0,78470.0,78481.99,1.37341,1788897959999
1788897960000,78481.99,78534.0,78481.99,78514.0,8.07454,1788898019999
1788898020000,78514.0,78520.0,78504.0,78520.0,2.93747,1788898079999
1788898080000,78520.0,78526.0,78520.0,78525.61,0.85552,1788898139999
1788898140000,78525.6,78529.86,78525.6,78528.37,1.21135,1788898199999
1788898200000,78528.37,78557.99,78528.36,78557.99,10.40435,1788898259999
1788898260000,78558.0,78621.77,78557.99,78598.42,6.26658,1788898319999
1788898320000,78598.42,78611.65,78562.02,78602.0,7.43099,1788898379999
1788898380000,78602.0,78606.0,78570.0,78570.01,5.97115,1788898439999
1788898440000,78570.0,78610.0,78570.0,78610.0,3.15508,1788898499999
1788898500000,78610.0,78614.0,78550.0,78550.01,2.8496,1788898559999
1788898560000,78550.0,78550.0,78522.0,78543.61,3.41349,1788898619999
1788898620000,78543.61,78570.0,78543.61,78546.0,14.6138,1788898679999
1788898680000,78546.01,78551.16,78524.0,78524.01,1.75439,1788898739999
1788898740000,78524.0,78530.0,78520.49,78520.49,1.5623,1788898799999
1788898800000,78520.5,78534.69,78478.0,78478.0,5.71064,1788898859999
1788898860000,78478.01,78487.3,78478.0,78487.3,0.9254,1788898919999
1788898920000,78487.29,78521.59,78487.29,78521.58,2.86875,1788898979999
1788898980000,78521.59,78536.0,78492.47,78492.48,4.27194,1788899039999
1788899040000,78492.48,78497.84,78458.0,78497.83,12.61462,1788899099999
1788899100000,78497.84,78518.0,78497.83,78518.0,2.68528,1788899159999
1788899160000,78518.0,78518.0,78509.99,78514.0,1.74486,1788899219999
1788899220000,78514.0,78543.51,78513.99,78543.51,5.31007,1788899279999
1788899280000,78543.5,78577.83,78528.7,78577.83,14.34706,1788899339999
1788899340000,78577.82,78592.0,78577.82,78583.18,7.57224,1788899399999
1788899400000,78583.17,78583.18,78530.0,78536.0,12.20676,1788899459999
1788899460000,78536.0,78536.0,78498.0,78517.99,3.22449,1788899519999
1788899520000,78517.99,78529.69,78492.0,78492.01,4.07745,1788899579999
1788899580000,78492.0,78492.01,78433.13,78447.52,3.43115,1788899639999
1788899640000,78447.53,78466.0,78433.13,78435.99,3.63171,1788899699999
1788899700000,78436.0,78441.77,78419.61,78425.99,2.47286,1788899759999
1788899760000,78426.0,78481.99,78425.99,78481.99,3.06615,1788899819999
1788899820000,78482.0,78516.0,78482.0,78496.01,3.39911,1788899879999
1788899880000,78496.0,78538.0,78496.0,78538.0,2.15888,1788899939999
1788899940000,78538.0,78545.84,78534.0,78534.01,2.0589,1788899999999
1788900000000,78534.01,78534.01,78497.12,78497.12,4.55496,1788900059999
1788900060000,78497.13,78497.14,78480.94,78497.14,3.33828,1788900119999
1788900120000,78497.14,78520.0,78492.0,78520.0,2.94296,1788900179999
1788900180000,78519.99,78557.99,78519.99,78540.01,3.96515,1788900239999
1788900240000,78540.0,78540.0,78526.0,78526.01,2.01896,1788900299999
1788900300000,78526.0,78535.51,78501.02,78535.51,4.28155,1788900359999
1788900360000,78535.51,78548.0,78532.0,78548.0,1.58683,1788900419999
1788900420000,78548.0,78550.0,78546.0,78546.0,1.11476,1788900479999
1788900480000,78546.0,78546.01,78534.0,78534.0,1.38553,1788900539999
1788900540000,78534.01,78534.01,78498.01,78498.05,4.54219,1788900599999
1788900600000,78498.05,78534.0,78498.05,78518.01,5.88798,1788900659999
1788900660000,78518.01,78534.0,78518.0,78533.99,1.4494,1788900719999
1788900720000,78534.0,78557.52,78530.66,78557.52,2.46826,1788900779999
1788900780000,78557.51,78563.5,78550.56,78558.0,2.40303,1788900839999
1788900840000,78558.0,78558.0,78478.0,78478.01,5.97763,1788900899999
1788900900000,78478.01,78504.0,78474.0,78503.99,4.39843,1788900959999
1788900960000,78504.0,78513.57,78494.0,78512.14,5.21817,1788901019999
1788901020000,78512.14,78520.0,78500.38,78504.97,6.72506,1788901079999
1788901080000,78504.98,78522.26,78504.97,78507.32,7.0353,1788901139999
1788901140000,78507.33,78507.55,78476.1,78487.99,11.46464,1788901199999
1788901200000,78487.99,78502.82,78487.99,78492.0,9.96052,1788901259999
1788901260000,78492.0,78492.01,78471.35,78483.99,8.5382,1788901319999
1788901320000,78483.99,78576.01,78483.99,78576.0,17.41674,1788901379999
1788901380000,78576.0,78581.33,78522.0,78522.01,12.72124,1788901439999
1788901440000,78522.0,78522.53,78512.0,78514.0,4.90549,1788901499999
1788901500000,78514.0,78522.53,78514.0,78515.99,1.2112,1788901559999
1788901560000,78516.0,78544.0,78515.99,78544.0,4.28209,1788901619999
1788901620000,78543.99,78558.47,78543.99,78552.13,7.90644,1788901679999
1788901680000,78552.13,78552.14,78540.0,78540.0,1.53741,1788901739999
1788901740000,78540.0,78549.43,78540.0,78549.43,2.76251,1788901799999
1788901800000,78549.43,78568.35,78549.42,78568.34,3.79754,1788901859999
1788901860000,78568.34,78568.35,78567.4,78567.41,2.62928,1788901919999
1788901920000,78567.4,78567.41,78565.27,78565.27,1.51866,1788901979999
1788901980000,78565.27,78565.28,78549.34,78549.35,3.15602,1788902039999
1788902040000,78549.35,78555.78,78549.34,78555.77,1.60995,1788902099999
1788902100000,78555.78,78572.0,78555.78,78572.0,1.30308,1788902159999
1788902160000,78571.99,78576.04,78571.99,78576.04,0.64834,1788902219999
1788902220000,78576.04,78576.04,78552.0,78552.0,2.22541,1788902279999
1788902280000,78552.0,78552.01,78530.0,78534.0,1.09944,1788902339999
1788902340000,78533.99,78540.0,78533.99,78536.0,0.79295,1788902399999
1788902400000,78536.01,78549.35,78536.0,78542.01,2.57058,1788902459999
1788902460000,78542.01,78542.01,78512.0,78512.0,3.11737,1788902519999
1788902520000,78512.01,78526.92,78512.0,78526.92,1.62,1788902579999
1788902580000,78526.92,78571.2,78518.35,78549.81,9.78277,1788902639999
1788902640000,78549.8,78549.81,78522.56,78522.57,3.69853,1788902699999
1788902700000,78522.56,78546.01,78522.56,78546.01,6.61826,1788902759999
1788902760000,78546.01,78577.9,78546.01,78577.89,2.66825,1788902819999
1788902820000,78577.9,78596.18,78571.99,78596.17,4.218,1788902879999
1788902880000,78596.18,78623.21,78546.0,78552.0,21.15018,1788902939999
1788902940000,78552.0,78556.0,78528.82,78542.36,7.52362,1788902999999
1788903000000,78542.36,78554.0,78542.35,78553.99,2.03551,1788903059999
1788903060000,78553.99,78554.0,78543.0,78543.0,2.86888,1788903119999
1788903120000,78543.0,78543.01,78508.0,78508.01,13.7607,1788903179999
1788903180000,78508.01,78525.99,78482.49,78525.98,20.18602,1788903239999
1788903240000,78525.98,78525.99,78525.06,78525.06,1.29518,1788903299999
1788903300000,78525.07,78534.0,78478.4,78478.4,5.61232,1788903359999
1788903360000,78478.41,78490.0,78478.4,78490.0,2.14576,1788903419999
1788903420000,78489.99,78490.0,78480.92,78487.99,3.41428,1788903479999
1788903480000,78488.0,78529.99,78488.0,78504.0,12.0535,1788903539999
1788903540000,78504.01,78526.0,78496.98,78524.0,32.22511,1788903599999
1788903600000,78523.99,78523.99,78446.0,78477.99,21.90789,1788903659999
1788903660000,78477.99,78504.0,78477.99,78504.0,1.54385,1788903719999
1788903720000,78503.99,78530.94,78500.0,78530.93,2.75239,1788903779999
1788903780000,78530.94,78565.58,78524.03,78556.94,2.96534,1788903839999
1788903840000,78556.61,78559.99,78523.96,78523.97,20.55664,1788903899999
1788903900000,78523.96,78530.0,78521.61,78521.61,1.77486,1788903959999
1788903960000,78521.62,78529.54,78516.18,78516.18,1.01173,1788904019999
1788904020000,78516.19,78520.0,78514.35,78519.99,1.82275,1788904079999
1788904080000,78520.0,78534.0,78518.0,78525.99,3.13033,1788904139999
1788904140000,78525.99,78525.99,78506.39,78510.7,4.33078,1788904199999
1788904200000,78510.7,78510.7,78444.1,78444.1,12.65427,1788904259999
1788904260000,78444.1,78444.11,78444.1,78444.11,0.91486,1788904319999
1788904320000,78444.11,78444.11,78439.0,78439.0,1.93614,1788904379999
1788904380000,78439.01,78445.51,78408.02,78414.01,7.75649,1788904439999
1788904440000,78414.01,78436.0,78406.0,78436.0,3.85886,1788904499999
1788904500000,78436.0,78455.34,78435.99,78455.34,1.26747,1788904559999
1788904560000,78455.35,78461.44,78455.34,78461.44,1.5364,1788904619999
1788904620000,78461.43,78465.62,78452.65,78452.66,2.49268,1788904679999
1788904680000,78452.65,78470.25,78452.65,78470.25,2.00107,1788904739999
1788904740000,78470.25,78492.19,78470.25,78492.18,1.51967,1788904799999
1788904800000,78492.19,78542.0,78490.18,78541.99,7.83103,1788904859999
1788904860000,78542.0,78580.35,78542.0,78580.35,3.66375,1788904919999
1788904920000,78580.34,78624.42,78580.34,78624.42,5.86908,1788904979999
1788904980000,78624.42,78662.75,78610.0,78627.39,11.49516,1788905039999
1788905040000,78627.39,78627.39,78579.0,78579.01,3.49191,1788905099999
1788905100000,78579.0,78595.84,78576.0,78588.38,5.38075,1788905159999
1788905160000,78588.37,78588.37,78542.0,78548.0,2.94752,1788905219999
1788905220000,78547.99,78548.0,78524.0,78524.0,1.45249,1788905279999
1788905280000,78524.0,78524.01,78470.01,78470.01,2.7763,1788905339999
1788905340000,78470.0,78490.0,78458.0,78488.73,4.51766,1788905399999
1788905400000,78488.73,78502.86,78476.0,78498.0,6.78375,1788905459999
1788905460000,78498.0,78498.0,78486.0,78486.01,1.15227,1788905519999
1788905520000,78486.01,78488.0,78484.0,78484.01,1.36601,1788905579999
1788905580000,78484.01,78491.77,78484.0,78491.76,1.14826,1788905639999
1788905640000,78491.77,78506.0,78476.0,78505.99,6.23906,1788905699999
1788905700000,78505.99,78535.5,78492.58,78494.0,20.631,1788905759999
1788905760000,78494.0,78494.01,78480.0,78490.0,1.52347,1788905819999
1788905820000,78489.99,78500.0,78486.0,78486.0,2.81559,1788905879999
1788905880000,78486.01,78486.01,78486.0,78486.0,0.26515,1788905939999
1788905940000,78486.01,78486.01,78474.0,78474.0,0.98104,1788905999999
1788906000000,78474.0,78498.59,78474.0,78498.29,6.24151,1788906059999
1788906060000,78498.29,78581.99,78498.28,78571.99,12.91278,1788906119999
1788906120000,78572.0,78572.0,78546.0,78552.01,3.48303,1788906179999
1788906180000,78552.0,78562.0,78544.0,78562.0,3.03205,1788906239999
1788906240000,78562.0,78562.0,78561.99,78562.0,0.33368,1788906299999
1788906300000,78561.99,78562.0,78522.0,78522.01,3.23673,1788906359999
1788906360000,78522.01,78522.01,78522.0,78522.0,0.257,1788906419999
1788906420000,78522.01,78528.0,78522.0,78527.99,1.53802,1788906479999
1788906480000,78527.99,78528.0,78510.0,78510.01,2.28312,1788906539999
1788906540000,78510.01,78510.01,78504.55,78504.56,1.23202,1788906599999
1788906600000,78504.56,78504.56,78492.0,78492.01,1.10775,1788906659999
1788906660000,78492.0,78492.01,78476.0,78491.97,2.64515,1788906719999
1788906720000,78491.97,78506.0,78491.96,78500.01,1.40677,1788906779999
1788906780000,78500.0,78500.01,78491.13,78491.14,1.21966,1788906839999
1788906840000,78491.14,78491.14,78490.0,78490.01,0.81284,1788906899999
1788906900000,78490.01,78490.01,78470.0,78470.01,2.82844,1788906959999
1788906960000,78470.01,78490.0,78468.69,78490.0,1.33868,1788907019999
1788907020000,78490.0,78512.0,78489.99,78508.23,2.07633,1788907079999
1788907080000,78508.23,78508.23,78488.0,78488.01,1.38482,1788907139999
1788907140000,78488.0,78500.01,78488.0,78500.0,10.32891,1788907199999
1788907200000,78500.01,78500.01,78484.41,78488.0,85.02012,1788907259999
1788907260000,78488.0,78510.0,78484.0,78510.0,20.68475,1788907319999
1788907320000,78509.99,78532.0,78508.01,78512.66,4.71282,1788907379999
1788907380000,78512.66,78516.0,78485.78,78490.0,3.73018,1788907439999
1788907440000,78490.0,78490.01,78489.99,78490.0,1.71216,1788907499999
1788907500000,78490.0,78504.0,78490.0,78504.0,1.37531,1788907559999
1788907560000,78504.0,78525.96,78503.99,78525.96,1.2035,1788907619999
1788907620000,78525.95,78535.13,78524.0,78524.01,2.30877,1788907679999
1788907680000,78524.01,78539.59,78524.0,78539.59,1.52516,1788907739999
1788907740000,78539.58,78554.0,78539.58,78554.0,2.48472,1788907799999
1788907800000,78553.99,78554.0,78536.0,78536.01,8.83753,1788907859999
1788907860000,78536.01,78576.0,78536.0,78575.99,5.52707,1788907919999
1788907920000,78575.99,78576.0,78550.19,78556.0,1.87519,1788907979999
1788907980000,78556.0,78556.0,78548.0,78549.99,2.68103,1788908039999
1788908040000,78550.0,78550.0,78528.98,78528.99,14.08783,1788908099999
1788908100000,78528.99,78538.99,78528.98,78538.98,4.46578,1788908159999
1788908160000,78538.99,78540.0,78512.65,78538.0,22.44065,1788908219999
1788908220000,78537.99,78554.92,78537.99,78554.92,1.82444,1788908279999
1788908280000,78554.93,78577.99,78554.92,78571.48,3.91386,1788908339999
1788908340000,78571.49,78571.49,78562.43,78562.44,2.01295,1788908399999
1788908400000,78562.43,78562.44,78562.43,78562.44,0.55491,1788908459999
1788908460000,78562.43,78567.26,78562.43,78567.26,0.99475,1788908519999
1788908520000,78567.26,78575.31,78556.0,78575.31,3.9829,1788908579999
1788908580000,78575.3,78575.3,78524.0,78533.04,11.73238,1788908639999
1788908640000,78533.04,78533.04,78510.0,78522.9,3.55369,1788908699999
1788908700000,78522.9,78522.9,78522.88,78522.88,5.82565,1788908759999
1788908760000,78522.88,78522.89,78522.88,78522.89,0.39679,1788908819999
1788908820000,78522.88,78522.89,78522.88,78522.89,0.32243,1788908879999
1788908880000,78522.89,78522.89,78518.0,78518.0,2.75521,1788908939999
1788908940000,78518.01,78519.0,78502.9,78502.91,50.90875,1788908999999
1788909000000,78502.91,78514.0,78487.26,78487.26,5.20875,1788909059999
1788909060000,78487.27,78487.27,78462.53,78462.54,2.52819,1788909119999
1788909120000,78462.54,78522.89,78462.53,78514.01,19.378,1788909179999
1788909180000,78514.01,78514.01,78508.4,78513.99,1.44047,1788909239999
1788909240000,78513.99,78514.0,78498.0,78498.01,2.47381,1788909299999
1788909300000,78498.01,78498.01,78484.0,78484.01,2.50312,1788909359999
1788909360000,78484.0,78488.05,78484.0,78484.01,28.73795,1788909419999
1788909420000,78484.0,78506.57,78484.0,78494.01,2.79388,1788909479999
1788909480000,78494.0,78494.01,78468.27,78468.28,39.36816,1788909539999
1788909540000,78468.27,78468.29,78468.27,78468.29,0.56514,1788909599999
1788909600000,78468.29,78468.29,78468.28,78468.29,0.38987,1788909659999
1788909660000,78468.29,78468.29,78454.19,78454.19,16.71127,1788909719999
1788909720000,78454.19,78484.0,78454.19,78483.99,5.59188,1788909779999
1788909780000,78484.0,78484.0,78470.0,78470.01,1.96944,1788909839999
1788909840000,78470.0,78470.01,78460.0,78460.01,6.31927,1788909899999
1788909900000,78460.01,78460.01,78452.0,78452.01,6.56232,1788909959999
1788909960000,78452.01,78452.01,78432.87,78435.25,4.80042,1788910019999
1788910020000,78435.25,78441.99,78435.24,78441.99,2.3971,1788910079999
1788910080000,78441.99,78470.0,78441.98,78469.99,2.79851,1788910139999
1788910140000,78469.99,78480.0,78459.99,78460.0,11.84668,1788910199999
1788910200000,78460.0,78462.0,78448.56,78450.04,2.94987,1788910259999
1788910260000,78450.05,78466.0,78450.04,78465.99,10.71832,1788910319999
1788910320000,78465.99,78466.0,78465.0,78465.01,1.63473,1788910379999
1788910380000,78465.0,78465.01,78465.0,78465.01,71.7565,1788910439999
1788910440000,78465.01,78466.0,78465.0,78466.0,1.92043,1788910499999
1788910500000,78466.0,78466.0,78465.99,78465.99,2.97446,1788910559999
1788910560000,78465.99,78466.0,78465.0,78465.01,1.32081,1788910619999
1788910620000,78465.01,78465.01,78465.0,78465.0,1.20219,1788910679999
1788910680000,78465.01,78467.84,78450.05,78450.05,4.91185,1788910739999
1788910740000,78450.06,78466.05,78450.05,78466.05,4.5269,1788910799999
1788910800000,78466.04,78466.05,78460.0,78460.01,1.26992,1788910859999
1788910860000,78460.0,78460.01,78455.01,78455.02,1.56124,1788910919999
1788910920000,78455.01,78455.02,78446.89,78446.89,4.75577,1788910979999
1788910980000,78446.89,78448.13,78446.89,78448.12,3.97232,1788911039999
1788911040000,78448.13,78448.13,78448.12,78448.12,1.69476,1788911099999
1788911100000,78448.12,78448.13,78442.92,78442.93,2.42376,1788911159999
1788911160000,78442.92,78442.93,78437.54,78438.0,1.79509,1788911219999
1788911220000,78437.99,78454.0,78436.0,78453.99,2.68585,1788911279999
1788911280000,78453.99,78458.0,78453.99,78457.0,6.79997,1788911339999
1788911340000,78457.01,78457.01,78436.13,78436.14,9.33851,1788911399999
1788911400000,78436.14,78437.4,78434.54,78434.54,1.81867,1788911459999
1788911460000,78434.53,78434.53,78424.52,78430.0,3.73046,1788911519999
1788911520000,78429.99,78462.02,78429.99,78462.02,5.6539,1788911579999
1788911580000,78463.63,78463.64,78438.1,78438.1,4.29372,1788911639999
1788911640000,78438.1,78438.1,78418.0,78418.0,1.88464,1788911699999
1788911700000,78418.01,78426.0,78418.0,78425.99,3.59841,1788911759999
1788911760000,78425.98,78425.98,78418.0,78418.01,2.68939,1788911819999
1788911820000,78418.0,78432.0,78408.64,78432.0,6.23121,1788911879999
1788911880000,78431.99,78464.81,78431.99,78454.01,4.46402,1788911939999
1788911940000,78454.0,78455.8,78446.01,78455.8,2.19134,1788911999999
1788912000000,78455.8,78477.47,78455.79,78456.0,7.34448,1788912059999
1788912060000,78456.01,78507.76,78456.01,78504.92,8.95868,1788912119999
1788912120000,78504.92,78537.46,78504.91,78534.53,13.89441,1788912179999
1788912180000,78534.53,78559.25,78534.53,78559.25,3.9362,1788912239999
1788912240000,78559.25,78559.25,78554.57,78556.43,2.97865,1788912299999
1788912300000,78556.43,78577.82,78556.42,78563.12,6.96961,1788912359999
1788912360000,78563.11,78611.6,78563.11,78611.59,5.28031,1788912419999
1788912420000,78611.6,78625.01,78611.59,78620.48,5.94349,1788912479999
1788912480000,78620.47,78620.48,78620.47,78620.48,5.02836,1788912539999
1788912540000,78620.47,78620.48,78620.47,78620.48,1.36572,1788912599999
1788912600000,78620.47,78642.0,78611.59,78642.0,4.99488,1788912659999
1788912660000,78642.0,78707.72,78641.99,78704.23,6.64576,1788912719999
1788912720000,78704.24,78728.3,78699.46,78699.47,6.57576,1788912779999
1788912780000,78699.47,78724.87,78695.31,78724.87,5.11259,1788912839999
1788912840000,78724.87,78732.12,78719.22,78719.22,4.6455,1788912899999
1788912900000,78719.23,78719.23,78660.21,78660.22,4.5366,1788912959999
1788912960000,78660.21,78664.26,78632.95,78664.26,5.7015,1788913019999
1788913020000,78664.26,78681.16,78664.25,78681.15,5.22467,1788913079999
1788913080000,78681.16,78696.0,78681.16,78696.0,2.3626,1788913139999
1788913140000,78695.99,78698.0,78684.46,78698.0,4.49598,1788913199999
1788913200000,78698.0,78747.23,78697.99,78727.67,3.67401,1788913259999
1788913260000,78727.67,78727.68,78684.49,78684.5,3.44776,1788913319999
1788913320000,78684.5,78684.5,78646.0,78646.01,2.52463,1788913379999
1788913380000,78646.01,78670.0,78646.01,78666.01,4.44028,1788913439999
1788913440000,78666.0,78666.01,78658.0,78665.61,6.62371,1788913499999
1788913500000,78665.62,78665.62,78644.24,78644.25,3.01492,1788913559999
1788913560000,78644.24,78644.24,78626.49,78626.49,2.20564,1788913619999
1788913620000,78626.5,78626.5,78604.0,78616.01,5.08305,1788913679999
1788913680000,78616.0,78633.85,78616.0,78633.84,1.38636,1788913739999
1788913740000,78633.85,78633.85,78624.0,78630.0,2.4364,1788913799999
1788913800000,78630.0,78633.53,78620.0,78620.01,1.72466,1788913859999
1788913860000,78620.0,78620.0,78588.1,78588.1,7.17094,1788913919999
1788913920000,78588.11,78589.8,78588.1,78588.1,1.52437,1788913979999
1788913980000,78588.1,78612.0,78588.0,78611.99,1.94659,1788914039999
1788914040000,78612.0,78630.01,78611.99,78630.01,3.59944,1788914099999
1788914100000,78630.06,78630.06,78592.78,78592.78,4.16693,1788914159999
1788914160000,78592.79,78592.79,78564.96,78571.66,2.73439,1788914219999
1788914220000,78571.66,78613.99,78571.65,78613.99,2.05918,1788914279999
1788914280000,78613.99,78628.8,78611.99,78628.8,2.65813,1788914339999
1788914340000,78628.79,78659.81,78628.79,78659.81,1.98934,1788914399999
1788914400000,78659.81,78659.81,78636.0,78636.0,4.30694,1788914459999
1788914460000,78636.0,78636.01,78624.0,78624.01,1.49386,1788914519999
1788914520000,78624.01,78649.51,78624.01,78649.51,1.65047,1788914579999
1788914580000,78649.51,78669.89,78649.51,78669.89,4.88039,1788914639999
1788914640000,78669.88,78698.14,78669.88,78698.13,2.97069,1788914699999
1788914700000,78698.14,78744.71,78698.13,78740.49,5.54735,1788914759999
1788914760000,78740.49,78740.49,78738.79,78738.79,2.1117,1788914819999
1788914820000,78738.8,78752.29,78738.79,78752.29,2.62176,1788914879999
1788914880000,78752.28,78763.0,78721.02,78721.02,9.56999,1788914939999
1788914940000,78721.03,78771.31,78708.47,78771.3,4.6731,1788914999999
1788915000000,78771.3,78781.35,78771.3,78781.34,3.52866,1788915059999
1788915060000,78781.34,78781.35,78773.0,78773.0,4.67594,1788915119999
1788915120000,78773.01,78773.01,78740.97,78745.0,8.73712,1788915179999
1788915180000,78744.99,78769.53,78733.29,78769.53,9.90778,1788915239999
1788915240000,78769.53,78781.35,78769.52,78781.35,1.97727,1788915299999
1788915300000,78781.34,78783.59,78774.12,78783.19,3.18593,1788915359999
1788915360000,78783.18,78783.19,78779.39,78779.4,1.24621,1788915419999
1788915420000,78779.39,78789.45,78779.39,78789.45,1.05402,1788915479999
1788915480000,78789.45,78796.97,78789.44,78796.97,2.02256,1788915539999
1788915540000,78796.97,78796.97,78760.91,78774.65,11.24243,1788915599999
1788915600000,78774.66,78783.85,78744.6,78745.73,4.07742,1788915659999
1788915660000,78745.73,78753.79,78738.63,78738.64,2.36311,1788915719999
1788915720000,78738.63,78779.55,78738.63,78765.86,3.20274,1788915779999
1788915780000,78765.86,78767.19,78765.86,78767.19,0.95291,1788915839999
1788915840000,78767.18,78767.19,78709.36,78709.37,5.94452,1788915899999
1788915900000,78709.36,78793.81,78701.25,78769.47,17.97476,1788915959999
1788915960000,78769.47,78778.71,78746.0,78778.71,3.96519,1788916019999
1788916020000,78778.7,78778.7,78754.0,78754.01,1.56112,1788916079999
1788916080000,78754.0,78754.01,78754.0,78754.01,0.69412,1788916139999
1788916140000,78754.0,78800.0,78754.0,78800.0,3.30526,1788916199999
1788916200000,78800.0,78804.35,78799.99,78804.35,1.87021,1788916259999
1788916260000,78804.35,78839.17,78804.34,78839.17,3.48305,1788916319999
1788916320000,78839.17,78863.0,78829.99,78850.23,8.33443,1788916379999
1788916380000,78850.24,78854.29,78738.0,78744.39,201.8034,1788916439999
1788916440000,78744.4,78748.0,78740.0,78740.01,2.82882,1788916499999
1788916500000,78740.0,78752.0,78740.0,78746.01,3.12827,1788916559999
1788916560000,78746.0,78746.01,78634.52,78669.11,11.50108,1788916619999
1788916620000,78669.11,78669.12,78648.0,78656.01,3.39192,1788916679999
1788916680000,78656.0,78658.0,78654.01,78656.75,2.15711,1788916739999
1788916740000,78656.74,78664.0,78642.0,78648.03,10.81729,1788916799999
1788916800000,78648.04,78698.0,78642.01,78697.99,10.5098,1788916859999
1788916860000,78698.0,78700.0,78646.0,78646.0,3.92208,1788916919999
1788916920000,78646.0,78650.0,78633.53,78649.99,2.65257,1788916979999
1788916980000,78649.99,78675.81,78649.99,78666.01,5.46443,1788917039999
1788917040000,78666.01,78675.81,78666.0,78675.81,1.27148,1788917099999
1788917100000,78675.81,78675.81,78662.0,78662.0,1.40726,1788917159999
1788917160000,78662.01,78664.0,78662.0,78663.99,6.28998,1788917219999
1788917220000,78664.0,78769.3,78663.99,78769.3,27.68754,1788917279999
1788917280000,78769.29,78769.3,78741.02,78757.71,27.34036,1788917339999
1788917340000,78757.71,78760.01,78734.0,78734.01,39.22191,1788917399999
1788917400000,78734.0,78734.01,78702.0,78727.67,8.99274,1788917459999
1788917460000,78727.67,78735.47,78722.57,78722.58,3.23956,1788917519999
1788917520000,78722.58,78745.99,78722.57,78745.99,2.57574,1788917579999
1788917580000,78746.0,78747.55,78730.47,78740.0,3.15353,1788917639999
1788917640000,78739.99,78768.59,78739.99,78768.59,3.07241,1788917699999
1788917700000,78768.59,78770.77,78766.0,78770.77,1.84751,1788917759999
1788917760000,78770.76,78785.55,78764.96,78784.76,5.36489,1788917819999
1788917820000,78784.77,78868.0,78784.77,78867.99,6.44706,1788917879999
1788917880000,78868.0,78879.54,78823.03,78823.04,13.89037,1788917939999
1788917940000,78823.03,78834.0,78816.0,78833.99,3.28943,1788917999999
1788918000000,78833.99,78871.17,78833.99,78840.01,3.49675,1788918059999
1788918060000,78840.01,78840.01,78808.7,78808.71,1.74014,1788918119999
1788918120000,78808.71,78819.98,78808.7,78812.01,4.37969,1788918179999
1788918180000,78812.01,78848.0,78812.0,78842.01,3.31586,1788918239999
1788918240000,78842.0,78842.01,78832.0,78839.99,2.84244,1788918299999
1788918300000,78840.0,78857.57,78840.0,78857.57,1.29735,1788918359999
1788918360000,78857.57,78866.0,78857.06,78866.0,2.64709,1788918419999
1788918420000,78866.0,78877.99,78852.0,78864.49,8.60512,1788918479999
1788918480000,78864.49,78873.86,78858.0,78858.01,1.97716,1788918539999
1788918540000,78858.0,78866.0,78858.0,78866.0,1.16754,1788918599999
1788918600000,78866.0,78880.0,78850.0,78879.99,7.32808,1788918659999
1788918660000,78880.0,78880.0,78864.0,78864.0,3.6093,1788918719999
1788918720000,78864.0,78864.0,78827.99,78828.0,1.76858,1788918779999
1788918780000,78828.0,78887.12,78828.0,78887.12,15.30247,1788918839999
1788918840000,78887.12,78887.12,78878.44,78887.12,2.5315,1788918899999
1788918900000,78887.12,78887.12,78850.0,78850.0,2.55343,1788918959999
1788918960000,78850.0,78879.99,78850.0,78879.99,2.88995,1788919019999
1788919020000,78879.99,78886.0,78879.99,78886.0,4.402,1788919079999
1788919080000,78886.0,78891.42,78840.0,78840.0,129.61356,1788919139999
1788919140000,78840.0,78891.5,78818.66,78891.5,65.37825,1788919199999
1788919200000,78891.49,78898.66,78890.58,78898.66,1.71347,1788919259999
1788919260000,78898.66,78910.0,78898.65,78910.0,2.42472,1788919319999
1788919320000,78909.99,78910.0,78896.0,78896.01,4.51001,1788919379999
1788919380000,78896.0,78896.0,78846.0,78848.01,5.01081,1788919439999
1788919440000,78848.0,78890.0,78846.01,78888.25,12.47359,1788919499999
1788919500000,78888.24,78888.24,78846.0,78847.12,6.65706,1788919559999
1788919560000,78847.12,78894.0,78847.11,78894.0,4.33352,1788919619999
1788919620000,78894.0,78904.3,78893.99,78904.3,3.11944,1788919679999
1788919680000,78904.3,78912.0,78902.0,78908.01,5.37378,1788919739999
1788919740000,78908.0,78912.0,78908.0,78908.0,3.25064,1788919799999
1788919800000,78908.0,78928.65,78908.0,78924.92,10.72735,1788919859999
1788919860000,78924.93,78924.93,78843.05,78843.05,18.95112,1788919919999
1788919920000,78843.04,78843.04,78814.03,78817.83,4.23316,1788919979999
1788919980000,78817.82,78817.82,78796.49,78803.99,3.13041,1788920039999
1788920040000,78803.99,78813.9,78802.45,78802.45,5.02154,1788920099999
1788920100000,78802.46,78802.46,78746.87,78746.87,62.52754,1788920159999
1788920160000,78746.87,78753.69,78702.01,78702.01,34.62564,1788920219999
1788920220000,78702.02,78716.0,78690.02,78693.99,4.01128,1788920279999
1788920280000,78694.0,78786.0,78686.46,78786.0,25.60922,1788920339999
1788920340000,78785.99,78785.99,78760.0,78760.01,4.43509,1788920399999
1788920400000,78760.01,78760.01,78719.01,78719.02,4.48056,1788920459999
1788920460000,78719.02,78722.0,78710.0,78710.01,1.32986,1788920519999
1788920520000,78710.0,78748.0,78710.0,78748.0,4.30502,1788920579999
1788920580000,78748.0,78796.53,78748.0,78789.57,6.23307,1788920639999
1788920640000,78789.57,78833.22,78789.57,78825.99,3.16809,1788920699999
1788920700000,78825.99,78826.0,78772.88,78782.76,19.43003,1788920759999
1788920760000,78782.75,78798.0,78782.75,78797.99,1.41781,1788920819999
1788920820000,78798.0,78808.0,78794.0,78808.0,2.88307,1788920879999
1788920880000,78808.0,78808.0,78794.01,78805.99,2.16666,1788920939999
1788920940000,78806.0,78822.0,78806.0,78821.99,1.19934,1788920999999
1788921000000,78821.99,78821.99,78794.01,78808.0,3.17141,1788921059999
1788921060000,78808.0,78841.75,78807.99,78810.0,3.1957,1788921119999
1788921120000,78810.01,78829.13,78810.0,78829.11,1.95061,1788921179999
1788921180000,78829.12,78835.66,78794.01,78794.02,2.83676,1788921239999
1788921240000,78794.02,78794.02,78780.0,78780.51,4.58969,1788921299999
1788921300000,78780.51,78780.51,78758.0,78771.83,3.45723,1788921359999
1788921360000,78771.83,78771.83,78762.0,78763.72,1.2017,1788921419999
1788921420000,78763.71,78776.0,78763.71,78775.99,1.05008,1788921479999
1788921480000,78776.0,78780.95,78766.1,78769.99,4.37221,1788921539999
1788921540000,78769.99,78769.99,78762.0,78763.62,3.52584,1788921599999
1788921600000,78763.62,78770.0,78762.0,78770.0,0.99337,1788921659999
1788921660000,78770.0,78770.0,78768.0,78768.01,1.35851,1788921719999
1788921720000,78768.01,78778.0,78768.0,78778.0,1.90404,1788921779999
1788921780000,78778.0,78790.0,78774.0,78790.0,1.8447,1788921839999
1788921840000,78789.99,78792.0,78786.0,78792.0,0.90515,1788921899999
1788921900000,78791.99,78792.0,78778.0,78778.0,2.55551,1788921959999
1788921960000,78778.01,78778.01,78778.0,78778.01,0.29513,1788922019999
1788922020000,78778.0,78800.0,78776.45,78794.56,4.14173,1788922079999
1788922080000,78794.56,78798.71,78792.52,78798.71,3.28804,1788922139999
1788922140000,78798.71,78798.71,78774.45,78774.46,2.8257,1788922199999
1788922200000,78774.46,78774.46,78772.0,78772.01,1.58815,1788922259999
1788922260000,78772.01,78772.01,78768.01,78768.02,2.53573,1788922319999
1788922320000,78768.02,78787.61,78768.01,78787.61,2.21056,1788922379999
1788922380000,78787.61,78800.0,78787.61,78788.01,2.55967,1788922439999
1788922440000,78788.01,78788.01,78782.0,78782.0,1.0518,1788922499999
1788922500000,78782.0,78782.01,78752.0,78752.0,2.34994,1788922559999
1788922560000,78752.0,78752.01,78748.21,78748.22,0.86419,1788922619999
1788922620000,78748.22,78750.01,78748.21,78750.01,2.67086,1788922679999
1788922680000,78750.01,78750.01,78750.0,78750.01,1.90219,1788922739999
1788922740000,78750.01,78750.01,78726.0,78726.01,2.74804,1788922799999
1788922800000,78726.01,78726.01,78710.47,78710.48,1.89655,1788922859999
1788922860000,78710.48,78710.48,78681.0,78681.01,1.92349,1788922919999
1788922920000,78681.01,78683.68,78672.99,78683.68,2.3548,1788922979999
1788922980000,78683.68,78683.68,78676.37,78676.38,0.65754,1788923039999
1788923040000,78676.38,78692.5,78676.36,78676.36,5.29294,1788923099999
1788923100000,78676.36,78690.32,78676.36,78690.31,1.52559,1788923159999
1788923160000,78690.31,78717.26,78676.36,78714.01,6.93475,1788923219999
1788923220000,78714.0,78714.0,78672.0,78672.01,3.63766,1788923279999
1788923280000,78672.0,78672.01,78643.96,78643.96,2.90164,1788923339999
1788923340000,78643.96,78655.41,78638.0,78649.18,8.7434,1788923399999
1788923400000,78649.19,78659.99,78600.0,78600.0,5.65083,1788923459999
1788923460000,78600.01,78641.86,78600.0,78641.86,4.47051,1788923519999
1788923520000,78641.86,78652.0,78598.0,78598.0,4.08639,1788923579999
1788923580000,78598.01,78616.0,78598.0,78615.99,2.02572,1788923639999
1788923640000,78616.0,78616.0,78592.45,78592.45,2.21716,1788923699999
1788923700000,78592.46,78606.0,78592.45,78606.0,2.97318,1788923759999
1788923760000,78606.0,78606.0,78590.0,78590.01,2.13688,1788923819999
1788923820000,78590.01,78599.99,78580.0,78599.99,3.46567,1788923879999
1788923880000,78599.99,78622.0,78599.99,78618.24,3.05611,1788923939999
1788923940000,78618.24,78618.25,78584.45,78584.45,7.36117,1788923999999
1788924000000,78584.37,78620.32,78584.36,78616.01,5.62635,1788924059999
1788924060000,78616.01,78616.01,78582.0,78587.22,3.60486,1788924119999
1788924120000,78587.21,78592.94,78575.56,78575.57,2.05774,1788924179999
1788924180000,78575.57,78590.0,78575.56,78589.99,4.22239,1788924239999
1788924240000,78589.99,78599.99,78583.3,78583.31,23.15911,1788924299999
1788924300000,78583.31,78592.41,78583.31,78586.0,15.90091,1788924359999
1788924360000,78586.0,78586.01,78548.53,78548.53,3.62517,1788924419999
1788924420000,78548.46,78570.0,78548.46,78566.01,4.24993,1788924479999
1788924480000,78566.0,78590.01,78556.0,78590.01,20.79101,1788924539999
1788924540000,78590.0,78590.01,78577.71,78577.71,2.59654,1788924599999
1788924600000,78577.71,78594.0,78577.71,78588.4,1.53516,1788924659999
1788924660000,78588.41,78593.54,78588.41,78593.54,1.05307,1788924719999
1788924720000,78593.53,78593.54,78582.55,78586.01,1.87939,1788924779999
1788924780000,78586.0,78596.0,78586.0,78595.99,1.76377,1788924839999
1788924840000,78596.0,78596.0,78595.99,78595.99,0.63322,1788924899999
1788924900000,78595.99,78596.0,78580.0,78590.0,4.55487,1788924959999
1788924960000,78589.99,78600.06,78589.99,78600.06,2.15421,1788925019999
1788925020000,78600.06,78602.0,78593.69,78593.7,14.13961,1788925079999
1788925080000,78593.69,78604.63,78593.69,78600.0,2.28348,1788925139999
1788925140000,78600.01,78602.0,78600.0,78601.99,2.04301,1788925199999
1788925200000,78602.0,78615.47,78601.99,78615.47,3.19926,1788925259999
1788925260000,78615.47,78660.0,78615.47,78659.99,3.22405,1788925319999
1788925320000,78659.99,78662.92,78642.27,78662.0,6.39305,1788925379999
1788925380000,78662.0,78662.01,78656.0,78656.01,4.21178,1788925439999
1788925440000,78656.0,78656.01,78650.0,78650.01,1.2376,1788925499999
1788925500000,78650.0,78656.01,78646.0,78648.0,2.07755,1788925559999
1788925560000,78648.01,78648.01,78635.2,78635.21,6.09967,1788925619999
1788925620000,78635.2,78679.99,78635.2,78654.01,12.78668,1788925679999
1788925680000,78654.0,78654.0,78635.3,78635.3,1.94753,1788925739999
1788925740000,78635.3,78647.99,78633.07,78647.98,1.87959,1788925799999
1788925800000,78647.98,78647.99,78626.0,78626.0,2.62334,1788925859999
1788925860000,78626.0,78626.0,78604.0,78604.01,1.70381,1788925919999
1788925920000,78604.01,78621.87,78604.0,78621.86,5.22594,1788925979999
1788925980000,78621.87,78648.0,78621.86,78648.0,3.90402,1788926039999
1788926040000,78647.99,78648.0,78644.01,78644.01,1.25079,1788926099999
1788926100000,78644.01,78644.01,78634.0,78634.01,0.94035,1788926159999
1788926160000,78634.0,78634.01,78605.38,78605.39,4.23288,1788926219999
1788926220000,78605.38,78659.03,78605.38,78659.03,11.72741,1788926279999
1788926280000,78659.03,78672.0,78659.02,78664.01,1.71033,1788926339999
1788926340000,78664.0,78664.0,78638.0,78638.01,1.82075,1788926399999
1788926400000,78638.01,78772.99,78638.0,78772.99,17.46098,1788926459999
1788926460000,78772.99,78860.14,78772.99,78860.14,11.38218,1788926519999
1788926520000,78860.13,78880.35,78843.64,78852.0,16.56208,1788926579999
1788926580000,78852.0,78910.0,78852.0,78882.09,10.45011,1788926639999
1788926640000,78882.08,78941.65,78882.08,78927.99,12.31683,1788926699999
1788926700000,78928.0,78940.41,78912.42,78912.42,4.13913,1788926759999
1788926760000,78912.43,78914.0,78880.01,78897.17,24.42074,1788926819999
1788926820000,78897.17,78897.17,78842.0,78842.01,77.68258,1788926879999
1788926880000,78842.01,78842.01,78818.0,78818.01,2.58682,1788926939999
1788926940000,78818.0,78818.01,78782.0,78782.0,3.91332,1788926999999
1788927000000,78782.0,78786.0,78760.0,78766.0,6.55921,1788927059999
1788927060000,78766.0,78824.0,78757.72,78824.0,7.54925,1788927119999
1788927120000,78824.0,78851.99,78802.0,78809.58,13.59253,1788927179999
1788927180000,78809.58,78810.58,78809.57,78810.58,0.41463,1788927239999
1788927240000,78810.59,78841.62,78810.59,78841.62,5.16329,1788927299999
1788927300000,78841.62,78841.62,78828.14,78833.94,3.04075,1788927359999
1788927360000,78833.93,78838.0,78805.2,78805.21,2.80281,1788927419999
1788927420000,78805.2,78805.2,78794.57,78796.0,2.15115,1788927479999
1788927480000,78796.0,78847.69,78790.0,78844.38,13.7926,1788927539999
1788927540000,78844.37,78844.38,78830.0,78830.0,1.78709,1788927599999
1788927600000,78830.0,78830.0,78814.0,78821.5,1.83961,1788927659999
1788927660000,78821.5,78833.78,78821.5,78833.78,1.72799,1788927719999
1788927720000,78833.77,78890.9,78831.24,78884.53,10.36436,1788927779999
1788927780000,78884.54,78895.72,78878.0,78895.71,1.9351,1788927839999
1788927840000,78895.72,78920.0,78895.71,78919.99,6.80359,1788927899999
1788927900000,78920.0,78922.0,78917.99,78920.71,2.08706,1788927959999
1788927960000,78920.71,78920.72,78900.0,78900.54,2.59691,1788928019999
1788928020000,78900.53,78900.54,78900.53,78900.53,1.86693,1788928079999
1788928080000,78900.54,78945.99,78900.54,78934.01,5.46403,1788928139999
1788928140000,78934.0,78934.01,78896.0,78896.01,2.06915,1788928199999
1788928200000,78896.01,78896.01,78879.76,78892.0,2.60403,1788928259999
1788928260000,78891.99,78897.96,78881.93,78888.0,3.16452,1788928319999
1788928320000,78888.01,78896.01,78888.0,78896.01,2.39705,1788928379999
1788928380000,78896.01,78896.01,78887.16,78887.17,3.45653,1788928439999
1788928440000,78887.16,78924.64,78887.16,78922.42,3.01734,1788928499999
1788928500000,78922.42,78922.42,78912.59,78912.6,2.38369,1788928559999
1788928560000,78912.6,78926.0,78912.59,78926.0,3.76441,1788928619999
1788928620000,78926.0,78938.64,78925.99,78936.11,6.59899,1788928679999
1788928680000,78936.1,78938.64,78926.98,78938.63,7.28487,1788928739999
1788928740000,78938.64,78938.64,78922.19,78922.19,16.21074,1788928799999
1788928800000,78922.19,78933.63,78912.96,78912.97,15.97304,1788928859999
1788928860000,78912.97,78939.0,78912.96,78938.82,7.46951,1788928919999
1788928920000,78938.82,78941.32,78924.0,78936.42,18.28383,1788928979999
1788928980000,78936.43,79186.47,78936.42,79179.8,92.45927,1788929039999
1788929040000,79179.8,79206.26,79114.24,79195.07,29.48756,1788929099999
1788929100000,79195.07,79215.83,79086.9,79145.55,43.49257,1788929159999
1788929160000,79145.55,79160.35,79080.89,79096.91,16.36516,1788929219999
1788929220000,79096.91,79191.79,79096.9,79168.87,19.48406,1788929279999
1788929280000,79168.87,79182.13,79111.64,79137.28,14.06477,1788929339999
1788929340000,79137.27,79149.32,79101.21,79129.87,7.64622,1788929399999
1788929400000,79129.87,79156.08,79129.87,79135.61,9.54511,1788929459999
1788929460000,79135.6,79180.0,79123.87,79156.84,12.54289,1788929519999
1788929520000,79156.84,79187.05,79150.25,79162.41,5.90396,1788929579999
1788929580000,79162.41,79179.53,79159.26,79179.53,4.85036,1788929639999
1788929640000,79179.52,79180.0,79172.87,79172.87,6.02525,1788929699999
1788929700000,79172.88,79188.71,79160.47,79183.89,11.61116,1788929759999
1788929760000,79183.89,79194.41,79165.69,79194.4,4.67369,1788929819999
1788929820000,79194.4,79194.41,79175.2,79192.59,4.94703,1788929879999
1788929880000,79192.58,79193.13,79181.01,79181.01,6.03443,1788929939999
1788929940000,79181.02,79181.02,79168.01,79171.5,3.2201,1788929999999
1788930000000,79171.5,79182.82,79112.43,79122.17,11.78492,1788930059999
1788930060000,79122.17,79130.44,79103.09,79103.1,17.56402,1788930119999
1788930120000,79103.1,79103.1,79058.77,79064.18,7.29903,1788930179999
1788930180000,79064.18,79087.61,79058.77,79087.12,2.72551,1788930239999
1788930240000,79087.13,79146.45,79087.12,79130.52,8.09878,1788930299999
1788930300000,79130.52,79145.5,79112.74,79126.04,5.37474,1788930359999
1788930360000,79126.03,79139.94,79092.07,79139.94,8.41424,1788930419999
1788930420000,79139.95,79139.95,79121.49,79135.71,2.92915,1788930479999
1788930480000,79135.71,79135.71,79121.62,79122.31,5.15247,1788930539999
1788930540000,79122.31,79132.0,79104.84,79129.45,8.52272,1788930599999
1788930600000,79129.46,79131.99,79105.4,79105.41,5.62979,1788930659999
1788930660000,79105.4,79147.31,79100.0,79138.07,12.10564,1788930719999
1788930720000,79138.07,79149.99,79131.96,79149.99,15.0674,1788930779999
1788930780000,79150.0,79193.12,79149.99,79193.12,13.7071,1788930839999
1788930840000,79193.13,79330.0,79193.13,79273.85,72.95006,1788930899999
1788930900000,79273.84,79341.07,79232.25,79314.0,36.84807,1788930959999
1788930960000,79314.0,79370.01,79306.35,79370.01,19.97046,1788931019999
1788931020000,79370.0,79370.01,79310.59,79310.59,12.73726,1788931079999
1788931080000,79310.6,79335.3,79278.61,79301.92,10.84413,1788931139999
1788931140000,79301.92,79326.61,79301.92,79317.64,6.44045,1788931199999
1788931200000,79317.65,79317.65,79306.59,79313.73,6.00277,1788931259999
1788931260000,79313.73,79313.74,79255.22,79257.59,4.80045,1788931319999
1788931320000,79257.6,79257.6,79205.42,79212.71,4.56332,1788931379999
1788931380000,79212.71,79243.73,79175.99,79187.19,7.58505,1788931439999
1788931440000,79187.2,79187.2,79181.54,79181.55,7.41978,1788931499999
1788931500000,79181.54,79200.0,79152.04,79152.04,8.23406,1788931559999
1788931560000,79152.04,79190.43,79138.08,79148.74,8.07543,1788931619999
1788931620000,79148.74,79165.31,79148.73,79163.26,1.69653,1788931679999
1788931680000,79163.26,79163.27,79138.08,79138.09,7.0565,1788931739999
1788931740000,79138.09,79138.09,79131.18,79131.18,1.31477,1788931799999
1788931800000,79131.19,79137.75,79100.0,79100.01,13.18595,1788931859999
1788931860000,79100.0,79100.01,78977.0,78977.01,31.2956,1788931919999
1788931920000,78977.01,78990.6,78963.99,78990.6,11.69538,1788931979999
1788931980000,78990.61,79014.41,78956.0,79006.04,12.41056,1788932039999
1788932040000,79006.04,79030.91,79006.03,79030.91,1.43789,1788932099999
1788932100000,79030.91,79030.91,78976.0,78981.99,6.46178,1788932159999
1788932160000,78982.0,79047.32,78981.99,79035.58,11.69302,1788932219999
1788932220000,79035.57,79035.57,79004.01,79007.72,9.16706,1788932279999
1788932280000,79007.71,79007.72,78976.0,78978.01,1.98202,1788932339999
1788932340000,78978.01,78978.01,78942.0,78943.99,3.11558,1788932399999
1788932400000,78944.0,78950.65,78938.0,78940.0,4.94329,1788932459999
1788932460000,78940.0,78955.66,78912.59,78921.99,19.87512,1788932519999
1788932520000,78921.99,78928.0,78900.0,78928.0,4.18193,1788932579999
1788932580000,78928.0,78935.09,78919.03,78919.03,5.74514,1788932639999
1788932640000,78919.04,78934.0,78919.03,78926.67,4.76969,1788932699999
1788932700000,78926.68,78926.68,78900.0,78900.0,3.01289,1788932759999
1788932760000,78900.0,78900.0,78850.0,78878.78,8.10452,1788932819999
1788932820000,78878.77,78888.0,78850.0,78850.0,4.09375,1788932879999
1788932880000,78850.01,78874.0,78840.59,78871.21,15.2387,1788932939999
1788932940000,78871.21,78880.0,78858.38,78858.38,5.01385,1788932999999
1788933000000,78858.38,78863.99,78858.0,78863.99,3.5475,1788933059999
1788933060000,78863.99,78873.99,78856.78,78865.72,4.93781,1788933119999
1788933120000,78865.72,78883.57,78865.71,78883.57,3.37193,1788933179999
1788933180000,78884.0,78908.0,78883.99,78901.99,5.214,1788933239999
1788933240000,78901.99,78924.0,78900.0,78923.99,4.97026,1788933299999
1788933300000,78924.0,78924.0,78923.99,78923.99,0.39733,1788933359999
1788933360000,78923.99,78950.65,78923.99,78948.0,5.04821,1788933419999
1788933420000,78948.0,78962.0,78926.0,78926.01,11.16725,1788933479999
1788933480000,78926.01,78939.54,78926.0,78932.01,2.16574,1788933539999
1788933540000,78932.0,78932.01,78916.01,78923.43,12.8331,1788933599999
1788933600000,78923.43,78963.5,78923.43,78928.11,5.81788,1788933659999
1788933660000,78928.11,78928.11,78900.0,78910.0,2.15928,1788933719999
1788933720000,78910.0,78910.0,78898.0,78898.01,4.93506,1788933779999
1788933780000,78898.01,78902.0,78880.0,78880.0,4.92476,1788933839999
1788933840000,78880.0,78880.01,78865.71,78877.99,6.82115,1788933899999
1788933900000,78877.99,78936.01,78876.0,78924.0,7.28116,1788933959999
1788933960000,78924.0,78924.01,78889.19,78923.99,16.63615,1788934019999
1788934020000,78923.99,78961.66,78923.99,78961.65,6.72145,1788934079999
1788934080000,78961.65,78977.67,78961.65,78966.5,5.07988,1788934139999
1788934140000,78966.49,78966.5,78932.0,78950.65,5.72172,1788934199999
1788934200000,78950.65,78997.47,78950.64,78997.47,10.68787,1788934259999
1788934260000,78997.46,79079.24,78997.46,79076.1,16.18956,1788934319999
1788934320000,79076.1,79119.09,79070.75,79106.65,7.9561,1788934379999
1788934380000,79106.65,79106.65,79060.67,79067.63,4.90892,1788934439999
1788934440000,79067.62,79135.64,79067.62,79121.65,6.43588,1788934499999
1788934500000,79121.65,79121.65,79099.16,79107.05,5.21272,1788934559999
1788934560000,79107.05,79170.0,79107.05,79169.99,5.07267,1788934619999
1788934620000,79169.99,79170.0,79137.2,79164.81,10.11619,1788934679999
1788934680000,79164.81,79170.0,79158.4,79169.99,1.95481,1788934739999
1788934740000,79169.99,79170.0,79140.45,79169.04,3.57576,1788934799999
1788934800000,79169.03,79170.0,79169.03,79169.04,4.19634,1788934859999
1788934860000,79169.04,79169.04,79143.78,79166.84,8.80309,1788934919999
1788934920000,79166.83,79226.52,79166.83,79226.52,12.9877,1788934979999
1788934980000,79226.52,79290.63,79226.51,79290.62,18.5642,1788935039999
1788935040000,79290.62,79290.62,79213.08,79228.1,6.56936,1788935099999
1788935100000,79228.09,79235.63,79173.41,79198.06,5.97799,1788935159999
1788935160000,79198.06,79205.43,79186.16,79186.16,2.58368,1788935219999
1788935220000,79186.17,79186.17,79160.13,79174.01,5.0082,1788935279999
1788935280000,79174.01,79174.01,79160.21,79160.21,2.00618,1788935339999
1788935340000,79160.21,79166.46,79156.18,79156.19,2.76423,1788935399999
1788935400000,79156.19,79227.62,79156.19,79202.11,6.1309,1788935459999
1788935460000,79202.1,79205.44,79179.49,79179.5,2.27836,1788935519999
1788935520000,79179.49,79179.5,79138.93,79138.94,1.57808,1788935579999
1788935580000,79138.93,79147.69,79135.9,79147.68,1.71287,1788935639999
1788935640000,79147.68,79190.49,79147.68,79187.7,3.39616,1788935699999
1788935700000,79187.71,79236.02,79187.71,79220.9,3.83794,1788935759999
1788935760000,79220.89,79230.65,79203.95,79215.53,3.06948,1788935819999
1788935820000,79215.53,79230.2,79215.53,79224.69,2.27517,1788935879999
1788935880000,79224.69,79225.4,79222.64,79222.65,0.90463,1788935939999
1788935940000,79222.64,79222.64,79208.55,79208.56,1.9908,1788935999999
1788936000000,79208.55,79208.55,79188.12,79188.13,1.52928,1788936059999
1788936060000,79188.12,79191.71,79168.09,79188.12,3.24923,1788936119999
1788936120000,79188.12,79188.12,79175.95,79175.95,1.72053,1788936179999
1788936180000,79175.96,79178.44,79151.0,79178.43,6.94909,1788936239999
1788936240000,79178.43,79190.96,79175.55,79187.41,6.56196,1788936299999
1788936300000,79187.42,79198.69,79160.0,79160.0,4.53391,1788936359999
1788936360000,79160.01,79170.0,79160.0,79167.71,1.58162,1788936419999
1788936420000,79167.7,79172.39,79163.09,79163.09,2.90024,1788936479999
1788936480000,79163.1,79173.55,79150.0,79150.0,5.21958,1788936539999
1788936540000,79150.01,79150.01,79134.84,79144.67,5.82344,1788936599999
1788936600000,79144.67,79167.54,79144.67,79164.75,1.98394,1788936659999
1788936660000,79164.74,79164.74,79132.56,79136.03,2.29066,1788936719999
1788936720000,79136.03,79143.77,79125.62,79131.75,6.28921,1788936779999
1788936780000,79131.74,79131.75,79125.9,79125.91,1.90243,1788936839999
1788936840000,79125.91,79132.18,79120.5,79132.18,6.19076,1788936899999
1788936900000,79132.18,79142.58,79120.5,79138.51,2.95998,1788936959999
1788936960000,79138.5,79138.51,79117.88,79117.89,1.85822,1788937019999
1788937020000,79117.89,79155.93,79117.88,79155.93,1.96166,1788937079999
1788937080000,79155.93,79177.98,79155.93,79177.98,3.86646,1788937139999
1788937140000,79177.98,79177.98,79159.02,79159.03,2.18743,1788937199999
1788937200000,79159.03,79164.63,79151.34,79164.63,2.80301,1788937259999
1788937260000,79164.63,79175.86,79164.62,79175.86,1.95849,1788937319999
1788937320000,79175.86,79181.63,79163.34,79178.46,3.74157,1788937379999
1788937380000,79178.45,79178.46,79164.0,79174.0,5.7883,1788937439999
1788937440000,79174.0,79205.43,79173.99,79205.43,4.26766,1788937499999
1788937500000,79205.43,79284.38,79205.42,79284.37,8.72778,1788937559999
1788937560000,79284.37,79338.06,79284.37,79327.92,10.56475,1788937619999
1788937620000,79327.92,79400.0,79314.79,79318.73,23.80166,1788937679999
1788937680000,79318.74,79329.84,79290.35,79305.15,5.0942,1788937739999
1788937740000,79305.15,79326.0,79274.0,79309.91,8.97359,1788937799999
1788937800000,79309.9,79338.78,79301.77,79323.74,8.11777,1788937859999
1788937860000,79323.74,79323.74,79296.44,79312.2,2.93673,1788937919999
1788937920000,79312.19,79330.0,79312.19,79320.0,5.34449,1788937979999
1788937980000,79320.0,79320.0,79253.42,79255.25,38.69828,1788938039999
1788938040000,79255.25,79308.0,79244.65,79249.36,37.94738,1788938099999
1788938100000,79249.35,79290.36,79232.03,79290.35,9.63981,1788938159999
1788938160000,79290.35,79290.35,79234.83,79234.83,4.66141,1788938219999
1788938220000,79234.84,79260.0,79220.17,79253.99,9.50363,1788938279999
1788938280000,79253.99,79290.36,79240.0,79240.01,14.8332,1788938339999
1788938340000,79240.01,79268.0,79240.0,79261.29,7.76395,1788938399999
1788938400000,79261.3,79292.04,79261.3,79292.04,4.8308,1788938459999
1788938460000,79292.04,79292.04,79282.31,79290.07,4.31626,1788938519999
1788938520000,79290.07,79292.03,79283.88,79283.88,3.5585,1788938579999
1788938580000,79283.88,79292.03,79249.27,79292.02,14.05754,1788938639999
1788938640000,79292.03,79292.03,79280.06,79292.03,2.61224,1788938699999
1788938700000,79292.03,79292.03,79270.0,79270.0,2.93071,1788938759999
1788938760000,79270.0,79270.01,79243.49,79269.58,9.72668,1788938819999
1788938820000,79269.58,79280.0,79269.57,79279.48,5.48451,1788938879999
1788938880000,79279.48,79289.99,79264.0,79264.0,8.77303,1788938939999
1788938940000,79264.0,79277.42,79248.0,79277.42,6.0682,1788938999999
1788939000000,79277.42,79292.03,79271.64,79271.64,7.71019,1788939059999
1788939060000,79271.64,79271.65,79249.02,79249.03,3.64859,1788939119999
1788939120000,79249.03,79256.0,79249.02,79252.0,2.19879,1788939179999
1788939180000,79252.0,79252.01,79232.56,79239.99,6.4657,1788939239999
1788939240000,79239.99,79240.0,79222.01,79223.04,5.1297,1788939299999
1788939300000,79223.03,79223.04,79223.03,79223.03,1.33431,1788939359999
1788939360000,79223.03,79224.62,79223.03,79224.62,2.09558,1788939419999
1788939420000,79224.62,79228.01,79224.61,79228.01,1.74029,1788939479999
1788939480000,79228.0,79254.0,79228.0,79250.66,11.31777,1788939539999
1788939540000,79250.65,79250.66,79223.03,79225.89,5.61005,1788939599999
1788939600000,79225.88,79225.89,79225.79,79225.79,6.45328,1788939659999
1788939660000,79225.79,79225.8,79225.79,79225.8,3.69146,1788939719999
1788939720000,79225.79,79245.78,79225.79,79232.0,6.85014,1788939779999
1788939780000,79232.0,79232.01,79200.85,79200.85,11.45037,1788939839999
1788939840000,79200.84,79200.84,79182.65,79196.25,4.82169,1788939899999
1788939900000,79196.26,79198.01,79196.25,79198.0,1.4613,1788939959999
1788939960000,79198.01,79254.0,79197.99,79253.78,10.66442,1788940019999
1788940020000,79253.77,79253.78,79218.3,79218.3,9.06321,1788940079999
1788940080000,79218.3,79218.31,79213.92,79213.92,2.7198,1788940139999
1788940140000,79213.92,79213.93,79198.0,79198.0,2.67828,1788940199999
1788940200000,79198.01,79232.0,79195.92,79229.46,6.92263,1788940259999
1788940260000,79229.47,79275.23,79226.92,79275.22,9.12664,1788940319999
1788940320000,79275.22,79276.0,79240.0,79246.01,7.05841,1788940379999
1788940380000,79246.01,79268.0,79246.01,79262.0,3.47624,1788940439999
1788940440000,79262.0,79262.01,79253.61,79254.15,2.83688,1788940499999
1788940500000,79254.15,79254.16,79254.15,79254.15,4.42165,1788940559999
1788940560000,79254.15,79254.16,79244.0,79247.26,3.90572,1788940619999
1788940620000,79247.26,79247.27,79240.91,79246.73,4.09232,1788940679999
1788940680000,79246.73,79269.55,79246.73,79269.54,4.43372,1788940739999
1788940740000,79269.55,79283.56,79269.54,79277.43,4.50106,1788940799999
1788940800000,79277.44,79294.56,79272.4,79272.4,10.58009,1788940859999
1788940860000,79272.4,79330.0,79264.0,79329.99,7.67782,1788940919999
1788940920000,79330.0,79434.34,79322.28,79401.22,35.55819,1788940979999
1788940980000,79401.22,79424.43,79362.05,79362.05,10.89928,1788941039999
1788941040000,79362.05,79425.39,79325.92,79425.39,9.78797,1788941099999
1788941100000,79425.38,79435.32,79419.83,79419.83,6.06491,1788941159999
1788941160000,79419.84,79419.84,79381.83,79398.55,13.94268,1788941219999
1788941220000,79398.55,79419.38,79398.54,79398.54,8.54204,1788941279999
1788941280000,79398.55,79440.0,79398.55,79430.1,9.65387,1788941339999
1788941340000,79430.1,79500.77,79430.1,79464.75,50.23166,1788941399999
1788941400000,79464.76,79515.36,79464.75,79515.36,79.00502,1788941459999
1788941460000,79515.35,79544.65,79498.63,79511.35,13.70278,1788941519999
1788941520000,79510.22,79510.22,79474.01,79503.0,8.37659,1788941579999
1788941580000,79503.01,79503.01,79480.0,79480.0,4.29371,1788941639999
1788941640000,79480.0,79480.0,79411.29,79411.46,31.55185,1788941699999
1788941700000,79411.45,79474.57,79400.0,79474.56,16.33223,1788941759999
1788941760000,79474.57,79486.78,79466.0,79480.61,12.8263,1788941819999
1788941820000,79480.61,79485.99,79470.0,79485.98,8.75754,1788941879999
1788941880000,79485.99,79485.99,79485.98,79485.98,1.61217,1788941939999
1788941940000,79485.99,79511.62,79485.99,79511.6,4.87739,1788941999999
1788942000000,79511.6,79511.6,79497.28,79497.29,7.37006,1788942059999
1788942060000,79497.28,79614.84,79497.28,79601.61,30.83001,1788942119999
1788942120000,79601.6,79618.15,79562.65,79583.97,12.96597,1788942179999
1788942180000,79583.96,79583.97,79568.92,79581.88,6.75684,1788942239999
1788942240000,79581.88,79581.88,79555.05,79567.31,8.39394,1788942299999
1788942300000,79567.32,79582.0,79544.03,79581.99,16.51182,1788942359999
1788942360000,79581.99,79615.61,79581.99,79615.6,9.77078,1788942419999
1788942420000,79615.61,79620.0,79609.03,79617.57,11.26625,1788942479999
1788942480000,79617.56,79708.03,79617.56,79673.31,43.25285,1788942539999
1788942540000,79673.31,79683.39,79629.05,79683.38,12.71257,1788942599999
1788942600000,79683.38,79683.38,79640.43,79650.12,13.08807,1788942659999
1788942660000,79650.12,79669.91,79633.75,79656.0,14.69296,1788942719999
1788942720000,79656.0,79669.99,79650.12,79650.12,7.61788,1788942779999
1788942780000,79650.12,79693.39,79650.12,79693.38,8.66428,1788942839999
1788942840000,79693.38,79693.39,79687.3,79687.55,3.17321,1788942899999
1788942900000,79687.54,79711.0,79687.54,79711.0,4.45505,1788942959999
1788942960000,79711.0,79760.0,79668.13,79668.14,20.43339,1788943019999
1788943020000,79668.13,79668.13,79564.85,79626.25,68.80885,1788943079999
1788943080000,79626.25,79646.63,79626.25,79646.63,4.91825,1788943139999
1788943140000,79646.62,79648.95,79614.02,79624.01,14.07545,1788943199999
1788943200000,79624.0,79682.0,79624.0,79681.99,8.50646,1788943259999
1788943260000,79682.0,79700.0,79644.0,79644.01,7.269,1788943319999
1788943320000,79644.01,79683.13,79644.0,79666.01,7.61889,1788943379999
1788943380000,79666.01,79700.0,79636.0,79636.0,12.4687,1788943439999
1788943440000,79636.0,79652.0,79622.41,79640.0,10.65943,1788943499999
1788943500000,79639.99,79640.0,79639.99,79640.0,1.9582,1788943559999
1788943560000,79639.99,79669.99,79639.99,79669.99,8.30094,1788943619999
1788943620000,79669.99,79670.0,79669.98,79669.99,0.99293,1788943679999
1788943680000,79670.0,79670.0,79646.81,79660.0,5.32131,1788943739999
1788943740000,79660.0,79660.0,79598.76,79609.56,41.09602,1788943799999
1788943800000,79609.56,79609.56,79579.7,79607.88,8.47858,1788943859999
1788943860000,79607.88,79659.72,79607.87,79659.72,3.50856,1788943919999
1788943920000,79659.72,79659.72,79643.32,79651.4,3.64666,1788943979999
1788943980000,79651.41,79701.68,79638.04,79701.67,21.05889,1788944039999
1788944040000,79701.67,79701.68,79700.0,79700.01,4.47992,1788944099999
1788944100000,79700.0,79700.01,79667.99,79667.99,13.92566,1788944159999
1788944160000,79668.0,79670.53,79660.67,79670.53,3.54478,1788944219999
1788944220000,79670.53,79686.78,79670.52,79684.22,4.38091,1788944279999
1788944280000,79684.22,79707.78,79678.0,79702.0,5.43025,1788944339999
1788944340000,79701.99,79702.0,79698.01,79698.02,1.50588,1788944399999
1788944400000,79698.02,79716.0,79642.1,79651.99,10.76309,1788944459999
1788944460000,79652.0,79657.99,79642.1,79642.1,2.52728,1788944519999
1788944520000,79642.1,79642.11,79610.3,79625.0,12.62315,1788944579999
1788944580000,79624.99,79658.0,79622.44,79658.0,5.12312,1788944639999
1788944640000,79658.0,79658.0,79636.86,79652.0,4.56539,1788944699999
1788944700000,79651.99,79652.0,79613.71,79613.71,7.51327,1788944759999
1788944760000,79613.71,79613.72,79600.0,79610.0,4.41726,1788944819999
1788944820000,79609.99,79610.0,79583.37,79583.37,9.44365,1788944879999
1788944880000,79583.37,79583.37,79545.14,79545.15,27.75216,1788944939999
1788944940000,79545.14,79545.15,79504.99,79504.99,18.18356,1788944999999
1788945000000,79504.99,79505.0,79481.85,79488.44,23.0579,1788945059999
1788945060000,79488.44,79502.0,79471.02,79502.0,10.92241,1788945119999
1788945120000,79502.0,79532.75,79501.99,79532.74,3.61063,1788945179999
1788945180000,79532.74,79540.0,79532.74,79534.37,2.32158,1788945239999
1788945240000,79534.37,79543.42,79534.36,79534.36,7.35612,1788945299999
1788945300000,79534.37,79551.36,79512.0,79512.01,5.19998,1788945359999
1788945360000,79512.01,79525.95,79512.0,79525.95,2.10927,1788945419999
1788945420000,79525.95,79525.95,79500.0,79500.01,2.74828,1788945479999
1788945480000,79500.0,79503.62,79477.15,79477.15,4.14509,1788945539999
1788945540000,79477.15,79487.97,79477.15,79487.96,12.72932,1788945599999
1788945600000,79487.96,79487.97,79468.79,79468.79,6.81545,1788945659999
1788945660000,79468.8,79480.0,79468.79,79479.81,3.82916,1788945719999
1788945720000,79479.81,79482.57,79469.54,79469.56,5.8996,1788945779999
1788945780000,79469.57,79469.57,79469.56,79469.57,1.22697,1788945839999
1788945840000,79469.56,79469.57,79458.0,79464.95,10.42905,1788945899999
1788945900000,79464.94,79464.95,79450.0,79450.01,2.93166,1788945959999
1788945960000,79450.0,79458.01,79450.0,79458.01,2.39999,1788946019999
1788946020000,79458.01,79461.45,79458.0,79460.01,2.40454,1788946079999
1788946080000,79460.01,79460.01,79450.0,79450.0,2.43262,1788946139999
1788946140000,79450.01,79450.01,79430.53,79430.53,9.72489,1788946199999
1788946200000,79430.54,79430.54,79408.13,79408.14,4.75068,1788946259999
1788946260000,79408.13,79448.0,79408.13,79422.17,8.72865,1788946319999
1788946320000,79422.17,79422.18,79400.0,79400.01,4.6255,1788946379999
1788946380000,79400.01,79421.71,79375.28,79404.5,15.46173,1788946439999
1788946440000,79404.5,79422.0,79404.49,79408.4,4.64775,1788946499999
1788946500000,79408.41,79408.41,79362.0,79362.01,4.7373,1788946559999
1788946560000,79362.0,79362.01,79342.25,79355.98,3.81924,1788946619999
1788946620000,79355.98,79368.0,79344.99,79345.0,3.57952,1788946679999
1788946680000,79344.99,79368.08,79321.91,79321.91,7.79833,1788946739999
1788946740000,79321.92,79331.99,79291.76,79316.01,9.43765,1788946799999
1788946800000,79316.01,79316.01,79226.78,79264.35,15.15956,1788946859999
1788946860000,79264.35,79264.35,79076.0,79120.51,22.63389,1788946919999
1788946920000,79120.51,79150.71,79069.42,79137.58,16.11054,1788946979999
1788946980000,79137.58,79163.05,79137.57,79163.05,3.37641,1788947039999
1788947040000,79163.04,79163.05,79082.87,79082.87,18.5066,1788947099999
1788947100000,79082.87,79118.12,79082.87,79101.79,7.7792,1788947159999
1788947160000,79101.79,79124.47,79015.55,79038.58,21.61412,1788947219999
1788947220000,79038.58,79097.86,79038.58,79050.13,16.61379,1788947279999
1788947280000,79050.13,79070.28,79010.0,79010.0,26.20347,1788947339999
1788947340000,79010.0,79020.55,79002.37,79016.01,6.88482,1788947399999
1788947400000,79016.01,79033.54,79003.05,79013.03,5.67748,1788947459999
1788947460000,79013.03,79038.83,79013.02,79038.83,7.47156,1788947519999
1788947520000,79038.83,79038.83,79019.3,79019.3,3.85724,1788947579999
1788947580000,79019.3,79019.31,78964.0,79012.5,15.82137,1788947639999
1788947640000,79012.5,79013.99,78964.0,78965.23,6.40954,1788947699999
1788947700000,78965.24,78965.24,78900.0,78920.0,14.55404,1788947759999
1788947760000,78920.01,78988.0,78920.0,78943.23,10.09431,1788947819999
1788947820000,78943.22,78943.23,78942.0,78942.01,1.07537,1788947879999
1788947880000,78942.0,78950.65,78942.0,78950.64,4.24376,1788947939999
1788947940000,78950.65,78974.0,78950.64,78952.01,7.4523,1788947999999
1788948000000,78952.01,79036.86,78952.0,79008.01,17.28044,1788948059999
1788948060000,79008.0,79011.99,78968.0,79011.99,6.54687,1788948119999
1788948120000,79011.99,79036.0,78995.97,79029.63,4.86167,1788948179999
1788948180000,79029.63,79044.0,79027.87,79035.58,8.03498,1788948239999
1788948240000,79035.57,79042.51,79035.57,79035.58,1.23169,1788948299999
1788948300000,79035.57,79048.0,79000.55,79024.0,10.82288,1788948359999
1788948360000,79024.0,79040.38,79014.35,79040.38,4.77382,1788948419999
1788948420000,79040.37,79040.38,79000.0,79001.62,13.03658,1788948479999
1788948480000,79001.62,79001.62,78965.32,78966.51,6.96464,1788948539999
1788948540000,78966.52,78994.42,78965.35,78965.36,7.80041,1788948599999
1788948600000,78965.35,79012.0,78941.93,79012.0,8.48635,1788948659999
1788948660000,79011.99,79032.38,79011.99,79013.04,7.04913,1788948719999
1788948720000,79013.04,79013.04,78986.0,79007.91,4.51533,1788948779999
1788948780000,79007.91,79027.99,79007.57,79007.57,3.60037,1788948839999
1788948840000,79007.58,79015.99,78986.01,79004.13,5.24884,1788948899999
1788948900000,79004.13,79015.99,78948.0,78948.0,5.3448,1788948959999
1788948960000,78948.01,78978.0,78928.72,78952.9,9.84327,1788949019999
1788949020000,78952.9,79002.0,78950.07,79002.0,5.41506,1788949079999
1788949080000,79002.0,79026.0,78997.71,79009.42,9.25511,1788949139999
1788949140000,79009.42,79065.83,79009.42,79065.83,9.42961,1788949199999
1788949200000,79065.83,79107.19,79065.82,79098.0,6.33387,1788949259999
1788949260000,79098.01,79118.01,79098.0,79117.99,7.58667,1788949319999
1788949320000,79118.0,79130.89,79070.16,79077.84,9.91262,1788949379999
1788949380000,79077.84,79083.83,79077.84,79083.83,1.40589,1788949439999
1788949440000,79083.83,79083.83,79072.54,79076.34,1.39644,1788949499999
1788949500000,79076.34,79087.59,79064.0,79072.84,8.05035,1788949559999
1788949560000,79072.84,79094.0,79066.73,79085.82,4.66979,1788949619999
1788949620000,79085.82,79100.0,79085.81,79088.69,2.32398,1788949679999
1788949680000,79088.69,79120.0,79080.63,79100.0,11.40925,1788949739999
1788949740000,79099.99,79117.55,79082.0,79082.01,12.92697,1788949799999
1788949800000,79082.0,79106.0,79071.22,79105.99,6.96749,1788949859999
1788949860000,79105.99,79115.35,79100.94,79115.35,24.36033,1788949919999
1788949920000,79115.35,79115.35,79102.65,79113.24,5.68739,1788949979999
1788949980000,79113.23,79117.84,79107.05,79110.79,3.78442,1788950039999
1788950040000,79110.79,79144.0,79094.46,79144.0,12.54544,1788950099999
1788950100000,79144.0,79144.0,79128.63,79128.64,1.48559,1788950159999
1788950160000,79128.63,79128.64,79070.0,79070.0,4.84938,1788950219999
1788950220000,79070.0,79127.42,79070.0,79127.42,4.6074,1788950279999
1788950280000,79127.42,79164.75,79127.42,79155.99,7.97443,1788950339999
1788950340000,79156.0,79183.91,79134.0,79153.08,19.63841,1788950399999
1788950400000,79153.07,79156.0,79110.2,79110.21,3.91753,1788950459999
1788950460000,79110.2,79110.2,79064.61,79064.61,3.25454,1788950519999
1788950520000,79064.61,79093.96,79060.0,79090.75,14.28978,1788950579999
1788950580000,79090.75,79090.76,79078.0,79084.25,3.25659,1788950639999
1788950640000,79084.24,79098.0,79066.0,79071.45,6.85134,1788950699999
1788950700000,79071.45,79071.46,79004.0,79012.15,7.61513,1788950759999
1788950760000,79012.15,79040.8,79012.14,79040.8,5.15207,1788950819999
1788950820000,79040.79,79040.79,79004.0,79022.0,9.03722,1788950879999
1788950880000,79022.0,79042.0,79021.99,79041.99,2.27015,1788950939999
1788950940000,79042.0,79042.0,79019.07,79034.0,4.09199,1788950999999
1788951000000,79034.0,79034.0,79000.0,79000.01,2.9192,1788951059999
1788951060000,79000.01,79000.01,78986.0,78986.01,5.12809,1788951119999
1788951120000,78986.01,78986.01,78920.8,78934.04,8.97262,1788951179999
1788951180000,78934.03,78934.04,78878.11,78897.0,12.3039,1788951239999
1788951240000,78897.0,78897.0,78880.4,78880.41,3.17404,1788951299999
1788951300000,78880.41,78903.33,78878.11,78903.33,4.26802,1788951359999
1788951360000,78903.32,78952.76,78903.32,78951.32,6.74753,1788951419999
1788951420000,78951.31,78951.32,78924.15,78924.16,4.17791,1788951479999
1788951480000,78924.15,78932.01,78914.41,78920.01,2.76735,1788951539999
1788951540000,78920.0,78920.01,78920.0,78920.01,1.69426,1788951599999
1788951600000,78920.01,78956.93,78908.03,78908.03,8.77822,1788951659999
1788951660000,78908.04,78908.04,78856.44,78856.45,15.08626,1788951719999
1788951720000,78856.45,78859.68,78782.9,78782.9,13.78481,1788951779999
1788951780000,78782.89,78786.55,78725.29,78784.25,40.08705,1788951839999
1788951840000,78784.24,78830.0,78784.24,78803.28,5.19417,1788951899999
1788951900000,78803.27,78803.27,78762.62,78782.98,9.77261,1788951959999
1788951960000,78782.97,78782.97,78755.6,78770.94,9.11627,1788952019999
1788952020000,78770.94,78801.12,78750.52,78800.49,29.49519,1788952079999
1788952080000,78800.49,78824.0,78776.0,78823.99,13.61063,1788952139999
1788952140000,78824.0,78848.0,78823.99,78848.0,2.62474,1788952199999
1788952200000,78848.0,78871.48,78842.0,78842.01,9.77577,1788952259999
1788952260000,78842.0,78880.0,78842.0,78877.98,7.91465,1788952319999
1788952320000,78877.98,78884.0,78870.09,78870.1,3.95285,1788952379999
1788952380000,78870.09,78914.0,78870.09,78882.0,7.24352,1788952439999
1788952440000,78882.01,78882.01,78836.29,78869.61,11.96232,1788952499999
1788952500000,78870.0,78882.0,78849.53,78849.53,10.23244,1788952559999
1788952560000,78849.53,78849.54,78793.77,78818.55,14.81159,1788952619999
1788952620000,78818.55,78830.0,78799.65,78810.34,17.33224,1788952679999
1788952680000,78810.35,78843.54,78799.14,78819.53,14.51411,1788952739999
1788952740000,78819.54,78842.0,78814.0,78814.01,3.54878,1788952799999
1788952800000,78814.01,78831.99,78814.0,78818.43,3.01607,1788952859999
1788952860000,78818.44,78818.44,78790.88,78818.0,8.3041,1788952919999
1788952920000,78818.0,78828.56,78803.98,78816.0,4.50616,1788952979999
1788952980000,78816.0,78875.11,78816.0,78875.11,10.55533,1788953039999
1788953040000,78875.11,78926.0,78875.11,78923.99,8.96058,1788953099999
1788953100000,78923.99,78940.0,78912.0,78917.07,7.82594,1788953159999
1788953160000,78917.07,78938.0,78917.06,78925.95,7.52367,1788953219999
1788953220000,78925.94,78971.99,78925.94,78961.54,10.32471,1788953279999
1788953280000,78961.54,78995.98,78954.16,78985.23,6.41119,1788953339999
1788953340000,78985.23,78995.98,78985.22,78995.98,8.43905,1788953399999
1788953400000,78995.97,79011.77,78973.05,79010.0,13.71087,1788953459999
1788953460000,79009.99,79012.52,78972.03,78972.04,8.10552,1788953519999
1788953520000,78972.04,79007.4,78962.0,78999.99,5.27582,1788953579999
1788953580000,79000.0,79069.99,79000.0,79069.99,6.00281,1788953639999
1788953640000,79070.0,79098.0,79058.0,79070.01,19.84983,1788953699999
1788953700000,79070.0,79070.47,79042.6,79042.62,4.01406,1788953759999
1788953760000,79042.62,79063.19,79039.77,79063.19,5.3011,1788953819999
1788953820000,79063.18,79079.92,79045.1,79045.1,6.50244,1788953879999
1788953880000,79045.11,79046.0,79032.0,79042.01,4.7782,1788953939999
1788953940000,79042.01,79050.0,79013.62,79049.9,18.21909,1788953999999
1788954000000,79049.89,79049.89,79028.63,79031.1,2.65036,1788954059999
1788954060000,79031.09,79031.1,79004.89,79004.9,1.23192,1788954119999
1788954120000,79004.89,79017.25,79004.61,79004.61,1.97895,1788954179999
1788954180000,79004.62,79052.0,79000.0,79051.99,6.61757,1788954239999
1788954240000,79052.0,79077.45,79024.43,79024.44,10.71901,1788954299999
1788954300000,79024.44,79074.0,79024.44,79074.0,10.11422,1788954359999
1788954360000,79074.0,79089.7,79074.0,79078.0,3.5395,1788954419999
1788954420000,79078.0,79084.0,79077.99,79083.99,2.94353,1788954479999
1788954480000,79083.99,79104.0,79083.99,79104.0,4.14505,1788954539999
1788954540000,79104.0,79186.14,79104.0,79154.0,13.53382,1788954599999
1788954600000,79153.99,79277.02,79148.05,79264.32,19.05813,1788954659999
1788954660000,79264.32,79379.28,79261.79,79335.25,32.61454,1788954719999
1788954720000,79335.18,79335.18,79290.35,79315.99,9.11908,1788954779999
1788954780000,79316.0,79360.0,79316.0,79346.0,16.03253,1788954839999
1788954840000,79346.0,79346.01,79306.26,79306.27,6.66904,1788954899999
1788954900000,79306.26,79306.27,79280.0,79295.33,4.44752,1788954959999
1788954960000,79295.33,79310.01,79288.0,79310.01,24.84317,1788955019999
1788955020000,79310.0,79338.92,79310.0,79310.04,56.74863,1788955079999
1788955080000,79310.04,79350.25,79310.03,79350.25,15.82155,1788955139999
1788955140000,79350.26,79359.99,79324.57,79324.75,82.80294,1788955199999
1788955200000,79324.75,79420.0,79324.75,79390.0,47.70771,1788955259999
1788955260000,79390.0,79390.01,79365.83,79365.84,36.44616,1788955319999
1788955320000,79365.83,79396.0,79365.83,79365.83,9.44047,1788955379999
1788955380000,79365.83,79370.01,79310.0,79335.67,70.55225,1788955439999
1788955440000,79335.66,79335.78,79312.24,79322.51,13.77256,1788955499999
1788955500000,79322.51,79352.0,79281.51,79337.7,143.22143,1788955559999
1788955560000,79337.7,79372.69,79337.7,79371.98,17.92717,1788955619999
1788955620000,79371.98,79403.49,79352.43,79403.48,46.40483,1788955679999
1788955680000,79403.48,79452.93,79399.73,79452.92,14.38459,1788955739999
1788955740000,79452.92,79452.93,79380.65,79421.28,17.00484,1788955799999
1788955800000,79421.28,79443.2,79421.28,79432.48,7.78534,1788955859999
1788955860000,79432.47,79432.48,79396.58,79409.91,6.37291,1788955919999
1788955920000,79409.91,79409.91,79392.0,79392.01,5.60003,1788955979999
1788955980000,79392.0,79392.01,79382.0,79382.01,2.50725,1788956039999
1788956040000,79382.01,79390.01,79380.33,79390.0,7.4788,1788956099999
1788956100000,79390.0,79414.61,79390.0,79404.2,6.11714,1788956159999
1788956160000,79404.2,79460.04,79404.19,79419.53,66.91875,1788956219999
1788956220000,79419.52,79419.53,79400.0,79400.01,7.39754,1788956279999
1788956280000,79400.0,79400.01,79326.0,79355.99,29.58673,1788956339999
1788956340000,79356.0,79367.99,79350.0,79367.99,9.9332,1788956399999
1788956400000,79368.0,79403.87,79368.0,79399.9,4.79065,1788956459999
1788956460000,79399.9,79399.9,79387.99,79392.01,4.07339,1788956519999
1788956520000,79392.01,79430.19,79392.01,79430.19,3.41446,1788956579999
1788956580000,79430.18,79430.18,79383.03,79419.95,14.84342,1788956639999
1788956640000,79419.94,79419.94,79393.82,79393.82,5.27605,1788956699999
1788956700000,79393.83,79396.21,79393.82,79393.83,5.08382,1788956759999
1788956760000,79393.82,79413.84,79373.54,79413.84,34.78556,1788956819999
1788956820000,79413.84,79413.84,79391.92,79391.92,5.16364,1788956879999
1788956880000,79391.92,79391.93,79371.17,79371.18,5.56768,1788956939999
1788956940000,79371.18,79405.25,79371.17,79405.25,9.11978,1788956999999
1788957000000,79405.25,79440.01,79405.24,79440.01,24.46899,1788957059999
1788957060000,79440.01,79482.57,79440.0,79480.94,8.69471,1788957119999
1788957120000,79480.94,79500.0,79474.99,79500.0,10.22242,1788957179999
1788957180000,79499.99,79503.79,79487.99,79492.79,16.26007,1788957239999
1788957240000,79492.79,79515.24,79492.78,79515.23,4.32571,1788957299999
1788957300000,79515.23,79573.45,79514.59,79573.45,34.19404,1788957359999
1788957360000,79573.44,79576.71,79514.69,79521.94,82.99617,1788957419999
1788957420000,79521.93,79521.94,79469.82,79470.96,7.29498,1788957479999
1788957480000,79470.96,79521.99,79470.96,79507.98,9.39355,1788957539999
1788957540000,79507.98,79554.55,79507.98,79528.55,35.09022,1788957599999
1788957600000,79528.55,79537.94,79503.62,79503.63,12.29293,1788957659999
1788957660000,79503.62,79583.06,79503.62,79575.1,18.42085,1788957719999
1788957720000,79575.11,79610.6,79563.25,79563.25,12.64356,1788957779999
1788957780000,79563.26,79563.26,79546.0,79548.83,3.76233,1788957839999
1788957840000,79548.83,79548.83,79508.12,79528.58,11.92963,1788957899999
1788957900000,79528.58,79553.14,79528.55,79553.13,9.02001,1788957959999
1788957960000,79553.14,79610.59,79553.14,79590.92,14.22308,1788958019999
1788958020000,79590.91,79590.92,79578.0,79578.06,7.41243,1788958079999
1788958080000,79578.06,79578.06,79534.17,79567.63,15.62818,1788958139999
1788958140000,79567.63,79631.74,79567.63,79631.73,8.66605,1788958199999
1788958200000,79631.74,79644.42,79617.84,79629.56,12.2751,1788958259999
1788958260000,79629.57,79650.0,79598.68,79598.68,19.2379,1788958319999
1788958320000,79598.68,79647.51,79576.43,79626.24,27.87094,1788958379999
1788958380000,79626.24,79662.56,79604.62,79641.56,11.82995,1788958439999
1788958440000,79641.55,79641.56,79608.86,79608.86,3.09614,1788958499999
1788958500000,79608.87,79608.87,79570.91,79600.44,23.16116,1788958559999
1788958560000,79600.43,79629.41,79596.01,79614.45,7.16796,1788958619999
1788958620000,79614.45,79629.18,79614.45,79629.18,3.43998,1788958679999
1788958680000,79629.18,79639.73,79603.2,79606.0,15.30186,1788958739999
1788958740000,79606.0,79610.04,79568.0,79606.14,7.20731,1788958799999
1788958800000,79606.15,79609.87,79531.81,79531.82,13.37243,1788958859999
1788958860000,79531.81,79556.96,79518.0,79533.78,13.98539,1788958919999
1788958920000,79533.77,79550.0,79522.0,79550.0,5.33667,1788958979999
1788958980000,79550.0,79557.91,79522.0,79522.0,3.55615,1788959039999
1788959040000,79522.01,79629.57,79510.0,79606.12,16.59884,1788959099999
1788959100000,79606.12,79606.12,79588.0,79588.0,4.15532,1788959159999
1788959160000,79588.0,79615.42,79556.0,79586.59,33.32774,1788959219999
1788959220000,79586.59,79598.51,79544.0,79544.0,6.60938,1788959279999
1788959280000,79544.0,79582.51,79544.0,79582.51,4.35647,1788959339999
1788959340000,79582.5,79582.5,79538.23,79538.23,5.97131,1788959399999
1788959400000,79538.23,79538.24,79511.0,79511.0,4.20226,1788959459999
1788959460000,79511.0,79511.01,79498.55,79498.56,6.12581,1788959519999
1788959520000,79498.56,79505.93,79498.55,79505.93,3.19052,1788959579999
1788959580000,79505.93,79525.41,79505.92,79509.99,4.57963,1788959639999
1788959640000,79510.0,79528.0,79509.99,79523.45,2.76577,1788959699999
1788959700000,79523.46,79526.0,79464.08,79479.99,9.52737,1788959759999
1788959760000,79479.98,79484.8,79477.95,79477.96,3.93239,1788959819999
1788959820000,79477.95,79493.57,79477.2,79484.01,4.99205,1788959879999
1788959880000,79484.01,79484.01,79468.0,79483.99,3.6203,1788959939999
1788959940000,79483.99,79514.0,79483.99,79514.0,6.32849,1788959999999
1788960000000,79514.0,79565.52,79496.52,79564.02,9.27845,1788960059999
1788960060000,79564.02,79595.99,79550.26,79594.8,14.46294,1788960119999
1788960120000,79594.79,79600.0,79560.0,79560.0,5.73651,1788960179999
1788960180000,79560.0,79560.0,79558.0,79558.0,1.11904,1788960239999
1788960240000,79558.0,79558.01,79540.28,79555.83,2.35058,1788960299999
1788960300000,79555.82,79563.53,79546.01,79560.97,4.59007,1788960359999
1788960360000,79560.96,79574.18,79554.76,79565.3,4.59431,1788960419999
1788960420000,79565.3,79600.0,79565.3,79599.99,3.09095,1788960479999
1788960480000,79599.99,79640.84,79590.63,79617.54,21.87822,1788960539999
1788960540000,79617.53,79640.73,79617.53,79620.05,3.98716,1788960599999
1788960600000,79620.05,79630.24,79546.0,79590.0,17.8283,1788960659999
1788960660000,79590.0,79590.0,79516.0,79564.13,14.65566,1788960719999
1788960720000,79564.13,79678.84,79558.01,79627.4,11.85026,1788960779999
1788960780000,79627.38,79648.51,79570.01,79630.08,28.65204,1788960839999
1788960840000,79630.07,79678.84,79588.0,79666.56,12.64702,1788960899999
1788960900000,79666.56,79666.56,79480.55,79480.55,11.73801,1788960959999
1788960960000,79480.55,79480.55,79360.0,79383.86,28.74003,1788961019999
1788961020000,79383.86,79383.86,79290.35,79336.0,34.0937,1788961079999
1788961080000,79336.0,79404.0,79315.0,79315.0,9.94402,1788961139999
1788961140000,79315.0,79360.0,79308.0,79344.0,9.61537,1788961199999
1788961200000,79344.0,79454.0,79343.26,79454.0,11.95222,1788961259999
1788961260000,79454.0,79471.86,79321.16,79322.44,14.99013,1788961319999
1788961320000,79322.44,79322.44,79200.0,79200.01,14.63246,1788961379999
1788961380000,79200.0,79200.0,79103.81,79160.9,36.64948,1788961439999
1788961440000,79160.9,79256.0,79147.85,79246.68,9.94148,1788961499999
1788961500000,79246.68,79284.0,79213.03,79230.0,15.13709,1788961559999
1788961560000,79230.0,79361.99,79212.0,79361.99,8.41995,1788961619999
1788961620000,79362.0,79390.0,79334.0,79334.0,16.31294,1788961679999
1788961680000,79334.01,79375.24,79290.0,79358.4,20.42942,1788961739999
1788961740000,79358.39,79382.0,79306.0,79306.0,20.40702,1788961799999
1788961800000,79306.01,79347.46,79306.0,79340.0,8.56068,1788961859999
1788961860000,79340.0,79379.18,79306.0,79306.0,7.37645,1788961919999
1788961920000,79306.0,79350.0,79300.22,79348.04,6.20175,1788961979999
1788961980000,79348.0,79360.0,79296.11,79296.11,5.38777,1788962039999
1788962040000,79296.12,79296.12,79171.67,79181.1,35.51746,1788962099999
1788962100000,79181.11,79205.43,79181.11,79204.59,11.59958,1788962159999
1788962160000,79204.58,79226.0,79186.28,79221.38,10.19862,1788962219999
1788962220000,79221.37,79298.08,79221.37,79256.01,9.70971,1788962279999
1788962280000,79256.0,79256.0,79187.98,79205.43,12.19605,1788962339999
1788962340000,79205.42,79205.43,79103.19,79140.69,17.93001,1788962399999
1788962400000,79140.69,79152.0,79088.47,79089.42,34.01694,1788962459999
1788962460000,79089.42,79105.59,78925.23,78930.05,63.39269,1788962519999
1788962520000,78930.06,79008.09,78918.31,78957.01,20.08198,1788962579999
1788962580000,78957.01,78985.2,78910.58,78915.92,16.58648,1788962639999
1788962640000,78915.92,79089.67,78890.43,79068.51,36.25794,1788962699999
1788962700000,79068.52,79205.43,79068.51,79145.99,20.89792,1788962759999
1788962760000,79146.0,79174.0,79040.0,79041.13,41.36586,1788962819999
1788962820000,79041.13,79041.13,78980.66,79014.0,23.9456,1788962879999
1788962880000,79013.99,79064.0,79013.99,79050.01,11.93671,1788962939999
1788962940000,79050.97,79050.97,78978.37,78988.93,9.1481,1788962999999
1788963000000,78988.77,79005.76,78950.64,78950.65,34.86397,1788963059999
1788963060000,78950.64,78957.44,78904.1,78911.6,23.56061,1788963119999
1788963120000,78911.59,78952.0,78900.18,78950.01,17.92057,1788963179999
1788963180000,78950.0,79054.0,78950.0,79053.99,11.44434,1788963239999
1788963240000,79054.0,79094.98,79053.99,79086.01,6.95089,1788963299999
1788963300000,79086.0,79086.0,79028.0,79069.99,20.49965,1788963359999
1788963360000,79070.0,79089.25,79010.04,79014.01,16.47053,1788963419999
1788963420000,79014.01,79076.0,79014.0,79044.0,9.98795,1788963479999
1788963480000,79044.0,79044.0,78977.62,79004.0,16.18398,1788963539999
1788963540000,79004.0,79004.0,78937.2,78959.99,23.59331,1788963599999
1788963600000,78959.99,78960.0,78877.41,78909.7,25.29572,1788963659999
1788963660000,78909.7,79013.67,78900.6,78986.0,13.74984,1788963719999
1788963720000,78986.01,78986.01,78877.36,78966.0,49.99852,1788963779999
1788963780000,78966.0,78966.0,78924.0,78939.99,9.80537,1788963839999
1788963840000,78939.99,78966.52,78885.53,78936.01,18.05449,1788963899999
1788963900000,78936.0,79061.47,78914.0,79061.46,9.36877,1788963959999
1788963960000,79061.46,79140.0,79054.0,79124.0,10.58853,1788964019999
1788964020000,79124.0,79174.46,79123.99,79136.66,12.86382,1788964079999
1788964080000,79136.01,79250.0,79136.01,79250.0,6.94232,1788964139999
1788964140000,79250.0,79274.74,79194.41,79274.74,22.49446,1788964199999
1788964200000,79274.74,79284.0,79238.41,79244.0,9.50175,1788964259999
1788964260000,79244.0,79269.29,79230.0,79269.28,23.43635,1788964319999
1788964320000,79269.29,79291.76,79269.29,79284.6,7.73558,1788964379999
1788964380000,79284.6,79339.5,79269.21,79339.5,9.34141,1788964439999
1788964440000,79339.5,79344.16,79264.0,79297.16,18.48226,1788964499999
1788964500000,79297.16,79375.0,79297.16,79372.74,5.3309,1788964559999
1788964560000,79372.75,79413.74,79300.0,79300.01,14.53752,1788964619999
1788964620000,79300.01,79310.04,79240.64,79240.64,6.57939,1788964679999
1788964680000,79240.63,79309.24,79240.63,79246.01,6.06534,1788964739999
1788964740000,79246.0,79286.0,79242.0,79266.76,17.3818,1788964799999
1788964800000,79266.76,79266.77,79229.84,79250.44,3.89944,1788964859999
1788964860000,79250.44,79268.0,79132.0,79141.6,10.08612,1788964919999
1788964920000,79141.6,79158.0,79132.0,79141.77,9.42793,1788964979999
1788964980000,79141.77,79141.77,79096.01,79096.01,22.06802,1788965039999
1788965040000,79096.01,79109.96,78965.69,79000.0,22.42909,1788965099999
1788965100000,78999.99,79031.94,78932.89,79030.65,14.27123,1788965159999
1788965160000,79030.66,79099.24,79023.56,79099.24,11.412,1788965219999
1788965220000,79099.24,79103.99,79026.94,79045.19,16.03044,1788965279999
1788965280000,79045.2,79056.01,79002.0,79015.23,6.83178,1788965339999
1788965340000,79015.23,79134.0,79015.22,79134.0,18.33345,1788965399999
1788965400000,79134.01,79136.01,79088.0,79088.01,7.4364,1788965459999
1788965460000,79088.01,79094.0,79034.0,79034.01,6.81241,1788965519999
1788965520000,79034.0,79034.0,78952.81,78952.81,19.51288,1788965579999
1788965580000,78952.82,78976.56,78934.01,78971.38,9.91603,1788965639999
1788965640000,78971.38,78982.01,78910.4,78910.4,14.65266,1788965699999
1788965700000,78910.39,78960.71,78910.0,78928.0,21.28973,1788965759999
1788965760000,78928.0,78928.0,78889.23,78903.2,23.99754,1788965819999
1788965820000,78903.2,78956.01,78903.19,78926.0,14.59304,1788965879999
1788965880000,78926.0,78944.01,78885.53,78936.42,21.46366,1788965939999
1788965940000,78936.43,78958.01,78930.14,78958.01,3.56715,1788965999999
1788966000000,78958.01,79394.99,78958.01,79392.01,68.41197,1788966059999
1788966060000,79392.01,79392.01,78628.47,78859.18,212.3011,1788966119999
1788966120000,78859.18,78924.01,78720.01,78720.01,114.35276,1788966179999
1788966180000,78720.0,78882.01,78660.08,78874.76,65.69959,1788966239999
1788966240000,78874.75,78879.54,78690.0,78808.01,29.99391,1788966299999
1788966300000,78808.0,78910.01,78700.23,78711.35,24.68021,1788966359999
1788966360000,78711.35,78762.71,78637.73,78645.77,70.70478,1788966419999
1788966420000,78645.78,78653.19,78450.37,78610.05,130.16212,1788966479999
1788966480000,78610.04,78670.83,78566.31,78656.46,44.50488,1788966539999
1788966540000,78656.46,78676.36,78570.8,78611.43,40.69748,1788966599999
1788966600000,78611.43,78676.37,78526.0,78526.0,50.04569,1788966659999
1788966660000,78526.01,78536.02,78292.39,78315.4,75.04763,1788966719999
1788966720000,78315.4,78370.78,78280.0,78370.78,19.73361,1788966779999
1788966780000,78370.77,78514.66,78362.94,78477.22,13.23719,1788966839999
1788966840000,78477.21,78504.62,78467.52,78478.01,24.99333,1788966899999
1788966900000,78478.01,78614.01,78428.0,78604.78,17.25118,1788966959999
1788966960000,78604.79,78625.19,78574.24,78625.19,21.26182,1788967019999
1788967020000,78625.19,78625.19,78578.0,78613.06,16.31979,1788967079999
1788967080000,78613.07,78625.19,78512.92,78535.39,19.83636,1788967139999
1788967140000,78535.39,78535.39,78500.01,78533.44,22.70348,1788967199999
1788967200000,78533.44,78551.92,78478.01,78478.01,6.65384,1788967259999
1788967260000,78478.01,78478.01,78220.79,78222.0,35.52876,1788967319999
1788967320000,78222.0,78273.77,78124.0,78137.87,60.99499,1788967379999
1788967380000,78137.87,78153.83,78104.22,78133.08,20.59449,1788967439999
1788967440000,78133.08,78151.5,78060.03,78075.03,32.23523,1788967499999
1788967500000,78075.03,78171.69,78060.04,78171.69,49.21033,1788967559999
1788967560000,78171.69,78247.66,78121.74,78247.66,39.47046,1788967619999
1788967620000,78247.66,78311.91,78224.17,78260.07,35.13356,1788967679999
1788967680000,78260.07,78380.64,78260.06,78371.19,28.27679,1788967739999
1788967740000,78371.18,78400.0,78363.4,78377.23,7.78305,1788967799999
1788967800000,78377.23,78440.01,78340.3,78440.01,17.65456,1788967859999
1788967860000,78440.01,78482.01,78389.52,78389.53,13.0579,1788967919999
1788967920000,78389.52,78457.1,78366.53,78457.1,10.66917,1788967979999
1788967980000,78457.1,78485.67,78403.94,78484.81,22.89553,1788968039999
1788968040000,78484.81,78611.64,78472.13,78611.63,30.78433,1788968099999
1788968100000,78611.63,78658.01,78572.6,78593.78,14.85653,1788968159999
1788968160000,78593.78,78690.01,78556.0,78690.01,26.81832,1788968219999
1788968220000,78690.0,78693.05,78640.17,78651.43,10.79558,1788968279999
1788968280000,78651.42,78651.42,78568.47,78598.59,12.45441,1788968339999
1788968340000,78598.59,78739.8,78585.19,78730.35,19.26964,1788968399999
1788968400000,78730.35,78750.0,78620.96,78673.32,9.67225,1788968459999
1788968460000,78673.32,78673.32,78639.63,78666.32,15.53297,1788968519999
1788968520000,78666.31,78688.79,78616.02,78616.74,10.56732,1788968579999
1788968580000,78616.75,78678.25,78616.75,78678.25,7.71531,1788968639999
1788968640000,78678.25,78678.25,78641.25,78643.39,6.00899,1788968699999
1788968700000,78643.4,78643.4,78596.0,78596.01,7.88015,1788968759999
1788968760000,78596.01,78682.53,78596.0,78659.52,8.39108,1788968819999
1788968820000,78659.51,78660.82,78600.0,78600.01,3.9423,1788968879999
1788968880000,78600.01,78628.3,78555.39,78555.4,10.73162,1788968939999
1788968940000,78555.39,78612.21,78555.39,78612.21,3.33068,1788968999999
1788969000000,78612.21,78651.77,78601.76,78601.76,5.72831,1788969059999
1788969060000,78601.77,78606.08,78556.02,78589.51,7.25083,1788969119999
1788969120000,78590.71,78619.71,78590.71,78600.25,6.32139,1788969179999
1788969180000,78600.25,78614.02,78584.33,78614.02,3.00268,1788969239999
1788969240000,78614.01,78686.53,78614.01,78686.52,9.32066,1788969299999
1788969300000,78686.53,78689.36,78600.55,78604.91,4.28653,1788969359999
1788969360000,78604.91,78628.07,78604.91,78620.8,2.94475,1788969419999
1788969420000,78620.8,78642.01,78620.79,78642.0,3.07404,1788969479999
1788969480000,78642.01,78668.42,78605.22,78617.37,18.49725,1788969539999
1788969540000,78617.37,78617.37,78590.48,78596.7,9.39212,1788969599999
1788969600000,78596.7,78607.12,78570.01,78606.0,5.60892,1788969659999
1788969660000,78606.01,78636.01,78592.34,78636.01,3.51487,1788969719999
1788969720000,78636.01,78708.01,78626.0,78708.0,30.34018,1788969779999
1788969780000,78708.01,78743.71,78699.32,78743.71,6.84401,1788969839999
1788969840000,78743.71,78789.42,78743.7,78746.01,13.03064,1788969899999
1788969900000,78746.0,78772.01,78734.01,78772.01,4.53113,1788969959999
1788969960000,78772.01,78779.96,78692.53,78716.01,12.09357,1788970019999
1788970020000,78716.0,78746.0,78668.01,78668.01,14.1827,1788970079999
1788970080000,78668.01,78668.01,78564.0,78564.01,10.65138,1788970139999
1788970140000,78564.01,78569.43,78502.15,78502.16,6.08996,1788970199999
1788970200000,78502.15,78574.01,78493.19,78538.01,7.55024,1788970259999
1788970260000,78538.01,78550.0,78524.0,78530.01,4.31165,1788970319999
1788970320000,78530.01,78602.01,78516.97,78602.01,34.67473,1788970379999
1788970380000,78602.01,78620.01,78572.01,78608.01,7.05278,1788970439999
1788970440000,78608.01,78666.97,78608.0,78666.96,3.35885,1788970499999
1788970500000,78666.97,78667.0,78562.01,78562.01,6.76534,1788970559999
1788970560000,78562.01,78562.01,78528.72,78536.01,3.07419,1788970619999
1788970620000,78536.0,78566.57,78500.0,78502.01,15.80173,1788970679999
1788970680000,78502.01,78554.01,78502.01,78523.61,4.91431,1788970739999
1788970740000,78523.61,78557.41,78514.42,78557.4,5.27525,1788970799999
1788970800000,78557.4,78614.01,78548.0,78614.01,7.16931,1788970859999
1788970860000,78614.01,78646.01,78614.01,78626.0,5.60187,1788970919999
1788970920000,78626.01,78626.01,78492.14,78492.14,7.84562,1788970979999
1788970980000,78492.14,78492.15,78460.34,78479.56,5.86733,1788971039999
1788971040000,78479.56,78506.0,78462.24,78506.0,6.43969,1788971099999
1788971100000,78506.01,78620.01,78506.01,78552.0,16.68813,1788971159999
1788971160000,78552.0,78573.52,78548.0,78573.52,4.15419,1788971219999
1788971220000,78573.51,78627.96,78573.51,78620.3,4.11118,1788971279999
1788971280000,78620.29,78661.23,78602.19,78602.2,7.9141,1788971339999
1788971340000,78602.2,78634.01,78594.0,78634.01,5.31534,1788971399999
1788971400000,78634.01,78736.02,78634.01,78716.01,9.99259,1788971459999
1788971460000,78716.0,78770.01,78714.01,78770.01,8.26883,1788971519999
1788971520000,78770.01,78770.01,78726.0,78762.01,6.31434,1788971579999
1788971580000,78762.01,78798.01,78762.01,78798.0,12.00276,1788971639999
1788971640000,78798.01,78938.55,78798.0,78873.06,46.4448,1788971699999
1788971700000,78873.06,78886.0,78820.25,78847.99,14.72692,1788971759999
1788971760000,78847.99,78865.85,78823.7,78856.74,13.2129,1788971819999
1788971820000,78856.73,78856.73,78798.0,78798.01,8.50796,1788971879999
1788971880000,78798.01,78823.36,78784.42,78788.01,7.67833,1788971939999
1788971940000,78788.0,78810.01,78780.0,78810.01,4.87496,1788971999999
1788972000000,78810.01,78810.01,78764.0,78768.01,4.2126,1788972059999
1788972060000,78768.01,78790.0,78768.01,78784.01,2.46609,1788972119999
1788972120000,78784.0,78784.01,78756.0,78766.01,4.0823,1788972179999
1788972180000,78766.01,78780.01,78756.67,78776.01,16.66107,1788972239999
1788972240000,78776.01,78806.02,78764.01,78806.02,15.03697,1788972299999
1788972300000,78806.01,78806.02,78777.32,78786.27,11.2552,1788972359999
1788972360000,78786.26,78791.59,78773.16,78781.61,6.70676,1788972419999
1788972420000,78781.6,78797.57,78773.17,78786.01,3.69027,1788972479999
1788972480000,78786.01,78796.21,78782.44,78782.45,4.14729,1788972539999
1788972540000,78782.45,78782.45,78750.0,78750.0,6.29715,1788972599999
1788972600000,78750.01,78778.05,78750.0,78762.0,5.66278,1788972659999
1788972660000,78762.0,78774.3,78758.71,78758.71,1.84344,1788972719999
1788972720000,78758.72,78785.6,78758.71,78766.43,4.96305,1788972779999
1788972780000,78766.43,78766.43,78752.0,78752.01,5.29249,1788972839999
1788972840000,78752.01,78752.01,78738.88,78738.89,6.96945,1788972899999
1788972900000,78738.89,78752.01,78738.78,78740.29,11.12312,1788972959999
1788972960000,78740.29,78763.51,78740.29,78762.01,5.59168,1788973019999
1788973020000,78762.01,78782.01,78762.01,78779.65,5.43085,1788973079999
1788973080000,78779.66,78805.95,78779.65,78802.54,15.64395,1788973139999
1788973140000,78802.55,78812.19,78799.85,78804.9,8.66302,1788973199999
1788973200000,78804.9,78804.9,78790.0,78790.01,4.21582,1788973259999
1788973260000,78790.0,78790.01,78735.12,78735.13,4.88537,1788973319999
1788973320000,78735.13,78818.81,78734.18,78818.8,16.73469,1788973379999
1788973380000,78818.8,78837.46,78759.69,78759.69,22.5268,1788973439999
1788973440000,78759.7,78790.22,78738.0,78738.0,12.77491,1788973499999
1788973500000,78738.0,78794.11,78724.0,78794.11,6.25209,1788973559999
1788973560000,78794.1,78810.03,78794.1,78810.03,10.89174,1788973619999
1788973620000,78810.03,78811.91,78754.0,78754.01,7.62589,1788973679999
1788973680000,78754.01,78798.6,78746.01,78790.01,12.78087,1788973739999
1788973740000,78790.01,78804.64,78790.0,78800.0,2.98201,1788973799999
1788973800000,78800.0,78805.62,78784.0,78805.62,8.03921,1788973859999
1788973860000,78805.62,78866.35,78805.62,78866.34,18.74464,1788973919999
1788973920000,78866.34,78881.98,78846.0,78870.1,6.12581,1788973979999
1788973980000,78870.1,78919.76,78829.85,78884.09,23.301,1788974039999
1788974040000,78884.1,78885.5,78862.0,78871.62,2.8605,1788974099999
1788974100000,78871.62,78889.58,78852.0,78882.23,9.31716,1788974159999
1788974160000,78882.23,78882.23,78855.08,78857.23,5.30301,1788974219999
1788974220000,78857.23,78868.01,78823.3,78823.3,3.48896,1788974279999
1788974280000,78823.29,78860.01,78808.75,78860.01,12.74474,1788974339999
1788974340000,78860.0,78860.01,78829.71,78829.71,1.61455,1788974399999
1788974400000,78829.72,78841.37,78817.3,78821.81,4.27172,1788974459999
1788974460000,78821.81,78840.85,78810.0,78810.01,3.64066,1788974519999
1788974520000,78810.0,78810.01,78794.0,78794.0,0.99244,1788974579999
1788974580000,78794.0,78811.8,78794.0,78811.8,1.53227,1788974639999
1788974640000,78811.81,78854.09,78811.8,78854.08,3.32718,1788974699999
1788974700000,78854.09,78900.0,78854.09,78900.0,3.02282,1788974759999
1788974760000,78900.0,78934.4,78868.96,78897.46,7.73574,1788974819999
1788974820000,78897.46,78897.46,78854.0,78856.76,3.47017,1788974879999
1788974880000,78856.76,78882.86,78856.76,78877.54,8.33861,1788974939999
1788974940000,78877.54,78877.55,78853.68,78854.17,10.69908,1788974999999
1788975000000,78854.16,78858.91,78846.39,78847.01,4.37827,1788975059999
1788975060000,78847.0,78847.0,78788.0,78788.01,3.83276,1788975119999
1788975120000,78788.01,78805.15,78774.74,78780.01,3.8964,1788975179999
1788975180000,78780.0,78797.57,78769.5,78797.57,2.44426,1788975239999
1788975240000,78797.57,78824.01,78797.57,78800.01,2.60198,1788975299999
1788975300000,78800.0,78816.01,78784.0,78812.01,9.11935,1788975359999
1788975360000,78812.01,78862.01,78812.0,78832.0,6.59776,1788975419999
1788975420000,78832.01,78832.01,78804.93,78804.93,2.58516,1788975479999
1788975480000,78804.94,78804.94,78762.0,78762.01,9.13758,1788975539999
1788975540000,78762.01,78762.01,78738.83,78738.84,3.41758,1788975599999
1788975600000,78738.83,78762.13,78732.01,78732.01,14.11586,1788975659999
1788975660000,78732.0,78732.0,78692.0,78697.92,7.07779,1788975719999
1788975720000,78698.0,78709.04,78697.99,78709.03,1.67558,1788975779999
1788975780000,78709.03,78715.57,78702.99,78703.0,0.94803,1788975839999
1788975840000,78703.0,78706.01,78702.48,78702.49,1.53905,1788975899999
1788975900000,78702.48,78710.0,78702.48,78710.0,2.37851,1788975959999
1788975960000,78710.0,78716.0,78674.0,78712.01,21.50216,1788976019999
1788976020000,78712.01,78738.84,78712.01,78731.7,3.54975,1788976079999
1788976080000,78731.71,78731.71,78710.0,78727.21,5.54431,1788976139999
1788976140000,78727.2,78764.42,78727.2,78764.42,5.06033,1788976199999
1788976200000,78764.42,78764.42,78746.0,78746.0,5.94039,1788976259999
1788976260000,78746.01,78746.01,78708.0,78714.01,4.41377,1788976319999
1788976320000,78714.01,78738.84,78714.0,78738.83,3.63427,1788976379999
1788976380000,78738.84,78785.9,78738.83,78768.01,14.98288,1788976439999
1788976440000,78768.01,78800.0,78768.01,78800.0,9.95555,1788976499999
1788976500000,78799.99,78800.0,78772.0,78791.12,7.32184,1788976559999
1788976560000,78791.13,78796.01,78791.12,78794.01,2.12764,1788976619999
1788976620000,78794.01,78823.99,78789.99,78817.37,15.22383,1788976679999
1788976680000,78817.36,78817.37,78811.53,78812.62,6.68864,1788976739999
1788976740000,78812.62,78812.62,78776.0,78776.01,2.8923,1788976799999
1788976800000,78776.0,78790.02,78759.12,78759.13,8.4886,1788976859999
1788976860000,78759.12,78784.01,78759.12,78784.01,4.20129,1788976919999
1788976920000,78784.0,78792.25,78754.75,78768.01,7.38162,1788976979999
1788976980000,78768.0,78768.0,78746.0,78748.01,4.63204,1788977039999
1788977040000,78748.01,78748.01,78733.76,78736.0,2.43119,1788977099999
1788977100000,78736.0,78768.01,78736.0,78768.0,3.62424,1788977159999
1788977160000,78768.01,78768.01,78716.0,78716.01,3.48388,1788977219999
1788977220000,78716.0,78716.01,78682.0,78682.01,1.58042,1788977279999
1788977280000,78682.01,78683.75,78665.26,78665.26,5.80698,1788977339999
1788977340000,78665.26,78680.01,78664.0,78680.0,1.60551,1788977399999
1788977400000,78680.0,78680.0,78672.0,78675.25,3.87338,1788977459999
1788977460000,78675.25,78675.25,78644.71,78644.72,3.62465,1788977519999
1788977520000,78644.72,78644.72,78626.0,78627.99,5.10602,1788977579999
1788977580000,78627.99,78627.99,78614.0,78614.01,4.85845,1788977639999
1788977640000,78614.0,78614.0,78598.0,78600.0,2.07985,1788977699999
1788977700000,78600.0,78605.95,78599.99,78605.95,5.67186,1788977759999
1788977760000,78605.95,78614.0,78598.0,78613.98,3.61704,1788977819999
1788977820000,78613.99,78626.91,78613.99,78626.91,5.468,1788977879999
1788977880000,78626.9,78626.91,78625.35,78625.35,1.52104,1788977939999
1788977940000,78625.36,78625.36,78578.6,78578.61,2.99204,1788977999999
1788978000000,78578.6,78590.09,78578.0,78590.09,1.38288,1788978059999
1788978060000,78590.09,78640.54,78590.08,78640.54,3.18173,1788978119999
1788978120000,78640.54,78640.54,78600.0,78610.0,4.33581,1788978179999
1788978180000,78610.01,78611.6,78568.0,78568.01,2.79491,1788978239999
1788978240000,78568.0,78598.79,78568.0,78598.78,3.98311,1788978299999
1788978300000,78598.79,78598.79,78591.76,78596.0,4.75778,1788978359999
1788978360000,78596.01,78600.0,78592.4,78592.41,4.41917,1788978419999
1788978420000,78592.41,78613.56,78592.4,78613.55,2.20105,1788978479999
1788978480000,78613.55,78618.01,78596.01,78614.01,6.40156,1788978539999
1788978540000,78614.01,78624.01,78614.01,78624.0,2.66479,1788978599999
1788978600000,78624.01,78624.01,78610.0,78610.0,2.51758,1788978659999
1788978660000,78610.0,78618.0,78610.0,78618.0,2.47941,1788978719999
1788978720000,78617.99,78617.99,78578.6,78594.52,3.496,1788978779999
1788978780000,78594.53,78642.0,78594.53,78636.51,2.47581,1788978839999
1788978840000,78636.51,78642.0,78583.49,78583.5,4.11401,1788978899999
1788978900000,78583.5,78583.5,78540.0,78544.67,9.02516,1788978959999
1788978960000,78544.67,78572.01,78544.67,78560.01,2.3843,1788979019999
1788979020000,78560.0,78560.01,78548.0,78548.01,0.83646,1788979079999
1788979080000,78548.0,78566.01,78548.0,78566.0,1.9168,1788979139999
1788979140000,78566.01,78567.53,78544.0,78544.0,1.14661,1788979199999
1788979200000,78544.0,78555.75,78542.0,78555.75,5.51912,1788979259999
1788979260000,78555.74,78555.75,78526.06,78530.51,4.35578,1788979319999
1788979320000,78530.5,78533.03,78499.72,78508.88,7.9633,1788979379999
1788979380000,78508.88,78533.73,78505.96,78526.83,3.6144,1788979439999
1788979440000,78526.83,78534.01,78526.82,78534.01,2.99898,1788979499999
1788979500000,78534.01,78538.19,78482.0,78501.57,21.48337,1788979559999
1788979560000,78501.57,78526.07,78501.57,78524.01,2.07101,1788979619999
1788979620000,78524.0,78524.01,78504.0,78520.35,1.84518,1788979679999
1788979680000,78520.35,78522.01,78520.34,78522.0,0.43659,1788979739999
1788979740000,78522.01,78529.46,78496.0,78529.45,9.39571,1788979799999
1788979800000,78529.46,78559.66,78528.0,78542.5,3.70997,1788979859999
1788979860000,78542.49,78542.5,78488.0,78500.01,6.47501,1788979919999
1788979920000,78500.01,78507.86,78478.0,78482.01,4.19927,1788979979999
1788979980000,78482.01,78495.97,78478.0,78478.01,5.21341,1788980039999
1788980040000,78478.01,78483.92,78421.59,78434.93,37.28982,1788980099999
1788980100000,78434.93,78488.01,78418.0,78488.01,9.24261,1788980159999
1788980160000,78488.0,78488.01,78458.01,78458.01,4.6606,1788980219999
1788980220000,78458.0,78459.86,78438.0,78459.86,3.22341,1788980279999
1788980280000,78459.86,78466.01,78459.86,78466.01,0.67118,1788980339999
1788980340000,78466.0,78466.01,78403.36,78414.42,8.56002,1788980399999
1788980400000,78414.42,78448.81,78394.01,78448.8,22.75334,1788980459999
1788980460000,78448.8,78480.54,78436.0,78476.0,6.23133,1788980519999
1788980520000,78476.01,78476.01,78434.0,78434.0,3.26044,1788980579999
1788980580000,78434.0,78434.0,78380.0,78380.0,4.89315,1788980639999
1788980640000,78380.01,78408.09,78380.01,78392.27,6.42324,1788980699999
1788980700000,78392.26,78408.72,78340.11,78397.98,19.42,1788980759999
1788980760000,78397.98,78416.01,78392.78,78416.01,2.0397,1788980819999
1788980820000,78416.01,78442.01,78401.62,78401.91,5.00036,1788980879999
1788980880000,78401.9,78406.9,78386.78,78392.79,5.26198,1788980939999
1788980940000,78392.78,78399.04,78381.25,78392.79,2.35774,1788980999999
1788981000000,78392.78,78410.01,78392.78,78403.71,3.872,1788981059999
1788981060000,78403.71,78419.69,78403.7,78416.49,3.35555,1788981119999
1788981120000,78416.49,78447.83,78416.49,78447.83,2.75993,1788981179999
1788981180000,78447.82,78462.01,78447.82,78462.0,1.59942,1788981239999
1788981240000,78462.01,78488.0,78462.01,78484.07,5.06902,1788981299999
1788981300000,78484.07,78515.43,78470.0,78515.42,4.63874,1788981359999
1788981360000,78515.42,78515.44,78508.01,78508.02,2.83577,1788981419999
1788981420000,78508.02,78508.02,78478.0,78489.65,4.22307,1788981479999
1788981480000,78489.65,78497.37,78474.0,78497.37,6.32501,1788981539999
1788981540000,78497.37,78520.01,78497.36,78518.48,2.014,1788981599999
1788981600000,78518.48,78518.49,78504.0,78504.0,0.94019,1788981659999
1788981660000,78504.0,78504.01,78502.0,78502.01,1.9936,1788981719999
1788981720000,78502.0,78518.73,78496.0,78518.73,3.64652,1788981779999
1788981780000,78518.73,78545.23,78518.72,78545.23,3.23228,1788981839999
1788981840000,78545.23,78575.32,78545.22,78572.0,3.58701,1788981899999
1788981900000,78572.01,78572.01,78556.75,78566.01,13.96924,1788981959999
1788981960000,78566.0,78566.01,78558.14,78562.01,1.91888,1788982019999
1788982020000,78562.0,78562.0,78532.0,78532.01,1.46151,1788982079999
1788982080000,78532.01,78536.01,78530.1,78530.1,1.13918,1788982139999
1788982140000,78530.11,78541.74,78530.1,78534.0,9.3927,1788982199999
1788982200000,78534.0,78547.18,78520.0,78536.0,3.26909,1788982259999
1788982260000,78536.0,78536.0,78502.5,78520.0,8.64678,1788982319999
1788982320000,78520.0,78543.6,78520.0,78543.59,2.74386,1788982379999
1788982380000,78543.6,78546.01,78518.0,78518.02,12.89435,1788982439999
1788982440000,78518.02,78544.01,78510.0,78533.99,40.3538,1788982499999
1788982500000,78533.99,78533.99,78482.0,78506.0,7.22823,1788982559999
1788982560000,78506.01,78506.01,78450.01,78450.01,12.14876,1788982619999
1788982620000,78450.0,78454.01,78415.35,78415.35,14.77363,1788982679999
1788982680000,78414.0,78414.0,78364.15,78364.15,11.43126,1788982739999
1788982740000,78364.16,78385.56,78343.25,78343.25,9.0485,1788982799999
1788982800000,78343.26,78369.31,78318.48,78366.01,18.78611,1788982859999
1788982860000,78366.01,78382.01,78350.0,78360.36,4.34725,1788982919999
1788982920000,78360.36,78375.04,78354.01,78366.01,6.90319,1788982979999
1788982980000,78366.01,78384.01,78352.18,78374.0,29.06194,1788983039999
1788983040000,78374.0,78374.01,78290.73,78296.82,18.93894,1788983099999
1788983100000,78296.83,78309.84,78290.0,78293.77,5.19631,1788983159999
1788983160000,78293.77,78313.31,78293.76,78297.63,8.20079,1788983219999
1788983220000,78297.62,78332.0,78297.62,78314.62,7.19036,1788983279999
1788983280000,78314.62,78330.01,78314.61,78316.01,3.25578,1788983339999
1788983340000,78316.01,78332.01,78316.0,78332.01,3.58959,1788983399999
1788983400000,78332.0,78332.0,78219.0,78248.37,16.9688,1788983459999
1788983460000,78248.96,78313.31,78232.0,78313.31,9.85394,1788983519999
1788983520000,78313.3,78320.08,78218.56,78218.57,6.66679,1788983579999
1788983580000,78218.56,78218.56,78150.0,78178.37,15.15249,1788983639999
1788983640000,78178.38,78234.23,78178.38,78230.01,17.71876,1788983699999
1788983700000,78230.01,78232.01,78194.0,78232.0,5.97089,1788983759999
1788983760000,78232.0,78232.0,78202.0,78214.93,3.74341,1788983819999
1788983820000,78214.93,78235.95,78214.93,78216.64,5.5082,1788983879999
1788983880000,78216.64,78232.25,78216.64,78232.25,4.36407,1788983939999
1788983940000,78232.25,78236.82,78226.46,78234.94,5.01286,1788983999999
1788984000000,78234.94,78251.41,78231.76,78251.41,4.58688,1788984059999
1788984060000,78251.41,78262.01,78234.0,78262.0,5.78936,1788984119999
1788984120000,78262.0,78273.02,78240.39,78267.4,6.63807,1788984179999
1788984180000,78267.39,78267.4,78236.0,78238.56,6.07203,1788984239999
1788984240000,78238.56,78238.56,78194.0,78194.0,3.70735,1788984299999
1788984300000,78194.0,78262.0,78192.07,78262.0,3.25504,1788984359999
1788984360000,78262.01,78270.01,78256.08,78256.09,6.26636,1788984419999
1788984420000,78256.08,78256.09,78210.0,78219.27,3.7107,1788984479999
1788984480000,78219.28,78242.01,78219.27,78242.0,1.29978,1788984539999
1788984540000,78242.01,78265.7,78242.01,78265.69,15.67987,1788984599999
1788984600000,78265.7,78280.01,78258.01,78264.93,2.93358,1788984659999
1788984660000,78264.93,78294.01,78264.93,78294.0,1.90842,1788984719999
1788984720000,78294.01,78295.52,78276.58,78276.58,3.53692,1788984779999
1788984780000,78276.58,78276.58,78240.0,78240.0,2.09248,1788984839999
1788984840000,78240.01,78265.69,78236.0,78254.67,11.46162,1788984899999
1788984900000,78254.67,78280.01,78254.66,78280.01,2.6974,1788984959999
1788984960000,78280.0,78280.01,78243.41,78255.75,2.31833,1788985019999
1788985020000,78255.76,78310.0,78255.75,78310.0,6.54551,1788985079999
1788985080000,78310.01,78340.01,78280.0,78280.0,15.83064,1788985139999
1788985140000,78280.01,78280.01,78270.0,78270.01,0.78939,1788985199999
1788985200000,78270.0,78270.0,78250.35,78254.5,10.38147,1788985259999
1788985260000,78254.51,78267.89,78248.96,78248.97,5.45724,1788985319999
1788985320000,78248.97,78258.88,78240.0,78240.01,6.36578,1788985379999
1788985380000,78240.01,78257.6,78225.74,78225.74,6.8819,1788985439999
1788985440000,78225.74,78225.75,78150.01,78216.01,19.72768,1788985499999
1788985500000,78216.01,78220.01,78147.24,78147.24,15.20902,1788985559999
1788985560000,78147.25,78155.54,78131.36,78145.02,5.09985,1788985619999
1788985620000,78145.02,78200.0,78139.61,78200.0,4.00908,1788985679999
1788985680000,78200.0,78232.02,78199.99,78232.01,2.50826,1788985739999
1788985740000,78232.02,78232.02,77917.09,78107.48,163.72538,1788985799999
1788985800000,78107.47,78200.0,78104.97,78200.0,12.65333,1788985859999
1788985860000,78200.0,78240.01,78196.41,78238.0,9.71738,1788985919999
1788985920000,78238.01,78254.01,78232.2,78254.01,3.52945,1788985979999
1788985980000,78254.01,78285.99,78240.82,78276.0,5.82931,1788986039999
1788986040000,78276.0,78276.01,78242.0,78243.27,7.44294,1788986099999
1788986100000,78243.27,78313.31,78237.07,78310.01,17.44631,1788986159999
1788986160000,78310.01,78312.01,78302.67,78302.68,2.04605,1788986219999
1788986220000,78302.68,78304.01,78291.99,78304.0,3.24833,1788986279999
1788986280000,78304.0,78311.54,78304.0,78311.53,1.82009,1788986339999
1788986340000,78311.54,78311.54,78308.01,78310.01,1.72249,1788986399999
1788986400000,78310.0,78310.01,78294.41,78304.0,3.55683,1788986459999
1788986460000,78304.01,78304.01,78298.08,78304.0,2.11,1788986519999
1788986520000,78304.01,78317.46,78232.95,78232.96,22.25752,1788986579999
1788986580000,78232.96,78273.3,78232.96,78273.29,2.59818,1788986639999
1788986640000,78273.3,78277.62,78273.29,78277.61,1.27491,1788986699999
1788986700000,78277.62,78282.01,78276.0,78282.01,1.8468,1788986759999
1788986760000,78282.0,78282.01,78272.23,78272.24,1.98455,1788986819999
1788986820000,78272.24,78272.24,78241.05,78241.06,3.0262,1788986879999
1788986880000,78241.06,78241.06,78138.0,78138.01,16.14978,1788986939999
1788986940000,78138.0,78138.0,78104.02,78110.01,4.22948,1788986999999
1788987000000,78110.0,78188.01,78100.53,78188.01,25.69559,1788987059999
1788987060000,78188.0,78194.01,78167.47,78194.01,6.22409,1788987119999
1788987120000,78194.01,78248.01,78194.01,78221.94,7.38185,1788987179999
1788987180000,78221.95,78221.95,78194.01,78194.01,6.02751,1788987239999
1788987240000,78194.01,78206.0,78172.0,78206.0,9.10293,1788987299999
1788987300000,78206.01,78252.01,78206.01,78252.01,1.96118,1788987359999
1788987360000,78252.0,78283.69,78252.0,78282.26,7.48409,1788987419999
1788987420000,78282.26,78295.35,78282.26,78295.35,7.13501,1788987479999
1788987480000,78295.35,78314.01,78288.0,78304.01,6.04573,1788987539999
1788987540000,78304.01,78330.84,78304.01,78324.07,2.84934,1788987599999
1788987600000,78324.07,78324.07,78244.0,78306.0,28.91097,1788987659999
1788987660000,78306.0,78313.31,78306.0,78313.31,0.9477,1788987719999
1788987720000,78313.31,78313.31,78294.18,78294.19,13.0565,1788987779999
1788987780000,78294.19,78298.01,78294.18,78298.0,1.75854,1788987839999
1788987840000,78298.0,78317.33,78288.64,78317.32,5.12649,1788987899999
1788987900000,78317.32,78339.56,78317.32,78339.55,1.93158,1788987959999
1788987960000,78339.55,78339.56,78301.61,78301.62,4.04231,1788988019999
1788988020000,78301.61,78301.62,78274.0,78274.01,4.92205,1788988079999
1788988080000,78274.01,78274.01,78272.96,78272.96,3.99645,1788988139999
1788988140000,78272.96,78281.67,78268.9,78268.9,1.73287,1788988199999
1788988200000,78268.9,78268.91,78254.42,78254.42,2.06001,1788988259999
1788988260000,78254.42,78254.43,78169.58,78176.0,7.48454,1788988319999
1788988320000,78176.01,78222.06,78176.0,78219.58,6.52537,1788988379999
1788988380000,78219.58,78252.01,78218.66,78238.02,7.60819,1788988439999
1788988440000,78238.01,78241.61,78238.01,78241.61,0.9012,1788988499999
1788988500000,78241.62,78248.01,78241.62,78248.0,1.32478,1788988559999
1788988560000,78248.01,78248.01,78214.18,78214.19,2.32102,1788988619999
1788988620000,78214.19,78214.19,78169.58,78169.59,3.28546,1788988679999
1788988680000,78169.59,78169.59,78142.0,78164.01,7.79337,1788988739999
1788988740000,78164.01,78191.39,78164.0,78184.4,2.55389,1788988799999
1788988800000,78184.41,78184.41,78138.0,78143.26,5.16343,1788988859999
1788988860000,78143.26,78148.01,78136.67,78148.01,2.33879,1788988919999
1788988920000,78148.01,78172.01,78148.01,78172.01,1.92843,1788988979999
1788988980000,78172.0,78227.68,78172.0,78224.01,4.43645,1788989039999
1788989040000,78224.0,78246.91,78224.0,78246.91,2.45948,1788989099999
1788989100000,78246.9,78268.01,78235.82,78268.01,6.36345,1788989159999
1788989160000,78268.01,78292.14,78268.0,78292.14,1.872,1788989219999
1788989220000,78292.13,78294.03,78288.61,78288.62,2.05524,1788989279999
1788989280000,78288.61,78288.62,78270.01,78270.01,2.9352,1788989339999
1788989340000,78270.01,78282.54,78270.0,78282.53,0.92421,1788989399999
1788989400000,78282.54,78282.54,78254.01,78254.01,2.85022,1788989459999
1788989460000,78254.01,78262.01,78252.0,78261.98,1.47676,1788989519999
1788989520000,78261.58,78261.58,78251.59,78251.6,2.30839,1788989579999
1788989580000,78251.59,78251.6,78186.89,78191.96,40.33662,1788989639999
1788989640000,78191.96,78191.96,78180.0,78180.01,3.90568,1788989699999
1788989700000,78180.01,78194.01,78178.0,78178.01,2.14547,1788989759999
1788989760000,78178.0,78178.01,78146.0,78158.11,4.80629,1788989819999
1788989820000,78158.11,78220.01,78158.1,78220.01,2.86425,1788989879999
1788989880000,78220.01,78234.01,78216.0,78223.6,9.44418,1788989939999
1788989940000,78223.61,78232.01,78220.01,78231.99,6.29409,1788989999999
1788990000000,78231.99,78238.17,78231.99,78238.16,0.78937,1788990059999
1788990060000,78238.16,78266.01,78238.01,78248.01,4.19595,1788990119999
1788990120000,78248.01,78256.01,78244.26,78256.01,1.60785,1788990179999
1788990180000,78256.01,78271.7,78251.11,78256.01,6.96051,1788990239999
1788990240000,78256.01,78256.01,78244.39,78244.39,1.4285,1788990299999
1788990300000,78244.39,78244.39,78175.42,78175.43,3.1887,1788990359999
1788990360000,78175.42,78186.01,78158.0,78164.14,8.40687,1788990419999
1788990420000,78164.14,78164.15,78141.45,78141.45,4.03716,1788990479999
1788990480000,78141.45,78141.46,78108.96,78118.54,5.4914,1788990539999
1788990540000,78118.54,78118.54,78100.53,78100.54,2.81917,1788990599999
1788990600000,78100.53,78100.54,77994.15,78021.14,32.30372,1788990659999
1788990660000,78021.15,78108.01,78021.14,78076.19,6.56925,1788990719999
1788990720000,78076.2,78090.0,78069.46,78090.0,3.36285,1788990779999
1788990780000,78090.0,78124.0,78090.0,78124.0,2.42394,1788990839999
1788990840000,78124.01,78126.01,78100.36,78126.0,3.60299,1788990899999
1788990900000,78126.01,78128.89,78104.97,78104.97,2.72172,1788990959999
1788990960000,78104.97,78106.01,78104.97,78106.0,0.5872,1788991019999
1788991020000,78106.0,78112.05,78083.08,78083.08,2.16236,1788991079999
1788991080000,78083.08,78112.01,78064.0,78112.0,6.52391,1788991139999
1788991140000,78112.0,78145.02,78112.0,78145.02,1.76965,1788991199999
1788991200000,78145.02,78196.0,78144.59,78157.03,10.2347,1788991259999
1788991260000,78157.03,78176.01,78154.52,78166.01,10.44441,1788991319999
1788991320000,78166.0,78166.01,78095.2,78095.21,18.07179,1788991379999
1788991380000,78095.21,78108.85,78036.64,78041.15,11.80521,1788991439999
1788991440000,78041.15,78082.88,78041.14,78081.37,6.89675,1788991499999
1788991500000,78081.37,78084.01,78020.0,78020.01,12.44927,1788991559999
1788991560000,78020.0,78020.01,78000.0,78010.0,3.63765,1788991619999
1788991620000,78010.01,78010.01,77956.1,77974.53,13.56255,1788991679999
1788991680000,77974.54,77974.54,77816.01,77816.02,86.89375,1788991739999
1788991740000,77816.01,77854.67,77770.0,77854.67,55.22459,1788991799999
1788991800000,77854.66,77964.02,77854.66,77914.01,17.74424,1788991859999
1788991860000,77914.0,77960.0,77898.1,77948.01,15.26884,1788991919999
1788991920000,77948.01,77978.01,77900.0,77900.01,12.36477,1788991979999
1788991980000,77900.0,77923.54,77900.0,77903.53,8.61585,1788992039999
1788992040000,77903.52,77903.53,77859.73,77859.73,26.75964,1788992099999
1788992100000,77859.74,77873.07,77844.18,77844.18,6.95002,1788992159999
1788992160000,77844.17,77887.77,77770.81,77887.77,16.2299,1788992219999
1788992220000,77887.77,77904.01,77831.6,77868.01,9.00655,1788992279999
1788992280000,77868.01,77934.01,77868.0,77930.1,7.66226,1788992339999
1788992340000,77930.11,77960.0,77930.1,77960.0,5.56845,1788992399999
1788992400000,77960.0,78004.0,77959.99,78004.0,2.07962,1788992459999
1788992460000,78004.01,78030.03,78004.0,78030.02,3.05435,1788992519999
1788992520000,78030.03,78030.03,78000.0,78001.25,7.02668,1788992579999
1788992580000,78001.26,78028.01,78001.25,78010.01,5.98471,1788992639999
1788992640000,78010.01,78039.27,78010.01,78039.27,4.26196,1788992699999
1788992700000,78039.28,78048.01,78021.14,78021.15,4.85653,1788992759999
1788992760000,78021.14,78058.01,78021.14,78042.01,5.70775,1788992819999
1788992820000,78042.0,78042.0,78022.0,78034.0,2.46888,1788992879999
1788992880000,78034.0,78034.01,78033.53,78033.57,1.68633,1788992939999
1788992940000,78033.57,78033.58,78030.01,78031.46,2.46492,1788992999999
1788993000000,78031.46,78033.58,78000.0,78000.01,4.85406,1788993059999
1788993060000,78000.01,78012.96,78000.0,78006.0,3.77715,1788993119999
1788993120000,78006.01,78007.45,77986.0,77986.0,5.2029,1788993179999
1788993180000,77986.01,77986.01,77959.78,77959.78,4.29259,1788993239999
1788993240000,77959.78,77994.16,77959.78,77994.15,4.30839,1788993299999
1788993300000,77994.15,77997.82,77982.0,77982.0,4.78207,1788993359999
1788993360000,77982.0,77982.01,77944.0,77970.0,8.92571,1788993419999
1788993420000,77970.0,78010.01,77970.0,78010.01,3.79938,1788993479999
1788993480000,78010.01,78019.02,78010.01,78019.02,1.37764,1788993539999
1788993540000,78019.02,78050.25,78019.01,78038.01,4.23749,1788993599999
1788993600000,78038.01,78053.82,78032.22,78053.81,2.66358,1788993659999
1788993660000,78053.81,78053.82,78000.0,78000.0,4.45148,1788993719999
1788993720000,78000.01,78002.01,78000.0,78002.0,2.42816,1788993779999
1788993780000,78002.0,78019.67,78002.0,78019.67,4.11918,1788993839999
1788993840000,78019.66,78031.97,77982.97,78031.97,5.17528,1788993899999
1788993900000,78032.01,78046.0,78024.35,78026.0,5.67794,1788993959999
1788993960000,78026.0,78041.81,78016.0,78035.5,4.1356,1788994019999
1788994020000,78035.5,78035.5,78024.0,78035.09,2.48236,1788994079999
1788994080000,78035.09,78044.78,78028.0,78028.01,2.55845,1788994139999
1788994140000,78028.01,78028.01,78010.27,78010.28,3.06927,1788994199999
1788994200000,78010.28,78033.52,78000.0,78033.52,4.63148,1788994259999
1788994260000,78033.52,78033.52,78010.0,78018.0,4.9425,1788994319999
1788994320000,78018.0,78018.0,77972.0,77972.51,6.1085,1788994379999
1788994380000,77972.52,77980.01,77966.01,77966.01,2.09012,1788994439999
1788994440000,77966.0,77966.01,77952.0,77959.75,1.86631,1788994499999
1788994500000,77959.75,77960.01,77934.0,77934.01,3.49796,1788994559999
1788994560000,77934.0,77939.53,77918.0,77939.53,4.21202,1788994619999
1788994620000,77939.53,77942.56,77918.0,77918.01,2.54059,1788994679999
1788994680000,77918.01,77921.33,77918.0,77918.01,2.02678,1788994739999
1788994740000,77918.01,77931.3,77918.0,77924.06,4.67159,1788994799999
1788994800000,77924.0,77968.01,77920.56,77968.0,3.10337,1788994859999
1788994860000,77968.0,77993.59,77960.2,77993.59,5.51418,1788994919999
1788994920000,77993.67,78020.01,77993.67,78020.01,1.9729,1788994979999
1788994980000,78020.01,78070.0,78020.01,78070.0,2.54742,1788995039999
1788995040000,78070.0,78148.75,78069.99,78125.42,43.22934,1788995099999
1788995100000,78125.42,78128.01,78118.54,78128.01,3.19182,1788995159999
1788995160000,78128.0,78152.0,78128.0,78152.0,3.7005,1788995219999
1788995220000,78152.0,78154.01,78126.23,78126.24,3.73703,1788995279999
1788995280000,78126.24,78152.0,78116.0,78152.0,3.68228,1788995339999
1788995340000,78152.01,78185.42,78152.01,78185.41,3.31979,1788995399999
1788995400000,78185.41,78200.0,78168.0,78168.0,6.58615,1788995459999
1788995460000,78168.01,78180.12,78164.0,78176.0,3.60217,1788995519999
1788995520000,78176.0,78176.02,78160.96,78160.96,4.04657,1788995579999
1788995580000,78160.96,78160.97,78130.35,78143.22,3.87942,1788995639999
1788995640000,78143.21,78158.86,78143.21,78157.56,2.68162,1788995699999
1788995700000,78157.55,78157.55,78111.86,78111.86,3.67033,1788995759999
1788995760000,78111.85,78111.86,78100.0,78108.0,5.10271,1788995819999
1788995820000,78107.99,78133.11,78107.04,78133.11,4.93361,1788995879999
1788995880000,78133.1,78152.44,78133.1,78141.88,2.18424,1788995939999
1788995940000,78141.88,78170.01,78141.88,78164.86,26.40361,1788995999999
1788996000000,78164.86,78164.86,78150.0,78150.01,1.03773,1788996059999
1788996060000,78150.01,78170.79,78150.0,78170.79,6.76234,1788996119999
1788996120000,78170.79,78174.53,78116.0,78116.0,8.71664,1788996179999
1788996180000,78116.01,78116.01,78103.98,78111.49,4.15193,1788996239999
1788996240000,78111.49,78135.58,78111.48,78120.01,5.20534,1788996299999
1788996300000,78120.0,78136.01,78120.0,78136.01,1.82843,1788996359999
1788996360000,78136.0,78142.01,78134.19,78136.01,1.33973,1788996419999
1788996420000,78136.01,78146.01,78134.0,78136.0,2.64991,1788996479999
1788996480000,78136.0,78138.01,78128.42,78138.0,2.23646,1788996539999
1788996540000,78138.01,78184.0,78138.01,78184.0,1.72799,1788996599999
1788996600000,78184.01,78186.97,78184.0,78185.74,2.27814,1788996659999
1788996660000,78185.74,78185.74,78177.91,78180.0,2.37906,1788996719999
1788996720000,78180.0,78206.96,78180.0,78206.96,3.59505,1788996779999
1788996780000,78206.96,78244.41,78206.96,78223.01,9.7809,1788996839999
1788996840000,78223.0,78241.09,78208.46,78241.09,3.17625,1788996899999
1788996900000,78241.09,78259.35,78241.08,78247.21,2.72061,1788996959999
1788996960000,78247.22,78247.22,78247.21,78247.21,0.60431,1788997019999
1788997020000,78247.22,78251.46,78236.73,78236.74,4.59403,1788997079999
1788997080000,78236.73,78236.74,78217.71,78217.71,2.5385,1788997139999
1788997140000,78217.71,78249.69,78217.71,78242.66,6.26668,1788997199999
1788997200000,78242.66,78242.67,78227.1,78227.11,1.31798,1788997259999
1788997260000,78227.1,78227.12,78227.1,78227.11,5.08455,1788997319999
1788997320000,78227.11,78227.12,78227.11,78227.11,3.39765,1788997379999
1788997380000,78227.11,78230.0,78227.1,78227.1,5.4859,1788997439999
1788997440000,78227.11,78230.0,78220.09,78230.0,13.92127,1788997499999
1788997500000,78230.0,78230.0,78222.73,78230.0,1.28035,1788997559999
1788997560000,78230.0,78237.33,78230.0,78237.32,2.08154,1788997619999
1788997620000,78237.33,78257.71,78237.32,78257.7,1.51015,1788997679999
1788997680000,78257.7,78257.72,78257.7,78257.71,2.84014,1788997739999
1788997740000,78257.71,78274.42,78257.71,78266.59,6.61736,1788997799999
1788997800000,78266.58,78274.42,78262.94,78263.84,3.77272,1788997859999
1788997860000,78263.85,78270.3,78263.66,78263.67,1.45428,1788997919999
1788997920000,78263.66,78267.76,78263.66,78267.76,1.2637,1788997979999
1788997980000,78267.76,78297.04,78267.75,78289.29,4.7809,1788998039999
1788998040000,78289.28,78295.15,78281.45,78295.15,4.13138,1788998099999
1788998100000,78295.14,78295.14,78263.69,78264.44,7.69079,1788998159999
1788998160000,78264.44,78268.53,78264.44,78268.53,1.94997,1788998219999
1788998220000,78268.52,78274.65,78268.52,78274.65,1.33992,1788998279999
1788998280000,78274.64,78282.48,78274.64,78282.48,1.69011,1788998339999
1788998340000,78282.47,78321.09,78282.47,78306.43,17.79458,1788998399999
1788998400000,78306.43,78309.84,78281.8,78309.84,15.24281,1788998459999
1788998460000,78309.83,78324.76,78309.83,78317.87,9.25159,1788998519999
1788998520000,78317.87,78358.08,78317.86,78341.16,15.05566,1788998579999
1788998580000,78341.15,78341.16,78319.08,78319.09,3.28469,1788998639999
1788998640000,78319.08,78347.45,78319.08,78347.45,1.99221,1788998699999
1788998700000,78347.45,78382.35,78347.33,78347.33,7.49974,1788998759999
1788998760000,78347.34,78354.06,78332.8,78332.81,4.1514,1788998819999
1788998820000,78332.81,78332.81,78320.25,78320.28,1.93908,1788998879999
1788998880000,78320.28,78320.28,78315.55,78315.55,2.99112,1788998939999
1788998940000,78315.55,78315.56,78309.51,78309.99,6.2308,1788998999999
1788999000000,78309.99,78336.05,78300.92,78336.05,5.6509,1788999059999
1788999060000,78336.05,78373.52,78336.05,78360.68,1.96023,1788999119999
1788999120000,78360.68,78360.68,78316.13,78323.98,3.7985,1788999179999
1788999180000,78323.98,78352.72,78263.99,78279.94,155.58811,1788999239999
1788999240000,78279.94,78323.12,78269.28,78269.28,38.68057,1788999299999
1788999300000,78269.29,78299.47,78269.29,78287.75,2.48849,1788999359999
1788999360000,78287.75,78289.27,78270.6,78270.61,1.17747,1788999419999
1788999420000,78270.6,78270.61,78257.7,78257.71,1.53197,1788999479999
1788999480000,78257.71,78272.13,78255.0,78255.01,3.7878,1788999539999
1788999540000,78255.01,78259.05,78255.01,78256.55,6.41483,1788999599999
1788999600000,78256.55,78256.55,78229.21,78229.21,4.13687,1788999659999
1788999660000,78229.22,78257.68,78229.21,78250.02,6.35411,1788999719999
1788999720000,78250.02,78250.02,78225.81,78229.84,6.00068,1788999779999
1788999780000,78229.83,78300.0,78215.55,78300.0,13.32197,1788999839999
1788999840000,78300.0,78319.67,78278.51,78278.51,6.68016,1788999899999
1788999900000,78278.5,78278.5,78243.91,78246.93,11.1245,1788999959999
1788999960000,78246.93,78270.11,78243.48,78255.62,3.5944,1789000019999
1789000020000,78255.62,78271.8,78255.61,78271.8,3.76918,1789000079999
1789000080000,78271.8,78303.22,78253.91,78303.22,14.54135,1789000139999
1789000140000,78303.22,78330.84,78303.22,78325.31,7.29918,1789000199999
1789000200000,78325.3,78325.3,78264.01,78286.36,9.07121,1789000259999
1789000260000,78286.35,78286.35,78236.23,78236.23,3.32357,1789000319999
1789000320000,78236.23,78236.23,78215.94,78221.94,4.48312,1789000379999
1789000380000,78221.94,78251.78,78175.69,78251.78,19.28929,1789000439999
1789000440000,78251.79,78276.31,78230.46,78255.86,6.92539,1789000499999
1789000500000,78255.86,78281.26,78247.12,78247.13,1.92952,1789000559999
1789000560000,78247.13,78275.0,78247.12,78275.0,3.0818,1789000619999
1789000620000,78275.0,78279.54,78255.89,78258.4,2.29102,1789000679999
1789000680000,78258.41,78278.99,78248.85,78275.08,6.36322,1789000739999
1789000740000,78275.09,78309.72,78241.63,78248.0,12.16849,1789000799999
1789000800000,78247.99,78248.0,78209.64,78209.65,4.4958,1789000859999
1789000860000,78209.65,78209.65,78205.25,78205.25,2.15477,1789000919999
1789000920000,78205.25,78205.26,78163.64,78166.0,5.92726,1789000979999
1789000980000,78166.0,78169.77,78165.99,78169.77,1.93609,1789001039999
1789001040000,78169.77,78169.77,78159.97,78159.97,7.75305,1789001099999
1789001100000,78159.97,78159.98,78134.46,78134.47,2.28177,1789001159999
1789001160000,78134.46,78196.53,78130.48,78196.53,37.82169,1789001219999
1789001220000,78196.53,78244.59,78196.52,78209.22,6.23873,1789001279999
1789001280000,78209.22,78209.22,78178.43,78180.01,4.25266,1789001339999
1789001340000,78180.01,78189.22,78166.0,78166.0,3.22885,1789001399999
1789001400000,78166.01,78166.01,78134.0,78134.0,4.95955,1789001459999
1789001460000,78134.01,78170.0,78134.0,78169.99,6.33188,1789001519999
1789001520000,78169.99,78216.91,78126.81,78167.26,17.7973,1789001579999
1789001580000,78167.27,78178.01,78124.0,78137.27,13.22045,1789001639999
1789001640000,78137.27,78137.27,78134.0,78137.27,1.08962,1789001699999
1789001700000,78137.27,78156.01,78137.26,78146.32,3.34009,1789001759999
1789001760000,78146.32,78146.32,78126.0,78126.01,2.80285,1789001819999
1789001820000,78126.01,78126.01,78073.8,78119.89,30.62034,1789001879999
1789001880000,78119.89,78196.77,78112.0,78191.74,230.64218,1789001939999
1789001940000,78191.75,78194.01,78180.69,78180.7,4.65806,1789001999999
1789002000000,78180.7,78192.0,78172.0,78192.0,9.26894,1789002059999
1789002060000,78192.01,78276.77,78192.01,78216.42,47.66071,1789002119999
1789002120000,78216.42,78242.82,78207.02,78242.82,10.53358,1789002179999
1789002180000,78242.83,78283.29,78242.83,78280.78,2.97657,1789002239999
1789002240000,78280.78,78295.37,78271.53,78295.37,2.41743,1789002299999
1789002300000,78295.36,78427.67,78295.36,78395.67,10.59952,1789002359999
1789002360000,78395.66,78395.67,78354.03,78373.78,4.6171,1789002419999
1789002420000,78373.77,78427.67,78373.77,78427.67,4.32181,1789002479999
1789002480000,78427.66,78494.62,78427.66,78494.62,12.56586,1789002539999
1789002540000,78494.62,78508.49,78399.99,78423.6,34.61,1789002599999
1789002600000,78423.6,78431.45,78415.96,78415.97,6.07771,1789002659999
1789002660000,78415.97,78423.82,78383.39,78383.39,2.5892,1789002719999
1789002720000,78383.4,78387.0,78337.43,78337.43,2.10089,1789002779999
1789002780000,78337.32,78339.38,78296.47,78317.73,4.36313,1789002839999
1789002840000,78317.73,78339.28,78305.51,78334.8,1.68714,1789002899999
1789002900000,78334.79,78338.24,78300.85,78300.97,2.61716,1789002959999
1789002960000,78300.97,78313.31,78292.01,78292.02,3.10965,1789003019999
1789003020000,78292.02,78292.02,78258.94,78258.94,2.65026,1789003079999
1789003080000,78258.94,78258.94,78176.47,78178.0,9.01038,1789003139999
1789003140000,78178.0,78284.01,78176.68,78284.01,22.04557,1789003199999
1789003200000,78284.0,78284.01,78196.61,78206.03,5.55671,1789003259999
1789003260000,78206.04,78218.01,78188.0,78206.91,9.48323,1789003319999
1789003320000,78206.92,78206.92,78170.0,78192.01,3.69348,1789003379999
1789003380000,78192.0,78262.8,78181.81,78262.8,3.30968,1789003439999
1789003440000,78262.79,78276.01,78252.0,78252.0,2.20666,1789003499999
1789003500000,78252.0,78252.0,78232.01,78232.01,1.61829,1789003559999
1789003560000,78232.0,78243.7,78213.79,78213.79,2.02097,1789003619999
1789003620000,78213.79,78230.01,78206.96,78208.01,1.45588,1789003679999
1789003680000,78208.01,78208.01,78190.0,78190.0,1.06643,1789003739999
1789003740000,78190.01,78190.01,78176.0,78176.0,1.20221,1789003799999
1789003800000,78176.01,78204.01,78171.61,78180.01,2.87776,1789003859999
1789003860000,78180.01,78180.01,78154.01,78167.69,3.77201,1789003919999
1789003920000,78167.68,78167.68,78110.0,78110.0,8.62798,1789003979999
1789003980000,78110.01,78110.01,78052.0,78052.01,6.67678,1789004039999
1789004040000,78052.01,78075.31,78045.77,78046.01,14.2067,1789004099999
1789004100000,78046.0,78046.01,78000.0,78008.2,8.99147,1789004159999
1789004160000,78008.73,78039.07,78000.0,78039.07,6.43888,1789004219999
1789004220000,78039.07,78039.07,77994.15,78005.98,7.92895,1789004279999
1789004280000,78005.98,78005.98,77962.92,77962.92,6.85409,1789004339999
1789004340000,77962.93,77977.16,77952.0,77962.25,5.95985,1789004399999
1789004400000,77962.48,78035.26,77962.48,78035.26,5.86072,1789004459999
1789004460000,78035.26,78210.01,78035.25,78210.0,16.60988,1789004519999
1789004520000,78210.01,78242.01,78174.0,78191.34,10.85039,1789004579999
1789004580000,78191.34,78205.54,78150.1,78150.1,6.93002,1789004639999
1789004640000,78150.11,78183.55,78142.65,78174.92,4.60267,1789004699999
1789004700000,78174.92,78174.92,78112.0,78114.21,5.28186,1789004759999
1789004760000,78114.21,78119.3,78062.0,78085.48,7.80533,1789004819999
1789004820000,78085.48,78154.01,78066.0,78153.04,8.97169,1789004879999
1789004880000,78154.01,78166.01,78106.0,78120.01,4.82516,1789004939999
1789004940000,78120.01,78127.59,78100.0,78100.0,3.04953,1789004999999
1789005000000,78100.0,78110.98,78070.0,78088.14,3.50678,1789005059999
1789005060000,78088.13,78088.14,78054.34,78063.94,5.19671,1789005119999
1789005120000,78063.93,78063.94,78006.0,78017.28,5.60674,1789005179999
1789005180000,78017.28,78021.68,77994.15,77994.15,6.07622,1789005239999
1789005240000,77994.15,78022.01,77990.38,78018.54,11.36471,1789005299999
1789005300000,78018.55,78071.76,78002.51,78068.0,8.89043,1789005359999
1789005360000,78068.0,78095.95,78046.0,78075.01,5.21966,1789005419999
1789005420000,78075.01,78108.01,78075.01,78108.01,3.94533,1789005479999
1789005480000,78108.01,78134.01,78108.01,78125.2,2.90961,1789005539999
1789005540000,78125.21,78125.21,78094.0,78094.0,1.93709,1789005599999
1789005600000,78094.01,78100.54,78062.72,78082.83,3.49553,1789005659999
1789005660000,78082.83,78082.83,78062.0,78070.01,1.81277,1789005719999
1789005720000,78070.0,78073.04,78048.01,78054.52,11.47342,1789005779999
1789005780000,78054.51,78069.9,78040.0,78069.9,2.58152,1789005839999
1789005840000,78069.89,78069.89,78032.0,78032.0,2.37132,1789005899999
1789005900000,78032.0,78059.24,78011.06,78059.23,3.48078,1789005959999
1789005960000,78059.23,78086.01,78054.01,78062.85,3.26144,1789006019999
1789006020000,78062.84,78085.89,78062.84,78078.04,2.4032,1789006079999
1789006080000,78078.04,78088.01,78038.32,78038.32,3.85279,1789006139999
1789006140000,78038.32,78045.82,78032.0,78045.21,1.91703,1789006199999
1789006200000,78045.22,78045.22,78016.0,78035.02,2.60125,1789006259999
1789006260000,78035.03,78060.0,78023.97,78060.0,2.76567,1789006319999
1789006320000,78060.01,78067.71,78015.66,78015.67,2.82887,1789006379999
1789006380000,78015.67,78035.55,78003.48,78035.55,3.54866,1789006439999
1789006440000,78035.55,78040.01,78014.99,78040.01,23.90412,1789006499999
1789006500000,78040.0,78054.22,78022.0,78054.22,3.65854,1789006559999
1789006560000,78054.22,78054.22,78000.29,78000.3,5.3176,1789006619999
1789006620000,78000.29,78010.01,77986.95,78007.79,4.31112,1789006679999
1789006680000,78007.79,78032.01,78005.66,78023.75,4.782,1789006739999
1789006740000,78023.75,78050.01,78023.75,78050.01,2.19266,1789006799999
1789006800000,78050.01,78070.01,78042.0,78042.0,4.58497,1789006859999
1789006860000,78042.0,78052.0,78021.14,78024.89,6.21456,1789006919999
1789006920000,78024.89,78043.37,78021.14,78043.37,2.47362,1789006979999
1789006980000,78043.36,78043.37,78028.06,78034.11,4.09701,1789007039999
1789007040000,78034.1,78040.14,78000.01,78000.01,6.34242,1789007099999
1789007100000,78000.0,78010.01,77988.0,78001.31,4.06804,1789007159999
1789007160000,78001.31,78011.46,77990.0,77990.0,6.50347,1789007219999
1789007220000,77990.01,77994.16,77980.0,77994.16,2.73611,1789007279999
1789007280000,77994.15,78005.31,77994.15,78005.31,1.08737,1789007339999
1789007340000,78005.31,78024.01,78005.3,78024.01,1.4132,1789007399999
1789007400000,78024.0,78042.01,78006.6,78042.01,8.22231,1789007459999
1789007460000,78042.01,78073.47,78042.0,78058.59,2.90908,1789007519999
1789007520000,78058.6,78102.08,78058.59,78102.08,5.24092,1789007579999
1789007580000,78102.08,78126.01,78102.08,78122.06,2.39638,1789007639999
1789007640000,78122.05,78160.0,78115.15,78160.0,3.40054,1789007699999
1789007700000,78160.01,78170.01,78151.51,78152.5,12.18783,1789007759999
1789007760000,78152.51,78153.77,78129.97,78137.9,8.10974,1789007819999
1789007820000,78137.9,78170.01,78137.9,78170.01,3.06226,1789007879999
1789007880000,78170.01,78218.0,78170.0,78218.0,4.00285,1789007939999
1789007940000,78218.01,78219.65,78191.38,78191.39,2.48152,1789007999999
1789008000000,78191.38,78206.92,78169.06,78206.92,6.83266,1789008059999
1789008060000,78206.92,78223.28,78206.91,78223.28,0.97825,1789008119999
1789008120000,78223.28,78264.65,78213.17,78236.01,9.1567,1789008179999
1789008180000,78236.0,78268.9,78236.0,78268.89,3.31793,1789008239999
1789008240000,78268.89,78268.9,78256.75,78262.19,2.30022,1789008299999
1789008300000,78262.19,78268.9,78258.13,78258.14,1.37604,1789008359999
1789008360000,78258.13,78263.37,78251.67,78262.67,2.79393,1789008419999
1789008420000,78262.67,78274.01,78262.66,78274.01,1.27853,1789008479999
1789008480000,78274.0,78288.02,78274.0,78288.02,1.58264,1789008539999
1789008540000,78288.02,78319.25,78288.01,78313.48,4.14122,1789008599999
1789008600000,78313.47,78313.48,78292.0,78292.0,1.61435,1789008659999
1789008660000,78292.01,78311.74,78292.0,78311.73,2.01283,1789008719999
1789008720000,78311.73,78346.38,78311.73,78322.95,8.76259,1789008779999
1789008780000,78322.96,78361.36,78322.95,78352.36,3.79603,1789008839999
1789008840000,78352.35,78361.53,78325.16,78361.52,4.38183,1789008899999
1789008900000,78361.53,78373.1,78354.22,78366.38,3.14954,1789008959999
1789008960000,78366.37,78366.37,78350.77,78350.77,2.85021,1789009019999
1789009020000,78350.59,78350.59,78335.78,78349.84,2.60371,1789009079999
1789009080000,78349.84,78349.85,78339.3,78348.11,1.51826,1789009139999
1789009140000,78348.11,78357.87,78344.33,78357.86,1.74544,1789009199999
1789009200000,78357.87,78370.83,78348.96,78348.96,2.39994,1789009259999
1789009260000,78348.96,78358.19,78338.52,78354.1,3.3545,1789009319999
1789009320000,78354.09,78458.06,78354.09,78458.05,24.37966,1789009379999
1789009380000,78458.06,78501.87,78442.37,78454.72,15.8737,1789009439999
1789009440000,78454.72,78550.0,78454.71,78512.82,10.46368,1789009499999
1789009500000,78512.81,78512.82,78468.84,78468.85,6.80216,1789009559999
1789009560000,78468.85,78468.85,78408.71,78419.15,5.189,1789009619999
1789009620000,78419.16,78428.12,78411.75,78428.12,4.98598,1789009679999
1789009680000,78428.11,78439.16,78403.28,78419.21,10.29032,1789009739999
1789009740000,78419.2,78439.16,78402.4,78411.01,7.03139,1789009799999
1789009800000,78411.0,78415.99,78400.0,78415.99,2.44595,1789009859999
1789009860000,78415.99,78427.53,78403.24,78403.25,3.02303,1789009919999
1789009920000,78403.24,78403.25,78400.0,78400.0,0.37126,1789009979999
1789009980000,78400.01,78400.01,78391.88,78391.88,6.70971,1789010039999
1789010040000,78391.88,78391.89,78375.83,78382.07,3.1695,1789010099999
1789010100000,78382.07,78382.08,78349.4,78364.68,3.16954,1789010159999
1789010160000,78364.69,78364.69,78350.02,78350.68,1.93139,1789010219999
1789010220000,78350.69,78361.7,78335.79,78361.7,6.26077,1789010279999
1789010280000,78361.69,78390.02,78361.69,78385.16,4.19582,1789010339999
1789010340000,78385.15,78385.15,78364.55,78364.56,2.00666,1789010399999
1789010400000,78364.55,78375.46,78364.55,78375.45,2.23826,1789010459999
1789010460000,78375.45,78375.47,78368.64,78375.47,3.77534,1789010519999
1789010520000,78375.47,78392.0,78364.55,78364.55,10.29855,1789010579999
1789010580000,78364.55,78364.55,78325.34,78325.34,7.71913,1789010639999
1789010640000,78325.33,78325.34,78325.33,78325.34,0.81974,1789010699999
1789010700000,78325.34,78337.84,78325.33,78330.85,3.03394,1789010759999
1789010760000,78330.85,78330.85,78306.61,78307.33,3.62902,1789010819999
1789010820000,78307.33,78307.33,78307.32,78307.33,1.12295,1789010879999
1789010880000,78307.32,78392.78,78306.4,78392.77,24.30119,1789010939999
1789010940000,78392.78,78400.0,78384.93,78395.74,4.42306,1789010999999
1789011000000,78395.74,78395.74,78366.06,78366.07,2.08166,1789011059999
1789011060000,78366.06,78366.07,78363.91,78363.92,0.99436,1789011119999
1789011120000,78363.92,78407.22,78363.91,78405.91,5.29768,1789011179999
1789011180000,78405.92,78443.13,78396.11,78436.86,12.28214,1789011239999
1789011240000,78436.86,78450.0,78383.05,78388.25,27.64703,1789011299999
1789011300000,78388.25,78388.25,78340.58,78340.59,4.28071,1789011359999
1789011360000,78340.59,78347.4,78325.35,78347.4,2.94668,1789011419999
1789011420000,78347.4,78375.38,78347.39,78375.38,2.34052,1789011479999
1789011480000,78375.38,78375.38,78342.34,78356.88,1.90591,1789011539999
1789011540000,78356.88,78356.88,78341.31,78352.75,2.26743,1789011599999
1789011600000,78352.75,78363.35,78344.4,78349.83,6.31213,1789011659999
1789011660000,78349.82,78349.83,78321.86,78329.88,4.44854,1789011719999
1789011720000,78329.88,78397.76,78329.87,78367.85,23.02389,1789011779999
1789011780000,78367.85,78375.04,78367.85,78375.04,1.43495,1789011839999
1789011840000,78375.04,78375.04,78368.68,78368.68,0.836,1789011899999
1789011900000,78368.69,78368.69,78364.61,78367.26,2.26087,1789011959999
1789011960000,78367.26,78390.51,78367.25,78390.51,3.13452,1789012019999
1789012020000,78390.51,78422.49,78390.5,78422.49,3.48082,1789012079999
1789012080000,78422.49,78449.36,78422.49,78449.35,3.75424,1789012139999
1789012140000,78449.36,78450.0,78444.01,78450.0,3.5123,1789012199999
1789012200000,78449.99,78449.99,78363.68,78376.47,22.70631,1789012259999
1789012260000,78376.48,78379.15,78343.85,78343.86,2.42146,1789012319999
1789012320000,78343.86,78343.86,78333.08,78333.08,1.89968,1789012379999
1789012380000,78333.08,78333.09,78333.08,78333.09,0.45124,1789012439999
1789012440000,78333.09,78340.62,78333.08,78337.91,3.90344,1789012499999
1789012500000,78337.91,78337.91,78287.08,78287.08,8.07449,1789012559999
1789012560000,78287.09,78294.01,78287.08,78294.01,2.53359,1789012619999
1789012620000,78294.0,78294.01,78294.0,78294.0,1.40849,1789012679999
1789012680000,78294.0,78294.0,78278.11,78278.12,2.75089,1789012739999
1789012740000,78278.11,78328.83,78278.0,78328.08,25.06332,1789012799999
1789012800000,78328.08,78334.51,78303.28,78334.5,5.69228,1789012859999
1789012860000,78334.5,78340.72,78334.5,78336.11,4.5794,1789012919999
1789012920000,78336.12,78343.5,78331.54,78331.55,1.8168,1789012979999
1789012980000,78331.54,78346.94,78323.59,78346.93,3.13184,1789013039999
1789013040000,78346.94,78352.66,78346.93,78352.65,2.51298,1789013099999
1789013100000,78352.65,78404.42,78352.65,78400.65,5.79467,1789013159999
1789013160000,78400.65,78400.65,78380.06,78380.07,1.91309,1789013219999
1789013220000,78380.06,78380.07,78380.06,78380.06,0.5673,1789013279999
1789013280000,78380.07,78380.07,78366.73,78366.77,2.73466,1789013339999
1789013340000,78366.77,78373.08,78366.77,78373.08,2.00306,1789013399999
1789013400000,78373.07,78377.75,78363.07,78363.08,2.3431,1789013459999
1789013460000,78363.08,78373.0,78348.22,78348.22,3.31082,1789013519999
1789013520000,78348.23,78348.23,78344.85,78344.85,0.64661,1789013579999
1789013580000,78344.86,78344.86,78344.85,78344.86,2.34669,1789013639999
1789013640000,78344.86,78344.86,78344.85,78344.86,0.8166,1789013699999
1789013700000,78344.85,78377.37,78344.85,78377.37,4.74571,1789013759999
1789013760000,78377.36,78377.37,78369.1,78369.11,1.61834,1789013819999
1789013820000,78369.11,78377.37,78369.1,78377.36,2.02573,1789013879999
1789013880000,78377.37,78403.98,78377.36,78403.98,1.79261,1789013939999
1789013940000,78403.97,78415.96,78385.65,78415.95,4.87418,1789013999999
1789014000000,78415.96,78429.24,78399.99,78399.99,2.53796,1789014059999
1789014060000,78399.99,78400.0,78399.99,78400.0,0.64818,1789014119999
1789014120000,78399.99,78406.77,78381.1,78390.62,5.36604,1789014179999
1789014180000,78390.62,78390.62,78378.45,78378.46,0.73978,1789014239999
1789014240000,78378.45,78400.01,78378.45,78384.22,8.52203,1789014299999
1789014300000,78384.23,78384.23,78376.9,78376.91,0.90576,1789014359999
1789014360000,78376.91,78376.91,78376.9,78376.91,0.32894,1789014419999
1789014420000,78376.91,78376.91,78376.9,78376.91,0.29281,1789014479999
1789014480000,78376.91,78419.67,78376.9,78419.66,3.02941,1789014539999
1789014540000,78419.67,78419.67,78387.62,78387.63,2.23763,1789014599999
1789014600000,78387.63,78387.63,78380.78,78387.63,0.67416,1789014659999
1789014660000,78387.63,78416.41,78387.62,78416.4,1.75969,1789014719999
1789014720000,78416.41,78416.41,78397.4,78405.19,1.17606,1789014779999
1789014780000,78405.19,78405.2,78403.5,78403.51,3.07207,1789014839999
1789014840000,78403.51,78405.2,78403.5,78405.19,1.96966,1789014899999
1789014900000,78405.2,78405.2,78374.77,78374.77,5.01683,1789014959999
1789014960000,78374.77,78384.21,78369.1,78369.1,6.58339,1789015019999
1789015020000,78369.1,78373.9,78365.42,78370.39,4.9311,1789015079999
1789015080000,78370.39,78370.4,78356.55,78356.56,1.07273,1789015139999
1789015140000,78356.56,78381.08,78356.26,78359.72,9.51915,1789015199999
1789015200000,78359.72,78359.72,78352.09,78352.09,2.81977,1789015259999
1789015260000,78352.1,78365.39,78352.09,78363.53,4.49108,1789015319999
1789015320000,78363.53,78366.09,78341.71,78341.72,1.50228,1789015379999
1789015380000,78341.72,78366.09,78341.72,78357.91,6.36468,1789015439999
1789015440000,78357.92,78357.92,78339.99,78339.99,1.60891,1789015499999
1789015500000,78339.99,78340.0,78331.71,78331.71,0.85883,1789015559999
1789015560000,78331.72,78368.64,78331.71,78368.63,3.99164,1789015619999
1789015620000,78368.64,78374.77,78336.56,78341.19,10.1546,1789015679999
1789015680000,78341.2,78357.08,78337.53,78337.54,3.66262,1789015739999
1789015740000,78337.54,78348.1,78337.53,78348.1,2.87275,1789015799999
1789015800000,78348.09,78359.76,78342.71,78342.71,4.27271,1789015859999
1789015860000,78342.71,78342.72,78331.93,78331.93,4.5707,1789015919999
1789015920000,78331.93,78331.94,78310.0,78310.01,2.29348,1789015979999
1789015980000,78310.0,78339.2,78300.0,78339.2,8.24824,1789016039999
1789016040000,78339.2,78345.17,78339.19,78345.17,3.9688,1789016099999
1789016100000,78345.17,78354.47,78328.1,78328.11,3.27899,1789016159999
1789016160000,78328.11,78349.27,78328.1,78346.75,3.61085,1789016219999
1789016220000,78346.76,78400.0,78346.75,78400.0,7.15507,1789016279999
1789016280000,78400.0,78423.88,78399.99,78423.87,4.11403,1789016339999
1789016340000,78423.87,78437.99,78373.28,78400.0,26.30391,1789016399999
1789016400000,78400.01,78427.22,78398.58,78399.57,6.21924,1789016459999
1789016460000,78399.57,78399.57,78384.57,78384.58,3.8432,1789016519999
1789016520000,78384.58,78384.58,78351.96,78351.97,3.06926,1789016579999
1789016580000,78351.97,78351.97,78317.3,78317.3,1.32775,1789016639999
1789016640000,78317.31,78317.31,78277.12,78277.13,5.6465,1789016699999
1789016700000,78277.13,78329.44,78270.75,78297.99,20.8935,1789016759999
1789016760000,78297.99,78310.58,78296.01,78296.02,2.79641,1789016819999
1789016820000,78296.02,78309.27,78296.01,78302.69,2.67287,1789016879999
1789016880000,78302.69,78317.6,78302.68,78317.59,1.1144,1789016939999
1789016940000,78317.6,78317.6,78317.58,78317.59,0.77631,1789016999999
1789017000000,78317.59,78351.21,78317.58,78351.21,7.08134,1789017059999
1789017060000,78351.2,78378.48,78350.56,78378.47,4.1017,1789017119999
1789017120000,78378.48,78419.31,78378.47,78417.53,7.28596,1789017179999
1789017180000,78417.54,78437.98,78417.54,78433.33,7.84335,1789017239999
1789017240000,78433.33,78486.35,78406.02,78477.5,28.31152,1789017299999
1789017300000,78477.5,78477.5,78439.93,78452.62,2.80592,1789017359999
1789017360000,78452.61,78457.57,78377.08,78393.62,14.91194,1789017419999
1789017420000,78393.63,78393.63,78393.62,78393.63,4.31639,1789017479999
1789017480000,78393.62,78393.63,78379.53,78385.18,3.99755,1789017539999
1789017540000,78385.18,78385.18,78379.58,78385.18,2.77082,1789017599999
1789017600000,78385.18,78385.18,78370.78,78370.79,3.43872,1789017659999
1789017660000,78370.78,78385.03,78369.76,78369.77,2.72033,1789017719999
1789017720000,78369.76,78369.77,78358.63,78358.63,3.62444,1789017779999
1789017780000,78358.64,78386.0,78358.63,78373.91,6.63738,1789017839999
1789017840000,78373.9,78386.0,78373.22,78381.96,8.00666,1789017899999
1789017900000,78381.95,78381.96,78358.63,78358.64,3.07346,1789017959999
1789017960000,78358.64,78358.64,78358.63,78358.64,2.37163,1789018019999
1789018020000,78358.64,78366.12,78358.63,78366.12,2.50677,1789018079999
1789018080000,78366.11,78505.92,78366.11,78503.73,166.3161,1789018139999
1789018140000,78503.73,78516.66,78475.54,78476.6,7.94029,1789018199999
1789018200000,78476.59,78515.98,78465.31,78465.31,8.95528,1789018259999
1789018260000,78465.32,78516.66,78465.31,78506.83,4.77384,1789018319999
1789018320000,78506.82,78520.04,78484.93,78510.17,6.50394,1789018379999
1789018380000,78510.18,78520.04,78487.24,78487.5,7.10555,1789018439999
1789018440000,78487.51,78487.51,78472.65,78476.56,16.53908,1789018499999
1789018500000,78476.56,78511.08,78476.56,78511.08,4.76663,1789018559999
1789018560000,78511.08,78513.22,78511.08,78513.22,2.91776,1789018619999
1789018620000,78513.22,78520.04,78482.31,78482.31,6.79424,1789018679999
1789018680000,78482.32,78482.32,78454.75,78454.76,1.79662,1789018739999
1789018740000,78454.76,78454.76,78446.56,78446.56,8.62115,1789018799999
1789018800000,78446.57,78446.57,78407.79,78414.8,12.53409,1789018859999
1789018860000,78414.8,78414.81,78401.75,78410.01,12.04438,1789018919999
1789018920000,78410.01,78424.12,78409.27,78417.82,14.56359,1789018979999
1789018980000,78417.82,78417.83,78417.82,78417.83,1.73291,1789019039999
1789019040000,78417.83,78422.51,78417.82,78418.85,1.96516,1789019099999
1789019100000,78418.84,78423.89,78408.64,78423.89,4.19483,1789019159999
1789019160000,78423.89,78436.0,78423.88,78434.46,1.80563,1789019219999
1789019220000,78434.47,78434.47,78419.73,78419.74,2.64708,1789019279999
1789019280000,78419.73,78419.74,78411.77,78415.27,4.02029,1789019339999
1789019340000,78415.26,78415.27,78415.26,78415.26,1.97962,1789019399999
1789019400000,78415.27,78427.54,78415.26,78427.54,3.08769,1789019459999
1789019460000,78427.54,78431.71,78419.73,78428.76,4.35848,1789019519999
1789019520000,78428.76,78474.01,78428.75,78472.36,8.04733,1789019579999
1789019580000,78472.36,78516.66,78472.35,78501.22,5.22562,1789019639999
1789019640000,78501.22,78549.99,78494.0,78532.27,8.40237,1789019699999
1789019700000,78532.27,78537.55,78486.01,78535.5,20.60576,1789019759999
1789019760000,78535.49,78535.5,78500.24,78500.24,6.31089,1789019819999
1789019820000,78500.25,78523.68,78500.24,78521.16,10.23253,1789019879999
1789019880000,78521.15,78564.39,78521.15,78546.02,16.41305,1789019939999
1789019940000,78546.02,78546.02,78517.07,78536.71,7.3341,1789019999999
1789020000000,78536.71,78542.05,78524.01,78524.02,6.88999,1789020059999
1789020060000,78524.01,78524.01,78518.68,78518.68,0.9309,1789020119999
1789020120000,78518.68,78518.69,78503.3,78503.3,4.02027,1789020179999
1789020180000,78503.3,78503.31,78475.59,78482.01,8.9106,1789020239999
1789020240000,78482.0,78482.01,78447.03,78447.03,2.88094,1789020299999
1789020300000,78447.04,78447.04,78428.75,78428.76,4.40021,1789020359999
1789020360000,78428.75,78458.01,78419.68,78458.01,10.63576,1789020419999
1789020420000,78458.01,78458.01,78424.0,78424.01,2.92138,1789020479999
1789020480000,78424.01,78432.01,78424.0,78432.01,3.64149,1789020539999
1789020540000,78432.01,78432.01,78419.68,78419.69,1.56423,1789020599999
1789020600000,78419.69,78419.69,78324.0,78324.01,17.74028,1789020659999
1789020660000,78324.01,78324.01,78313.3,78313.31,3.53014,1789020719999
1789020720000,78313.3,78336.01,78313.3,78313.32,4.82533,1789020779999
1789020780000,78313.32,78313.32,78308.92,78308.93,1.89315,1789020839999
1789020840000,78308.93,78308.93,78306.0,78308.92,1.67211,1789020899999
1789020900000,78308.91,78308.92,78292.17,78292.18,4.02004,1789020959999
1789020960000,78292.17,78292.17,78244.0,78264.01,6.4259,1789021019999
1789021020000,78264.0,78264.01,78200.0,78200.01,15.63579,1789021079999
1789021080000,78200.0,78203.32,78148.65,78203.32,27.45708,1789021139999
1789021140000,78203.31,78222.01,78203.31,78222.01,4.60628,1789021199999
1789021200000,78222.01,78228.01,78208.0,78222.07,4.48273,1789021259999
1789021260000,78222.07,78232.01,78222.07,78228.62,2.72575,1789021319999
1789021320000,78228.62,78228.63,78202.08,78214.58,16.56408,1789021379999
1789021380000,78214.59,78214.59,78168.55,78190.01,10.63997,1789021439999
1789021440000,78190.01,78215.42,78184.01,78215.42,12.867,1789021499999
1789021500000,78215.43,78234.01,78207.74,78232.75,5.08877,1789021559999
1789021560000,78232.74,78232.74,78198.23,78232.01,12.22728,1789021619999
1789021620000,78232.0,78232.01,78226.0,78226.0,3.48036,1789021679999
1789021680000,78226.01,78226.01,78208.17,78208.18,6.79096,1789021739999
1789021740000,78208.17,78223.82,78208.17,78216.65,3.68085,1789021799999
1789021800000,78216.64,78230.01,78216.64,78230.0,2.51636,1789021859999
1789021860000,78230.0,78230.0,78168.0,78184.01,19.68298,1789021919999
1789021920000,78184.0,78192.84,78167.87,78171.2,7.44758,1789021979999
1789021980000,78171.21,78180.01,78171.2,78171.94,3.08743,1789022039999
1789022040000,78171.93,78175.69,78148.24,78154.79,8.69313,1789022099999
1789022100000,78154.79,78184.01,78154.78,78184.01,4.08285,1789022159999
1789022160000,78184.0,78191.41,78147.98,78185.34,8.92486,1789022219999
1789022220000,78185.34,78185.35,78169.75,78182.01,3.47119,1789022279999
1789022280000,78182.01,78182.01,78182.0,78182.01,1.79524,1789022339999
1789022340000,78182.01,78198.01,78182.0,78198.01,2.87769,1789022399999
1789022400000,78198.01,78249.18,78198.01,78249.17,3.37453,1789022459999
1789022460000,78249.18,78260.0,78244.59,78259.99,2.01882,1789022519999
1789022520000,78260.0,78268.9,78233.75,78268.9,9.86862,1789022579999
1789022580000,78268.9,78268.9,78189.99,78190.0,92.46123,1789022639999
1789022640000,78190.0,78198.01,78184.35,78198.0,5.53237,1789022699999
1789022700000,78198.0,78238.01,78198.0,78232.54,5.14773,1789022759999
1789022760000,78232.54,78334.01,78221.32,78334.01,15.01546,1789022819999
1789022820000,78334.01,78406.01,78316.0,78396.8,15.73638,1789022879999
1789022880000,78396.81,78415.0,78375.78,78397.27,30.45311,1789022939999
1789022940000,78397.27,78452.01,78397.26,78452.0,59.38596,1789022999999
1789023000000,78452.01,78528.01,78452.01,78528.0,17.54222,1789023059999
1789023060000,78528.0,78528.0,78502.0,78502.01,9.00436,1789023119999
1789023120000,78502.01,78502.01,78458.0,78458.01,8.793,1789023179999
1789023180000,78458.0,78458.01,78440.0,78440.01,2.48929,1789023239999
1789023240000,78440.0,78440.01,78418.0,78419.68,2.41461,1789023299999
1789023300000,78419.68,78452.01,78419.68,78452.0,5.18049,1789023359999
1789023360000,78452.0,78472.01,78452.0,78464.0,5.76594,1789023419999
1789023420000,78464.01,78464.01,78438.0,78438.0,2.69597,1789023479999
1789023480000,78438.01,78438.01,78430.0,78430.01,1.67079,1789023539999
1789023540000,78430.0,78430.01,78416.0,78416.01,3.06142,1789023599999
1789023600000,78416.01,78422.01,78375.89,78377.15,7.56284,1789023659999
1789023660000,78377.16,78377.16,78324.0,78329.36,7.26383,1789023719999
1789023720000,78329.35,78329.36,78304.97,78310.35,14.6961,1789023779999
1789023780000,78310.35,78312.25,78296.0,78296.0,13.15813,1789023839999
1789023840000,78296.01,78303.78,78247.05,78260.86,17.03709,1789023899999
1789023900000,78260.85,78260.85,78174.61,78174.62,19.85987,1789023959999
1789023960000,78174.62,78220.01,78174.62,78220.0,11.71902,1789024019999
1789024020000,78220.01,78230.9,78176.6,78182.01,6.34247,1789024079999
1789024080000,78182.0,78203.34,78157.17,78157.17,4.84519,1789024139999
1789024140000,78157.17,78200.0,78157.17,78200.0,6.96347,1789024199999
1789024200000,78200.0,78235.04,78200.0,78235.04,2.26955,1789024259999
1789024260000,78235.04,78235.04,78220.0,78222.0,3.22311,1789024319999
1789024320000,78222.01,78227.52,78222.01,78227.51,1.70375,1789024379999
1789024380000,78227.51,78227.52,78227.51,78227.52,0.72699,1789024439999
1789024440000,78227.52,78227.52,78202.0,78214.01,5.01264,1789024499999
1789024500000,78214.02,78214.02,78202.0,78202.0,3.03098,1789024559999
1789024560000,78202.01,78202.01,78183.99,78194.77,6.08236,1789024619999
1789024620000,78194.76,78194.77,78182.0,78187.7,3.16243,1789024679999
1789024680000,78187.7,78193.92,78174.99,78187.7,3.7881,1789024739999
1789024740000,78187.7,78215.68,78187.7,78200.54,4.89855,1789024799999
1789024800000,78200.54,78200.54,78159.72,78159.73,5.94628,1789024859999
1789024860000,78159.72,78159.73,78129.03,78129.03,3.40586,1789024919999
1789024920000,78129.04,78130.3,78097.52,78112.0,10.72514,1789024979999
1789024980000,78112.01,78140.0,78109.16,78109.16,4.72948,1789025039999
1789025040000,78109.17,78109.17,78086.92,78086.92,3.94615,1789025099999
1789025100000,78086.93,78105.43,78057.96,78057.97,12.51397,1789025159999
1789025160000,78057.97,78071.58,78043.11,78066.95,3.71561,1789025219999
1789025220000,78066.96,78075.16,78066.95,78073.59,1.4344,1789025279999
1789025280000,78073.59,78073.6,78044.27,78044.27,5.78869,1789025339999
1789025340000,78044.26,78044.27,78025.31,78025.38,4.07366,1789025399999
1789025400000,78025.38,78046.83,78025.37,78036.45,7.8913,1789025459999
1789025460000,78036.46,78043.98,78020.53,78032.33,6.93015,1789025519999
1789025520000,78032.33,78032.33,77990.71,77990.72,17.04644,1789025579999
1789025580000,77990.72,77990.72,77955.39,77959.2,10.35758,1789025639999
1789025640000,77959.21,77959.21,77906.48,77935.05,31.78299,1789025699999
1789025700000,77935.05,77992.57,77919.45,77992.57,12.92815,1789025759999
1789025760000,77992.56,77992.57,77965.17,77965.18,9.53675,1789025819999
1789025820000,77965.18,77983.22,77965.17,77983.22,12.93715,1789025879999
1789025880000,77983.22,77992.73,77980.09,77985.92,7.36587,1789025939999
1789025940000,77985.92,77985.92,77948.25,77966.9,7.7369,1789025999999
1789026000000,77966.9,77979.64,77948.25,77975.34,9.10348,1789026059999
1789026060000,77975.34,77998.11,77964.48,77992.57,13.33652,1789026119999
1789026120000,77992.57,77996.95,77974.16,77988.43,13.54598,1789026179999
1789026180000,77988.43,77990.97,77980.62,77990.96,7.11502,1789026239999
1789026240000,77990.97,78021.14,77984.53,78021.14,6.37635,1789026299999
1789026300000,78021.14,78046.52,78018.17,78046.52,5.49632,1789026359999
1789026360000,78046.52,78056.69,78040.0,78040.01,7.71407,1789026419999
1789026420000,78040.01,78056.9,78038.0,78056.89,4.21058,1789026479999
1789026480000,78056.9,78065.46,78056.89,78065.46,5.13277,1789026539999
1789026540000,78065.46,78068.01,78065.45,78068.01,10.27915,1789026599999
1789026600000,78068.01,78090.85,78068.01,78090.85,3.90874,1789026659999
1789026660000,78090.84,78097.86,78090.84,78097.86,4.20723,1789026719999
1789026720000,78097.85,78147.25,78097.85,78147.24,21.75389,1789026779999
1789026780000,78147.24,78160.89,78104.0,78104.01,25.45836,1789026839999
1789026840000,78104.0,78134.01,78104.0,78134.01,24.49639,1789026899999
1789026900000,78134.01,78136.01,78124.0,78124.0,4.05417,1789026959999
1789026960000,78124.0,78124.0,78090.0,78110.01,7.71225,1789027019999
1789027020000,78110.0,78113.56,78092.34,78113.55,9.50424,1789027079999
1789027080000,78113.55,78120.01,78113.55,78118.25,15.78774,1789027139999
1789027140000,78118.25,78118.25,78112.0,78112.0,3.53641,1789027199999
1789027200000,78112.0,78126.01,78089.37,78126.0,7.31127,1789027259999
1789027260000,78126.01,78146.26,78104.0,78104.0,3.38719,1789027319999
1789027320000,78104.01,78148.01,78104.0,78137.54,13.85705,1789027379999
1789027380000,78137.55,78137.55,78108.01,78108.01,1.83616,1789027439999
1789027440000,78108.0,78128.15,78108.0,78122.0,4.02053,1789027499999
1789027500000,78122.0,78136.2,78122.0,78125.98,2.70941,1789027559999
1789027560000,78125.97,78125.98,78104.0,78104.01,3.44313,1789027619999
1789027620000,78104.01,78134.43,78104.0,78134.01,17.18412,1789027679999
1789027680000,78134.01,78160.0,78134.0,78160.0,4.48859,1789027739999
1789027740000,78160.0,78160.0,78146.0,78146.01,4.74126,1789027799999
1789027800000,78146.0,78146.0,78126.0,78144.96,3.06266,1789027859999
1789027860000,78144.97,78144.97,78122.0,78122.0,1.53341,1789027919999
1789027920000,78122.01,78122.32,78098.0,78109.89,4.9729,1789027979999
1789027980000,78109.89,78120.96,78082.0,78082.01,11.91958,1789028039999
1789028040000,78082.01,78082.01,78066.0,78080.7,2.61944,1789028099999
1789028100000,78080.69,78080.7,78060.0,78060.01,2.83572,1789028159999
1789028160000,78060.01,78092.01,78041.64,78092.01,3.90195,1789028219999
1789028220000,78092.0,78096.0,78092.0,78095.99,0.64996,1789028279999
1789028280000,78096.0,78096.0,78056.2,78056.21,2.97237,1789028339999
1789028340000,78056.21,78086.01,78048.0,78076.04,10.14202,1789028399999
1789028400000,78076.04,78088.01,78076.04,78088.01,0.57405,1789028459999
1789028460000,78088.0,78126.01,78088.0,78126.01,2.76398,1789028519999
1789028520000,78126.0,78130.01,78126.0,78130.01,0.37834,1789028579999
1789028580000,78130.01,78151.19,78130.0,78151.18,4.34668,1789028639999
1789028640000,78151.19,78162.96,78151.19,78162.01,6.87872,1789028699999
1789028700000,78162.01,78170.01,78116.44,78116.44,14.05318,1789028759999
1789028760000,78116.45,78134.0,78116.45,78134.0,1.60233,1789028819999
1789028820000,78134.01,78138.01,78091.64,78110.0,5.30182,1789028879999
1789028880000,78110.0,78170.01,78110.0,78170.0,2.99244,1789028939999
1789028940000,78170.0,78170.74,78156.97,78170.73,3.45146,1789028999999
1789029000000,78170.74,78170.74,78144.0,78144.0,6.56921,1789029059999
1789029060000,78144.0,78144.0,78116.0,78122.45,8.62466,1789029119999
1789029120000,78122.45,78122.45,78070.0,78070.01,3.28773,1789029179999
1789029180000,78070.01,78126.01,78038.0,78122.0,17.10706,1789029239999
1789029240000,78122.01,78134.01,78116.0,78117.91,8.98368,1789029299999
1789029300000,78117.92,78123.23,78106.0,78123.22,9.6294,1789029359999
1789029360000,78123.23,78148.01,78123.23,78140.01,4.39131,1789029419999
1789029420000,78140.01,78154.01,78140.01,78151.99,3.86999,1789029479999
1789029480000,78152.0,78152.0,78126.96,78126.96,5.07985,1789029539999
1789029540000,78126.95,78138.01,78110.0,78116.21,4.93641,1789029599999
1789029600000,78116.21,78126.01,78100.0,78118.37,3.04106,1789029659999
1789029660000,78118.37,78118.37,78093.15,78093.15,3.1412,1789029719999
1789029720000,78093.15,78093.15,78074.0,78074.0,2.59442,1789029779999
1789029780000,78074.01,78088.01,78074.0,78083.96,3.68374,1789029839999
1789029840000,78083.97,78100.54,78083.96,78100.53,2.05037,1789029899999
1789029900000,78100.54,78120.99,78100.0,78100.01,3.0516,1789029959999
1789029960000,78100.01,78117.51,78096.0,78099.76,17.69453,1789030019999
1789030020000,78099.76,78119.41,78099.76,78119.4,2.2302,1789030079999
1789030080000,78119.4,78119.4,78106.0,78106.01,5.24175,1789030139999
1789030140000,78106.01,78106.01,78096.0,78100.56,5.71514,1789030199999
1789030200000,78100.56,78110.0,78096.0,78096.0,4.82593,1789030259999
1789030260000,78096.01,78160.49,78096.01,78150.01,4.26027,1789030319999
1789030320000,78150.0,78156.01,78130.0,78156.01,2.98424,1789030379999
1789030380000,78156.0,78156.01,78140.95,78155.03,4.47489,1789030439999
1789030440000,78155.04,78170.01,78155.04,78162.0,6.08242,1789030499999
1789030500000,78162.01,78162.01,78145.02,78145.02,1.54086,1789030559999
1789030560000,78145.02,78145.02,78126.0,78126.01,1.46918,1789030619999
1789030620000,78126.01,78126.01,78106.92,78106.92,2.65608,1789030679999
1789030680000,78106.93,78110.01,78106.92,78110.0,1.1869,1789030739999
1789030740000,78110.0,78110.01,78110.0,78110.0,1.08261,1789030799999
1789030800000,78110.0,78126.01,78110.0,78126.01,2.13481,1789030859999
1789030860000,78126.01,78146.01,78125.82,78146.0,1.86826,1789030919999
1789030920000,78146.0,78160.0,78132.4,78160.0,4.23662,1789030979999
1789030980000,78159.99,78170.54,78159.99,78170.54,4.11483,1789031039999
1789031040000,78170.53,78188.89,78170.53,78175.46,6.88058,1789031099999
1789031100000,78175.47,78181.74,78164.0,78164.01,2.23764,1789031159999
1789031160000,78164.01,78182.01,78144.06,78182.0,7.16225,1789031219999
1789031220000,78182.0,78210.01,78182.0,78199.43,9.74685,1789031279999
1789031280000,78199.43,78199.43,78155.76,78155.76,13.3314,1789031339999
1789031340000,78155.76,78158.01,78112.0,78112.01,13.15749,1789031399999
1789031400000,78112.0,78119.51,78111.03,78118.96,5.70791,1789031459999
1789031460000,78118.96,78126.01,78118.96,78126.0,1.43641,1789031519999
1789031520000,78126.01,78149.26,78126.01,78149.26,1.40365,1789031579999
1789031580000,78149.25,78149.26,78139.35,78139.35,3.25492,1789031639999
1789031640000,78139.35,78150.01,78139.35,78150.01,3.73595,1789031699999
1789031700000,78150.01,78158.01,78139.35,78148.01,31.27029,1789031759999
1789031760000,78148.01,78158.0,78139.38,78157.99,7.75719,1789031819999
1789031820000,78157.99,78170.01,78157.99,78168.01,6.64056,1789031879999
1789031880000,78168.0,78199.99,78168.0,78199.99,3.35766,1789031939999
1789031940000,78200.0,78200.0,78182.72,78182.91,6.37869,1789031999999
1789032000000,78182.92,78192.9,78182.91,78185.18,1.98386,1789032059999
1789032060000,78185.19,78190.01,78183.45,78183.45,2.47993,1789032119999
1789032120000,78183.45,78183.45,78153.26,78178.88,7.22833,1789032179999
1789032180000,78178.87,78200.0,78178.87,78199.99,1.02779,1789032239999
1789032240000,78200.0,78200.0,78168.45,78175.99,19.07893,1789032299999
1789032300000,78175.99,78189.7,78164.58,78172.0,8.67834,1789032359999
1789032360000,78172.0,78172.0,78139.36,78156.01,16.2609,1789032419999
1789032420000,78156.0,78229.22,78156.0,78222.35,9.16818,1789032479999
1789032480000,78222.35,78222.36,78204.0,78206.92,3.68322,1789032539999
1789032540000,78206.91,78206.92,78206.01,78206.02,0.5557,1789032599999
1789032600000,78206.01,78206.01,78153.17,78153.18,8.00859,1789032659999
1789032660000,78153.18,78153.18,78110.0,78110.0,15.7231,1789032719999
1789032720000,78110.0,78110.01,78092.19,78096.01,5.07021,1789032779999
1789032780000,78096.01,78096.01,78092.19,78092.19,1.14152,1789032839999
1789032840000,78092.19,78120.01,78060.33,78120.01,23.64857,1789032899999
1789032900000,78120.0,78120.01,78052.08,78052.09,31.22577,1789032959999
1789032960000,78052.09,78062.01,78052.08,78062.01,24.22942,1789033019999
1789033020000,78062.0,78072.01,78054.58,78057.12,7.12535,1789033079999
1789033080000,78057.11,78057.12,77987.48,77996.19,47.9554,1789033139999
1789033140000,77996.19,77996.2,77996.19,77996.2,2.66813,1789033199999
1789033200000,77996.19,77996.2,77954.78,77964.48,34.21446,1789033259999
1789033260000,77964.49,77964.49,77926.23,77930.52,24.91771,1789033319999
1789033320000,77930.52,77942.01,77910.86,77938.88,20.48105,1789033379999
1789033380000,77938.87,77990.01,77938.87,77978.0,4.84153,1789033439999
1789033440000,77978.0,77979.36,77962.63,77962.63,9.26679,1789033499999
1789033500000,77962.63,77996.01,77946.79,77951.64,13.68304,1789033559999
1789033560000,77951.64,77992.01,77944.7,77992.01,8.89598,1789033619999
1789033620000,77992.0,77992.01,77957.0,77978.02,8.81496,1789033679999
1789033680000,77978.03,77984.01,77963.62,77976.94,6.90768,1789033739999
1789033740000,77976.94,77990.25,77976.94,77990.24,3.59631,1789033799999
1789033800000,77990.24,77996.01,77974.0,77984.41,6.2364,1789033859999
1789033860000,77984.41,77988.01,77955.47,77972.49,8.54814,1789033919999
1789033920000,77972.49,78003.29,77968.83,77998.0,8.30837,1789033979999
1789033980000,77998.01,78023.5,77998.0,78023.5,1.66837,1789034039999
1789034040000,78023.5,78023.5,77966.2,77989.04,29.06021,1789034099999
1789034100000,77989.04,77992.01,77985.27,77985.28,1.679,1789034159999
1789034160000,77985.27,78002.04,77985.27,78002.04,3.16633,1789034219999
1789034220000,78002.04,78002.04,77944.01,77955.0,12.58402,1789034279999
1789034280000,77954.99,77963.66,77954.99,77963.64,5.27263,1789034339999
1789034340000,77963.63,77992.01,77963.63,77992.01,20.62115,1789034399999
1789034400000,77992.0,77992.01,77968.01,77968.02,2.6173,1789034459999
1789034460000,77968.02,77970.01,77962.01,77962.02,3.13693,1789034519999
1789034520000,77962.02,78014.01,77962.01,78014.01,15.82571,1789034579999
1789034580000,78014.01,78038.01,78014.0,78030.01,5.19843,1789034639999
1789034640000,78030.0,78030.0,77963.1,77980.58,31.64727,1789034699999
1789034700000,77980.57,77998.01,77975.46,77996.0,2.88875,1789034759999
1789034760000,77996.01,78022.01,77996.0,78022.0,2.53559,1789034819999
1789034820000,78022.0,78037.34,77983.79,77984.0,21.39817,1789034879999
1789034880000,77983.99,77998.01,77983.99,77994.01,5.04755,1789034939999
1789034940000,77994.0,77994.01,77952.01,77952.02,11.37174,1789034999999
1789035000000,77952.02,77980.07,77952.01,77980.07,6.43374,1789035059999
1789035060000,77980.07,77988.01,77960.98,77986.0,8.77509,1789035119999
1789035120000,77986.01,77986.01,77956.48,77959.2,8.63637,1789035179999
1789035180000,77959.2,77960.46,77954.67,77956.83,2.59371,1789035239999
1789035240000,77956.82,78010.01,77956.82,77985.1,21.15959,1789035299999
1789035300000,77985.1,78014.01,77985.09,78012.01,3.61042,1789035359999
1789035360000,78012.01,78014.01,77977.32,77990.0,7.15855,1789035419999
1789035420000,77990.01,77990.01,77956.84,77972.01,7.59089,1789035479999
1789035480000,77972.01,78007.12,77965.63,77977.76,12.68371,1789035539999
1789035540000,77977.75,77995.83,77977.75,77995.83,2.8433,1789035599999
1789035600000,77996.01,78002.01,77975.9,77994.15,6.68114,1789035659999
1789035660000,77994.15,78017.96,77994.15,78017.96,1.63668,1789035719999
1789035720000,78017.95,78020.01,77978.83,77994.75,6.46552,1789035779999
1789035780000,77994.75,77994.75,77942.19,77966.0,9.47682,1789035839999
1789035840000,77966.0,77966.01,77932.22,77940.46,7.77945,1789035899999
1789035900000,77940.46,77969.97,77927.11,77969.97,5.55367,1789035959999
1789035960000,77970.0,77979.36,77948.06,77956.75,14.98443,1789036019999
1789036020000,77956.75,77963.82,77956.74,77960.1,3.55841,1789036079999
1789036080000,77960.09,77979.87,77960.09,77979.87,3.05079,1789036139999
1789036140000,77979.87,77979.87,77979.86,77979.86,1.45927,1789036199999
1789036200000,77979.87,77979.87,77943.34,77943.34,38.7837,1789036259999
1789036260000,77943.35,77943.35,77928.0,77928.0,2.2276,1789036319999
1789036320000,77928.01,77928.01,77893.83,77906.02,33.67687,1789036379999
1789036380000,77906.02,77912.01,77845.03,77845.04,27.97162,1789036439999
1789036440000,77845.04,77890.01,77821.21,77890.01,14.07078,1789036499999
1789036500000,77890.01,77934.64,77890.01,77915.47,9.77269,1789036559999
1789036560000,77915.46,77946.01,77915.46,77946.0,4.49375,1789036619999
1789036620000,77946.0,78006.01,77946.0,78004.0,13.50117,1789036679999
1789036680000,78004.01,78016.01,77994.53,78016.0,4.78746,1789036739999
1789036740000,78016.0,78030.01,78012.25,78016.0,5.36973,1789036799999
1789036800000,78016.01,78040.01,78016.0,78040.01,4.37907,1789036859999
1789036860000,78040.0,78044.57,78036.0,78036.0,4.31914,1789036919999
1789036920000,78036.0,78036.01,78004.28,78009.26,5.95959,1789036979999
1789036980000,78009.26,78009.26,77986.0,77987.11,6.49744,1789037039999
1789037040000,77987.11,77987.11,77979.01,77986.78,3.34991,1789037099999
1789037100000,77986.78,77998.25,77959.93,77973.25,14.32799,1789037159999
1789037160000,77973.24,78012.01,77963.16,77966.01,26.45068,1789037219999
1789037220000,77966.0,77973.22,77966.0,77970.01,4.47551,1789037279999
1789037280000,77970.01,77986.0,77957.48,77970.0,9.19999,1789037339999
1789037340000,77970.0,77970.01,77968.58,77970.01,2.34373,1789037399999
1789037400000,77970.01,77970.25,77970.0,77970.24,2.17995,1789037459999
1789037460000,77970.25,77970.25,77928.08,77928.09,8.00955,1789037519999
1789037520000,77928.08,77928.09,77902.01,77902.01,4.52573,1789037579999
1789037580000,77902.01,77902.02,77894.33,77895.57,3.27887,1789037639999
1789037640000,77895.57,77895.58,77889.42,77889.42,13.66316,1789037699999
1789037700000,77889.42,77889.43,77860.62,77873.41,12.6267,1789037759999
1789037760000,77873.42,78032.01,77867.89,78012.0,44.91601,1789037819999
1789037820000,78012.0,78022.01,77937.34,77938.99,18.10424,1789037879999
1789037880000,77938.98,77938.98,77874.31,77884.69,24.05991,1789037939999
1789037940000,77884.7,77884.7,77863.2,77863.21,7.14994,1789037999999
1789038000000,77863.2,77863.2,77809.86,77846.01,27.40546,1789038059999
1789038060000,77846.01,77847.88,77807.77,77826.01,21.05616,1789038119999
1789038120000,77826.0,77826.01,77777.0,77820.01,54.18693,1789038179999
1789038180000,77820.01,77863.85,77820.01,77858.01,3.40977,1789038239999
1789038240000,77858.0,77858.0,77688.0,77735.31,55.92783,1789038299999
1789038300000,77735.31,77780.01,77735.31,77748.0,7.74234,1789038359999
1789038360000,77748.01,77766.01,77716.71,77748.0,8.07379,1789038419999
1789038420000,77748.0,77814.01,77748.0,77805.99,12.43267,1789038479999
1789038480000,77805.99,77836.01,77805.99,77836.01,18.29993,1789038539999
1789038540000,77836.01,77851.87,77797.83,77812.01,24.46873,1789038599999
1789038600000,77812.01,77872.0,77812.0,77846.01,23.79033,1789038659999
1789038660000,77846.0,77865.8,77822.0,77822.01,17.12917,1789038719999
1789038720000,77822.0,77834.49,77822.0,77833.48,4.87969,1789038779999
1789038780000,77833.48,77882.78,77830.47,77882.78,5.10028,1789038839999
1789038840000,77882.77,77920.01,77878.0,77908.56,13.03767,1789038899999
1789038900000,77916.7,78041.94,77908.59,78010.0,38.32974,1789038959999
1789038960000,78010.0,78054.84,77977.14,77994.15,26.70534,1789039019999
1789039020000,77994.16,78028.79,77953.2,77958.58,34.04694,1789039079999
1789039080000,77958.58,77975.74,77954.78,77975.73,9.87354,1789039139999
1789039140000,77975.74,77975.74,77934.02,77967.58,15.58048,1789039199999
1789039200000,77967.59,78000.01,77967.58,77998.76,3.98196,1789039259999
1789039260000,77998.76,78008.01,77976.48,77976.49,11.82162,1789039319999
1789039320000,77976.48,77988.01,77967.9,77988.0,3.76104,1789039379999
1789039380000,77988.01,77996.01,77988.0,77996.01,2.54252,1789039439999
1789039440000,77996.01,78020.97,77996.01,78020.96,3.00588,1789039499999
1789039500000,78020.97,78020.97,78012.43,78012.44,2.84335,1789039559999
1789039560000,78012.43,78012.43,77968.35,77970.0,7.87097,1789039619999
1789039620000,77970.0,77990.01,77970.0,77990.0,2.38262,1789039679999
1789039680000,77990.01,78012.01,77990.01,78002.91,5.97509,1789039739999
1789039740000,78002.9,78004.01,78000.0,78004.01,2.02127,1789039799999
1789039800000,78004.01,78017.3,78004.01,78017.3,3.67917,1789039859999
1789039860000,78017.3,78020.97,78005.38,78008.12,4.42468,1789039919999
1789039920000,78008.12,78050.0,78008.12,78049.99,7.57936,1789039979999
1789039980000,78050.0,78050.0,78006.0,78041.53,12.02781,1789040039999
1789040040000,78041.53,78048.01,78031.19,78044.01,4.89526,1789040099999
1789040100000,78044.0,78047.96,78043.58,78047.96,3.83181,1789040159999
1789040160000,78047.95,78047.96,78026.0,78026.0,3.94939,1789040219999
1789040220000,78026.0,78026.01,78003.62,78010.0,3.32864,1789040279999
1789040280000,78010.0,78030.01,77986.0,78030.01,15.40021,1789040339999
1789040340000,78030.0,78047.67,78030.0,78045.18,2.10619,1789040399999
1789040400000,78045.17,78045.17,78027.82,78027.82,2.16079,1789040459999
1789040460000,78027.82,78027.83,78017.3,78027.82,2.36387,1789040519999
1789040520000,78027.82,78040.01,78020.0,78040.0,8.69897,1789040579999
1789040580000,78040.0,78040.01,77984.0,77994.16,12.24404,1789040639999
1789040640000,77994.15,78006.01,77992.0,78006.0,1.65937,1789040699999
1789040700000,78006.0,78025.92,77998.0,77998.0,2.36849,1789040759999
1789040760000,77998.01,77998.01,77982.0,77982.01,2.1067,1789040819999
1789040820000,77982.0,77982.0,77905.29,77905.29,9.05651,1789040879999
1789040880000,77905.29,77928.01,77888.99,77928.0,13.93087,1789040939999
1789040940000,77928.01,77961.47,77928.01,77961.47,1.88971,1789040999999
1789041000000,77961.47,77961.47,77896.0,77896.01,7.31064,1789041059999
1789041060000,77896.01,77898.01,77868.21,77868.21,2.82498,1789041119999
1789041120000,77868.16,77892.0,77864.19,77892.0,2.97383,1789041179999
1789041180000,77892.0,77972.02,77892.0,77969.5,13.75363,1789041239999
1789041240000,77969.5,77974.0,77896.0,77904.17,17.76739,1789041299999
1789041300000,77904.17,77906.01,77856.0,77856.01,4.44266,1789041359999
1789041360000,77856.01,77870.01,77844.0,77844.01,3.32064,1789041419999
1789041420000,77844.01,77854.0,77830.0,77854.0,4.188,1789041479999
1789041480000,77854.01,77908.68,77854.01,77882.0,4.35789,1789041539999
1789041540000,77882.01,77882.01,77840.8,77840.8,12.76491,1789041599999
1789041600000,77840.64,77888.45,77834.0,77864.01,10.65497,1789041659999
1789041660000,77864.01,77864.01,77828.0,77846.93,8.57147,1789041719999
1789041720000,77846.92,77866.01,77838.83,77844.01,9.00581,1789041779999
1789041780000,77844.0,77849.61,77806.0,77808.0,6.55484,1789041839999
1789041840000,77808.0,77808.01,77770.0,77780.01,18.86658,1789041899999
1789041900000,77780.0,77792.7,77760.1,77792.7,13.59479,1789041959999
1789041960000,77792.7,77815.54,77754.25,77758.0,13.40267,1789042019999
1789042020000,77758.0,77783.63,77729.83,77739.06,64.54242,1789042079999
1789042080000,77739.06,77756.01,77702.84,77715.72,72.50982,1789042139999
1789042140000,77716.96,77738.01,77716.95,77723.52,22.24748,1789042199999
1789042200000,77723.52,77732.63,77705.69,77725.94,42.84507,1789042259999
1789042260000,77725.94,77749.28,77708.01,77727.19,23.56639,1789042319999
1789042320000,77727.19,77756.03,77727.18,77731.21,12.70096,1789042379999
1789042380000,77731.21,77830.45,77731.2,77830.45,10.42716,1789042439999
1789042440000,77830.45,77838.01,77808.79,77823.75,21.48699,1789042499999
1789042500000,77823.75,77836.02,77754.85,77782.0,46.88259,1789042559999
1789042560000,77782.0,77782.01,77732.19,77742.0,27.16998,1789042619999
1789042620000,77742.01,77764.96,77742.0,77762.06,5.39885,1789042679999
1789042680000,77762.05,77804.01,77751.87,77785.72,16.11306,1789042739999
1789042740000,77785.71,77792.01,77700.01,77718.84,109.11166,1789042799999
1789042800000,77718.84,77726.38,77650.0,77680.23,49.4041,1789042859999
1789042860000,77680.23,77701.89,77672.0,77701.88,13.01778,1789042919999
1789042920000,77701.88,77758.57,77701.88,77713.04,20.62783,1789042979999
1789042980000,77713.04,77750.01,77705.66,77750.01,6.29698,1789043039999
1789043040000,77750.01,77750.01,77729.84,77729.85,5.69602,1789043099999
1789043100000,77729.85,77751.23,77729.84,77748.01,7.72292,1789043159999
1789043160000,77748.01,77748.01,77744.04,77746.54,6.59447,1789043219999
1789043220000,77746.54,77746.54,77718.0,77718.0,6.76605,1789043279999
1789043280000,77718.01,77733.15,77700.0,77733.15,16.64426,1789043339999
1789043340000,77733.15,77821.78,77733.15,77796.93,46.25222,1789043399999
1789043400000,77796.93,77959.2,77399.0,77727.63,422.99166,1789043459999
1789043460000,77727.63,77727.63,77564.07,77578.0,91.7649,1789043519999
1789043520000,77578.01,77640.01,77491.55,77498.17,78.35028,1789043579999
1789043580000,77498.18,77536.0,77446.01,77473.85,64.27806,1789043639999
1789043640000,77473.78,77499.19,77337.39,77371.28,62.27483,1789043699999
1789043700000,77371.28,77502.05,77371.27,77407.75,40.46191,1789043759999
1789043760000,77407.75,77492.68,77288.88,77321.75,78.83253,1789043819999
1789043820000,77321.75,77353.28,77280.48,77314.01,60.15934,1789043879999
1789043880000,77314.0,77345.76,77077.77,77081.33,131.19204,1789043939999
1789043940000,77081.33,77170.08,77019.63,77110.22,101.54216,1789043999999
1789044000000,77110.22,77190.21,77089.77,77163.3,57.05979,1789044059999
1789044060000,77163.3,77256.47,77163.29,77174.01,37.99474,1789044119999
1789044120000,77174.0,77224.01,77082.89,77196.0,28.81329,1789044179999
1789044180000,77196.01,77214.01,77150.0,77150.01,16.01235,1789044239999
1789044240000,77150.0,77152.01,77100.0,77130.25,44.78912,1789044299999
1789044300000,77130.26,77166.0,77084.4,77111.99,37.08592,1789044359999
1789044360000,77112.0,77112.0,76900.0,76934.01,214.46103,1789044419999
1789044420000,76934.01,76951.77,76676.07,76950.53,180.48488,1789044479999
1789044480000,76950.52,76993.02,76891.91,76973.61,46.68565,1789044539999
1789044540000,76973.62,77070.01,76963.51,77041.33,29.75377,1789044599999
1789044600000,77041.33,77118.16,77040.01,77118.16,27.56963,1789044659999
1789044660000,77118.16,77123.0,77000.0,77026.4,23.70386,1789044719999
1789044720000,77026.4,77026.4,76950.59,76970.51,20.86989,1789044779999
1789044780000,76970.51,76970.51,76865.27,76882.67,34.15078,1789044839999
1789044840000,76882.67,76914.01,76858.0,76858.0,31.54179,1789044899999
1789044900000,76858.01,76858.01,76711.24,76726.79,26.37696,1789044959999
1789044960000,76726.79,76760.47,76700.0,76759.65,41.413,1789045019999
1789045020000,76759.66,76896.0,76727.72,76896.0,44.31536,1789045079999
1789045080000,76896.0,76912.67,76840.0,76848.01,37.8577,1789045139999
1789045140000,76848.01,76912.64,76838.0,76896.01,38.60965,1789045199999
1789045200000,76896.01,76959.49,76882.08,76954.01,15.93747,1789045259999
1789045260000,76954.01,77048.01,76954.01,76994.01,22.46996,1789045319999
1789045320000,76994.01,77076.01,76994.0,77074.01,18.62983,1789045379999
1789045380000,77074.01,77086.44,77038.01,77048.0,17.03329,1789045439999
1789045440000,77048.01,77088.0,77025.72,77043.99,20.69528,1789045499999
1789045500000,77043.8,77050.97,77000.0,77035.43,12.41146,1789045559999
1789045560000,77035.43,77079.77,77028.0,77079.76,17.13449,1789045619999
1789045620000,77079.77,77079.77,77000.0,77000.0,18.17305,1789045679999
1789045680000,77000.01,77018.01,76922.0,76957.64,20.87543,1789045739999
1789045740000,76957.64,77019.32,76904.01,76972.0,35.14159,1789045799999
1789045800000,76972.01,77038.01,76950.01,76976.91,23.68067,1789045859999
1789045860000,76976.91,76996.01,76933.38,76948.01,18.2283,1789045919999
1789045920000,76948.0,76971.39,76806.0,76818.78,29.51209,1789045979999
1789045980000,76818.77,76856.71,76780.0,76784.01,39.80031,1789046039999
1789046040000,76784.01,76835.56,76784.01,76835.33,23.44805,1789046099999
1789046100000,76835.32,76885.34,76816.0,76885.34,17.93397,1789046159999
1789046160000,76885.35,76915.38,76810.42,76883.37,23.08664,1789046219999
1789046220000,76883.38,76896.01,76841.58,76854.0,14.77146,1789046279999
1789046280000,76854.01,76855.0,76782.67,76842.01,24.00223,1789046339999
1789046340000,76842.0,76842.01,76750.0,76750.01,17.33566,1789046399999
1789046400000,76750.01,76800.0,76745.0,76780.0,28.03835,1789046459999
1789046460000,76779.99,76926.01,76779.99,76902.0,34.7726,1789046519999
1789046520000,76902.0,76940.73,76902.0,76924.0,11.73748,1789046579999
1789046580000,76924.0,76966.73,76924.0,76937.87,19.11745,1789046639999
1789046640000,76937.87,76946.63,76888.0,76888.01,12.831,1789046699999
1789046700000,76888.0,76898.64,76834.28,76867.8,29.98487,1789046759999
1789046760000,76867.8,76908.0,76867.79,76908.0,9.17002,1789046819999
1789046820000,76908.0,76918.0,76876.0,76918.0,13.03575,1789046879999
1789046880000,76917.99,76959.99,76908.31,76959.99,14.55769,1789046939999
1789046940000,76960.0,76970.01,76934.0,76934.0,12.57785,1789046999999
1789047000000,76934.01,76978.01,76806.08,76807.51,64.48746,1789047059999
1789047060000,76807.5,76882.01,76774.0,76774.01,32.77271,1789047119999
1789047120000,76774.01,76900.0,76774.01,76874.0,20.73088,1789047179999
1789047180000,76874.01,76926.01,76858.0,76882.01,16.0498,1789047239999
1789047240000,76882.0,76936.01,76878.43,76923.45,9.98193,1789047299999
1789047300000,76923.44,76956.93,76879.23,76956.93,18.90498,1789047359999
1789047360000,76956.92,77088.0,76944.0,77084.29,46.67923,1789047419999
1789047420000,77084.29,77106.01,76952.0,77022.45,28.26767,1789047479999
1789047480000,77022.45,77049.66,76994.0,76998.0,23.19708,1789047539999
1789047540000,76998.01,77064.01,76968.54,77064.01,23.44014,1789047599999
1789047600000,77064.0,77064.01,76986.01,77016.01,18.73848,1789047659999
1789047660000,77016.01,77084.01,76998.39,77016.0,23.40867,1789047719999
1789047720000,77016.01,77076.01,76932.09,76964.01,63.28423,1789047779999
1789047780000,76964.01,77011.9,76934.62,76982.01,64.91498,1789047839999
1789047840000,76982.01,76994.01,76936.22,76936.22,25.65696,1789047899999
1789047900000,76936.23,77004.01,76926.01,77004.01,17.05056,1789047959999
1789047960000,77004.01,77034.79,76990.0,77034.79,24.70159,1789048019999
1789048020000,77034.79,77092.01,77034.78,77062.01,14.71179,1789048079999
1789048080000,77062.0,77095.88,76992.0,77032.0,12.15681,1789048139999
1789048140000,77032.0,77100.01,77032.0,77076.01,28.79908,1789048199999
1789048200000,77076.01,77076.01,76964.0,76970.12,11.57044,1789048259999
1789048260000,76970.12,76970.12,76924.0,76945.26,15.29018,1789048319999
1789048320000,76945.27,77117.89,76945.27,77117.88,14.54134,1789048379999
1789048380000,77117.88,77223.23,77105.73,77182.0,55.06361,1789048439999
1789048440000,77182.01,77234.0,77154.0,77154.0,17.06998,1789048499999
1789048500000,77154.01,77178.01,77111.61,77158.01,24.35153,1789048559999
1789048560000,77158.01,77196.01,77156.0,77176.01,9.88881,1789048619999
1789048620000,77176.0,77188.01,77168.03,77188.0,6.0485,1789048679999
1789048680000,77188.01,77214.01,77188.0,77208.0,12.32596,1789048739999
1789048740000,77208.01,77226.01,77174.43,77174.44,12.12825,1789048799999
1789048800000,77174.43,77268.98,77174.43,77268.98,21.2164,1789048859999
1789048860000,77268.97,77310.58,77247.27,77310.57,46.29954,1789048919999
1789048920000,77310.57,77345.85,77284.26,77294.0,24.65351,1789048979999
1789048980000,77294.01,77304.01,77222.28,77270.01,36.90183,1789049039999
1789049040000,77270.01,77273.24,77200.0,77236.01,16.47639,1789049099999
1789049100000,77236.01,77238.01,77144.0,77148.54,27.45286,1789049159999
1789049160000,77148.54,77166.77,77110.29,77141.69,68.9098,1789049219999
1789049220000,77141.68,77144.67,77033.02,77033.03,23.60621,1789049279999
1789049280000,77033.02,77034.01,76959.23,76996.31,23.19818,1789049339999
1789049340000,76996.3,77040.01,76971.92,77040.01,8.30216,1789049399999
1789049400000,77040.01,77061.77,77002.0,77010.01,15.27381,1789049459999
1789049460000,77010.0,77098.18,77006.0,77092.4,11.02305,1789049519999
1789049520000,77092.39,77146.01,77092.39,77132.0,20.55641,1789049579999
1789049580000,77132.01,77146.01,77114.0,77123.23,3.35945,1789049639999
1789049640000,77123.23,77141.55,77078.78,77085.9,15.34682,1789049699999
1789049700000,77085.9,77086.01,77040.0,77040.0,5.67222,1789049759999
1789049760000,77040.0,77040.0,76983.84,77033.29,15.61066,1789049819999
1789049820000,77033.29,77033.29,76966.24,76974.35,31.99735,1789049879999
1789049880000,76974.35,76978.01,76943.45,76964.01,36.72693,1789049939999
1789049940000,76964.01,77052.94,76963.08,77044.14,39.89716,1789049999999
1789050000000,77044.14,77088.01,77013.56,77070.47,15.1419,1789050059999
1789050060000,77070.46,77070.46,76978.14,77062.0,14.49923,1789050119999
1789050120000,77062.01,77176.01,77062.01,77169.33,10.97784,1789050179999
1789050180000,77169.33,77169.33,77128.02,77154.0,10.12424,1789050239999
1789050240000,77154.01,77350.59,77128.01,77275.51,32.52058,1789050299999
1789050300000,77275.52,77372.01,77275.51,77338.0,20.18791,1789050359999
1789050360000,77338.01,77338.01,77240.64,77284.01,12.70939,1789050419999
1789050420000,77284.0,77305.83,77259.29,77301.72,11.31417,1789050479999
1789050480000,77301.73,77373.2,77301.73,77373.19,9.10271,1789050539999
1789050540000,77373.19,77380.0,77276.0,77276.01,34.23669,1789050599999
1789050600000,77276.01,77313.18,77260.01,77272.01,7.66522,1789050659999
1789050660000,77272.01,77272.01,77240.0,77262.09,8.82045,1789050719999
1789050720000,77262.1,77296.54,77250.35,77278.0,6.63735,1789050779999
1789050780000,77278.0,77310.01,77276.0,77294.13,6.66629,1789050839999
1789050840000,77294.01,77312.0,77284.0,77294.0,5.32137,1789050899999
1789050900000,77294.0,77360.01,77294.0,77330.01,6.31875,1789050959999
1789050960000,77330.01,77339.57,77286.0,77339.57,6.92898,1789051019999
1789051020000,77340.01,77342.01,77326.0,77340.01,4.24888,1789051079999
1789051080000,77340.0,77340.01,77184.28,77263.77,99.05634,1789051139999
1789051140000,77263.77,77263.78,77242.01,77250.01,7.0321,1789051199999
1789051200000,77250.01,77289.51,77250.01,77289.5,4.19307,1789051259999
1789051260000,77289.51,77365.75,77289.51,77318.0,87.78813,1789051319999
1789051320000,77318.01,77326.01,77278.0,77278.01,9.49287,1789051379999
1789051380000,77278.01,77292.01,77268.0,77282.8,3.97743,1789051439999
1789051440000,77282.8,77282.81,77272.0,77282.01,8.95307,1789051499999
1789051500000,77282.0,77336.01,77282.0,77332.01,16.98629,1789051559999
1789051560000,77332.02,77392.01,77322.0,77392.01,8.48888,1789051619999
1789051620000,77392.01,77410.03,77350.0,77350.0,84.9036,1789051679999
1789051680000,77350.01,77366.01,77340.0,77348.0,4.09249,1789051739999
1789051740000,77348.0,77358.65,77325.98,77325.98,3.28328,1789051799999
1789051800000,77325.98,77325.99,77282.92,77286.48,3.9847,1789051859999
1789051860000,77286.48,77286.48,77272.0,77281.06,5.14652,1789051919999
1789051920000,77281.05,77339.72,77281.05,77339.71,5.23176,1789051979999
1789051980000,77339.72,77385.15,77339.72,77385.14,2.6553,1789052039999
1789052040000,77385.15,77389.79,77385.14,77388.0,1.79286,1789052099999
1789052100000,77388.01,77400.0,77380.0,77391.82,7.04405,1789052159999
1789052160000,77391.82,77424.98,77391.82,77424.98,7.45489,1789052219999
1789052220000,77424.97,77424.98,77386.0,77400.88,6.82833,1789052279999
1789052280000,77400.87,77400.88,77366.0,77378.25,8.1115,1789052339999
1789052340000,77378.26,77412.01,77378.26,77412.01,2.87441,1789052399999
1789052400000,77412.01,77412.01,77324.28,77334.0,16.37042,1789052459999
1789052460000,77334.01,77334.01,77278.8,77285.1,5.5088,1789052519999
1789052520000,77285.1,77300.01,77250.0,77270.0,18.64402,1789052579999
1789052580000,77270.01,77318.65,77250.0,77318.64,17.4585,1789052639999
1789052640000,77318.64,77336.73,77286.53,77286.53,6.81786,1789052699999
1789052700000,77286.54,77359.47,77286.53,77359.47,7.99424,1789052759999
1789052760000,77359.46,77359.47,77318.0,77322.0,6.04785,1789052819999
1789052820000,77322.0,77360.01,77321.99,77348.96,5.90414,1789052879999
1789052880000,77348.96,77354.0,77328.0,77354.0,9.28784,1789052939999
1789052940000,77354.01,77380.0,77342.16,77342.17,8.42776,1789052999999
1789053000000,77342.16,77412.89,77342.16,77412.88,5.83839,1789053059999
1789053060000,77412.89,77412.89,77354.85,77354.85,6.93182,1789053119999
1789053120000,77354.85,77354.86,77336.0,77336.01,3.73175,1789053179999
1789053180000,77336.01,77353.73,77324.0,77346.01,5.83528,1789053239999
1789053240000,77346.01,77346.01,77334.0,77336.01,4.71382,1789053299999
1789053300000,77336.0,77355.62,77325.56,77342.33,4.67666,1789053359999
1789053360000,77342.33,77342.33,77320.52,77328.0,1.95027,1789053419999
1789053420000,77328.0,77328.0,77245.15,77255.02,88.26853,1789053479999
1789053480000,77255.02,77260.0,77242.01,77242.01,7.8614,1789053539999
1789053540000,77242.01,77282.01,77242.01,77262.0,8.14029,1789053599999
1789053600000,77262.01,77262.01,77207.2,77207.2,5.43907,1789053659999
1789053660000,77207.2,77214.01,77160.0,77214.01,8.47684,1789053719999
1789053720000,77214.01,77238.01,77208.0,77214.01,5.32201,1789053779999
1789053780000,77214.01,77216.01,77162.0,77162.01,6.63751,1789053839999
1789053840000,77162.01,77179.66,77158.0,77174.0,6.47605,1789053899999
1789053900000,77174.01,77174.86,77132.0,77138.81,4.78515,1789053959999
1789053960000,77138.8,77138.81,77106.0,77113.99,4.35612,1789054019999
1789054020000,77114.0,77132.01,77098.0,77132.01,15.56656,1789054079999
1789054080000,77132.01,77162.65,77124.0,77140.0,10.94878,1789054139999
1789054140000,77140.01,77140.01,77108.0,77108.01,8.93404,1789054199999
1789054200000,77108.0,77140.01,77108.0,77140.01,20.20426,1789054259999
1789054260000,77140.01,77140.92,77108.42,77136.01,14.75447,1789054319999
1789054320000,77136.01,77140.92,77092.16,77140.92,23.48988,1789054379999
1789054380000,77140.92,77198.31,77140.91,77198.31,23.79315,1789054439999
1789054440000,77198.31,77204.4,77164.44,77164.44,11.46802,1789054499999
1789054500000,77164.44,77214.01,77156.72,77190.01,21.50618,1789054559999
1789054560000,77190.0,77282.01,77190.0,77282.01,12.16296,1789054619999
1789054620000,77282.0,77337.9,77282.0,77329.53,6.60568,1789054679999
1789054680000,77329.52,77329.53,77314.0,77314.01,2.73877,1789054739999
1789054740000,77314.0,77314.0,77272.19,77276.0,5.40051,1789054799999
1789054800000,77276.0,77280.01,77214.0,77214.01,11.44914,1789054859999
1789054860000,77214.01,77234.01,77202.0,77218.48,4.68676,1789054919999
1789054920000,77218.48,77225.36,77206.0,77219.99,7.40293,1789054979999
1789054980000,77219.99,77223.81,77191.84,77223.81,5.53974,1789055039999
1789055040000,77223.81,77231.94,77216.0,77216.01,3.67621,1789055099999
1789055100000,77216.0,77240.01,77198.45,77240.0,24.80744,1789055159999
1789055160000,77240.0,77240.01,77126.54,77126.55,11.22479,1789055219999
1789055220000,77126.55,77137.26,77120.0,77120.0,23.74985,1789055279999
1789055280000,77120.01,77149.99,77120.0,77144.01,9.23931,1789055339999
1789055340000,77144.0,77186.01,77130.0,77186.01,18.64896,1789055399999
1789055400000,77186.01,77218.01,77174.28,77184.0,19.77046,1789055459999
1789055460000,77184.0,77184.01,77150.0,77156.01,4.94073,1789055519999
1789055520000,77156.0,77214.93,77150.0,77194.0,5.95009,1789055579999
1789055580000,77194.0,77195.98,77165.7,77165.71,2.29059,1789055639999
1789055640000,77165.7,77165.71,77148.0,77148.01,2.90542,1789055699999
1789055700000,77148.02,77157.12,77121.0,77152.01,13.02082,1789055759999
1789055760000,77152.01,77201.17,77152.0,77201.17,28.87485,1789055819999
1789055820000,77201.17,77217.52,77196.07,77207.16,21.23613,1789055879999
1789055880000,77207.17,77241.53,77207.17,77226.82,8.03888,1789055939999
1789055940000,77226.82,77250.01,77222.55,77250.0,8.15804,1789055999999
1789056000000,77250.0,77293.72,77242.29,77293.72,11.07974,1789056059999
1789056060000,77293.72,77312.01,77248.0,77254.49,15.39382,1789056119999
1789056120000,77254.49,77260.01,77170.0,77170.0,20.02937,1789056179999
1789056180000,77170.0,77170.0,77110.0,77112.0,6.15008,1789056239999
1789056240000,77112.01,77138.0,77100.0,77100.01,4.18866,1789056299999
1789056300000,77100.0,77110.01,77080.0,77110.0,8.5943,1789056359999
1789056360000,77110.0,77110.01,77080.05,77088.0,4.74975,1789056419999
1789056420000,77088.0,77088.01,77030.47,77030.47,15.58123,1789056479999
1789056480000,77030.48,77030.48,76958.0,76958.01,23.91383,1789056539999
1789056540000,76958.01,76966.66,76928.06,76931.41,19.96751,1789056599999
1789056600000,76931.42,76972.5,76919.47,76954.0,30.4023,1789056659999
1789056660000,76954.0,76958.01,76927.01,76927.02,7.82335,1789056719999
1789056720000,76927.01,76985.95,76910.0,76985.94,10.37934,1789056779999
1789056780000,76985.95,77002.01,76985.95,76992.01,3.42343,1789056839999
1789056840000,76992.0,76992.0,76986.0,76986.0,1.38353,1789056899999
1789056900000,76986.0,76997.85,76982.4,76997.83,4.12821,1789056959999
1789056960000,76997.84,77000.0,76940.09,76940.1,3.31577,1789057019999
1789057020000,76940.1,76940.1,76897.47,76926.0,16.48965,1789057079999
1789057080000,76926.0,76930.01,76894.09,76898.0,11.24357,1789057139999
1789057140000,76898.01,76926.01,76884.27,76914.0,9.04824,1789057199999
1789057200000,76914.01,77044.01,76914.0,77038.01,12.3994,1789057259999
1789057260000,77038.01,77077.02,77030.01,77050.32,8.87016,1789057319999
1789057320000,77050.03,77050.03,76998.0,76998.0,4.59804,1789057379999
1789057380000,76998.01,77000.01,76974.3,77000.0,4.53476,1789057439999
1789057440000,77000.01,77014.01,76980.0,76990.01,6.48923,1789057499999
1789057500000,76990.0,76990.0,76968.0,76988.01,6.24914,1789057559999
1789057560000,76988.0,76994.01,76942.0,76942.0,5.5187,1789057619999
1789057620000,76942.01,76953.03,76938.0,76939.99,5.07907,1789057679999
1789057680000,76939.99,76946.01,76938.0,76946.01,2.43522,1789057739999
1789057740000,76946.0,76946.01,76930.0,76932.0,3.79996,1789057799999
1789057800000,76932.01,76969.79,76917.65,76966.09,12.1395,1789057859999
1789057860000,76966.09,76976.01,76966.0,76966.0,4.31476,1789057919999
1789057920000,76966.01,76966.01,76935.0,76938.0,5.54768,1789057979999
1789057980000,76938.0,76938.0,76917.64,76917.65,9.99264,1789058039999
1789058040000,76917.65,76917.65,76841.0,76841.16,37.01253,1789058099999
1789058100000,76841.16,76841.16,76806.05,76806.16,14.11781,1789058159999
1789058160000,76806.17,76884.09,76804.99,76884.09,10.79645,1789058219999
1789058220000,76884.38,76985.33,76884.37,76981.53,10.31386,1789058279999
1789058280000,76981.47,76982.01,76950.39,76960.01,11.73105,1789058339999
1789058340000,76960.0,77020.01,76960.0,77020.01,9.15232,1789058399999
1789058400000,77020.01,77043.48,77008.0,77043.48,16.66519,1789058459999
1789058460000,77043.48,77073.79,77040.0,77052.72,9.41214,1789058519999
1789058520000,77052.72,77060.15,77029.0,77031.07,5.10633,1789058579999
1789058580000,77031.06,77031.06,76978.0,76985.02,3.20584,1789058639999
1789058640000,76985.03,77044.89,76985.02,77044.88,7.80884,1789058699999
1789058700000,77044.89,77101.83,77044.88,77096.0,9.28769,1789058759999
1789058760000,77096.01,77189.0,77096.0,77178.02,11.04058,1789058819999
1789058820000,77178.02,77234.9,77178.01,77200.0,8.80741,1789058879999
1789058880000,77200.0,77206.0,77157.66,77157.66,5.44626,1789058939999
1789058940000,77157.66,77161.69,77124.01,77124.01,13.02897,1789058999999
1789059000000,77124.0,77128.01,77110.0,77110.01,5.11143,1789059059999
1789059060000,77110.01,77126.01,77110.0,77116.0,5.59533,1789059119999
1789059120000,77116.01,77116.01,77076.46,77076.47,8.93012,1789059179999
1789059180000,77076.46,77106.74,77074.0,77098.01,3.72527,1789059239999
1789059240000,77098.0,77105.9,77092.0,77098.01,3.10299,1789059299999
1789059300000,77098.0,77160.01,77090.0,77160.01,12.85254,1789059359999
1789059360000,77160.01,77168.01,77160.01,77162.01,4.83214,1789059419999
1789059420000,77162.0,77162.0,77152.0,77159.86,4.06944,1789059479999
1789059480000,77159.87,77211.35,77159.86,77211.34,8.92281,1789059539999
1789059540000,77211.35,77211.35,77200.0,77200.01,3.1187,1789059599999
1789059600000,77200.0,77200.01,77162.01,77184.0,5.61746,1789059659999
1789059660000,77184.01,77186.01,77144.0,77148.0,3.72647,1789059719999
1789059720000,77148.01,77210.0,77148.0,77182.01,17.81864,1789059779999
1789059780000,77182.0,77182.0,77126.26,77126.26,3.24588,1789059839999
1789059840000,77126.26,77151.82,77126.26,77144.7,3.80149,1789059899999
1789059900000,77144.7,77173.55,77144.7,77160.45,3.45987,1789059959999
1789059960000,77160.46,77160.46,77134.0,77139.99,3.43101,1789060019999
1789060020000,77139.98,77162.01,77139.98,77150.0,1.79472,1789060079999
1789060080000,77150.0,77155.79,77150.0,77150.01,1.43112,1789060139999
1789060140000,77150.01,77158.0,77150.0,77152.01,1.63242,1789060199999
1789060200000,77152.01,77196.94,77152.0,77190.01,6.60172,1789060259999
1789060260000,77190.0,77207.29,77190.0,77207.29,6.87952,1789060319999
1789060320000,77207.28,77244.6,77202.53,77202.53,6.4798,1789060379999
1789060380000,77202.53,77202.54,77165.58,77170.01,8.6412,1789060439999
1789060440000,77170.01,77180.01,77170.0,77180.01,1.86396,1789060499999
1789060500000,77180.01,77180.01,77162.0,77162.01,3.31345,1789060559999
1789060560000,77162.01,77188.01,77146.22,77146.22,5.59789,1789060619999
1789060620000,77146.22,77166.01,77140.0,77156.01,6.41118,1789060679999
1789060680000,77156.0,77166.01,77150.0,77152.01,3.69731,1789060739999
1789060740000,77152.0,77174.8,77150.0,77174.8,2.84284,1789060799999
1789060800000,77174.79,77234.27,77135.15,77234.27,14.38857,1789060859999
1789060860000,77234.27,77250.0,77228.0,77240.28,3.32882,1789060919999
1789060920000,77240.28,77251.59,77236.29,77238.01,6.14817,1789060979999
1789060980000,77238.0,77265.58,77238.0,77265.57,4.34341,1789061039999
1789061040000,77265.58,77307.02,77252.0,77306.04,15.14507,1789061099999
1789061100000,77306.04,77333.33,77252.0,77252.01,25.06429,1789061159999
1789061160000,77252.0,77254.0,77241.85,77249.05,3.70918,1789061219999
1789061220000,77249.06,77320.13,77249.06,77290.0,8.56838,1789061279999
1789061280000,77290.01,77339.37,77290.0,77333.73,17.38586,1789061339999
1789061340000,77333.73,77333.73,77316.98,77321.54,5.24805,1789061399999
1789061400000,77321.53,77376.36,77319.61,77361.08,14.32418,1789061459999
1789061460000,77361.07,77380.26,77361.07,77377.78,3.47128,1789061519999
1789061520000,77377.78,77465.97,77377.77,77424.26,14.15534,1789061579999
1789061580000,77424.26,77430.92,77390.57,77412.75,8.42522,1789061639999
1789061640000,77412.75,77517.94,77412.75,77506.96,16.59038,1789061699999
1789061700000,77506.7,77544.0,77457.11,77543.99,100.30441,1789061759999
1789061760000,77543.99,77543.99,77482.67,77482.67,11.27284,1789061819999
1789061820000,77482.67,77486.01,77430.96,77431.76,6.33702,1789061879999
1789061880000,77431.74,77431.74,77371.17,77391.65,23.08453,1789061939999
1789061940000,77391.64,77391.64,77367.25,77367.26,2.73911,1789061999999
1789062000000,77367.25,77367.85,77320.0,77356.01,20.04546,1789062059999
1789062060000,77356.0,77391.65,77352.0,77364.87,5.67753,1789062119999
1789062120000,77364.87,77379.71,77318.0,77328.85,3.90476,1789062179999
1789062180000,77328.85,77347.64,77299.58,77344.91,81.13789,1789062239999
1789062240000,77344.92,77367.02,77344.92,77361.93,3.55684,1789062299999
1789062300000,77361.94,77361.94,77350.0,77361.94,8.64643,1789062359999
1789062360000,77362.01,77382.01,77324.51,77335.01,16.25307,1789062419999
1789062420000,77335.14,77356.01,77335.14,77338.56,1.43351,1789062479999
1789062480000,77338.56,77382.01,77334.24,77382.01,2.91034,1789062539999
1789062540000,77382.01,77415.85,77382.01,77392.83,5.40029,1789062599999
1789062600000,77392.83,77400.31,77368.5,77380.63,1.79132,1789062659999
1789062660000,77380.62,77421.14,77380.62,77421.14,1.50044,1789062719999
1789062720000,77421.14,77432.01,77413.36,77432.01,6.63163,1789062779999
1789062780000,77432.0,77432.01,77396.0,77403.34,3.18403,1789062839999
1789062840000,77403.34,77417.9,77403.33,77403.34,2.51654,1789062899999
1789062900000,77403.34,77403.34,77369.57,77369.58,3.17521,1789062959999
1789062960000,77369.58,77374.02,77369.14,77369.14,4.7881,1789063019999
1789063020000,77369.14,77378.09,77345.64,77345.65,3.73367,1789063079999
1789063080000,77345.64,77350.01,77344.0,77346.34,3.00293,1789063139999
1789063140000,77346.33,77346.34,77328.72,77328.72,2.89935,1789063199999
1789063200000,77328.72,77331.55,77305.35,77331.54,13.04215,1789063259999
1789063260000,77331.55,77340.0,77268.0,77268.01,5.98152,1789063319999
1789063320000,77268.0,77268.0,77228.36,77244.0,8.13887,1789063379999
1789063380000,77244.0,77244.0,77198.0,77198.01,8.31726,1789063439999
1789063440000,77198.01,77201.62,77165.66,77165.69,5.59054,1789063499999
1789063500000,77165.68,77192.85,77150.0,77188.74,9.15222,1789063559999
1789063560000,77188.74,77188.74,77158.0,77169.64,1.59725,1789063619999
1789063620000,77169.64,77169.65,77156.76,77156.76,3.22767,1789063679999
1789063680000,77156.45,77156.45,77102.01,77102.01,8.73765,1789063739999
1789063740000,77102.01,77102.01,77000.0,77008.25,13.36725,1789063799999
1789063800000,77008.25,77036.49,76982.6,77030.01,8.2142,1789063859999
1789063860000,77030.01,77036.11,77028.0,77036.1,1.53488,1789063919999
1789063920000,77036.11,77038.0,77032.0,77038.0,0.87575,1789063979999
1789063980000,77038.01,77038.01,77013.42,77020.0,2.06978,1789064039999
1789064040000,77020.0,77026.01,77020.0,77020.01,2.49977,1789064099999
1789064100000,77020.01,77040.16,77005.27,77040.15,5.75216,1789064159999
1789064160000,77040.16,77086.52,77040.15,77058.01,4.95867,1789064219999
1789064220000,77058.01,77060.01,77012.0,77015.9,7.85944,1789064279999
1789064280000,77015.89,77038.01,77015.89,77038.01,3.27191,1789064339999
1789064340000,77038.0,77054.67,77038.0,77054.67,5.87807,1789064399999
1789064400000,77054.67,77080.01,77054.66,77080.01,6.57643,1789064459999
1789064460000,77080.0,77097.65,77074.0,77097.65,2.89731,1789064519999
1789064520000,77097.65,77169.64,77097.65,77144.06,6.20321,1789064579999
1789064580000,77144.06,77144.06,77110.0,77110.0,3.22434,1789064639999
1789064640000,77110.0,77114.01,77096.21,77105.88,17.6186,1789064699999
1789064700000,77105.89,77116.01,77105.88,77110.0,3.30537,1789064759999
1789064760000,77110.01,77110.01,77081.69,77088.0,5.98775,1789064819999
1789064820000,77088.01,77102.01,77088.0,77098.01,2.74744,1789064879999
1789064880000,77098.0,77129.24,77098.0,77112.0,4.17757,1789064939999
1789064940000,77112.0,77112.01,77074.0,77074.0,3.18092,1789064999999
1789065000000,77074.01,77074.01,77062.29,77068.0,3.76252,1789065059999
1789065060000,77068.0,77071.91,77067.99,77071.91,1.93204,1789065119999
1789065120000,77071.91,77090.0,77071.9,77090.0,2.53919,1789065179999
1789065180000,77090.0,77090.0,77050.0,77050.0,4.59359,1789065239999
1789065240000,77050.01,77088.01,77050.0,77088.01,2.3655,1789065299999
1789065300000,77088.01,77093.62,77078.0,77085.59,3.36781,1789065359999
1789065360000,77085.85,77139.5,77085.85,77139.49,2.43798,1789065419999
1789065420000,77139.49,77139.49,77124.02,77133.17,3.65976,1789065479999
1789065480000,77133.32,77160.01,77130.0,77160.01,2.44146,1789065539999
1789065540000,77160.01,77166.01,77156.0,77158.01,1.75472,1789065599999
1789065600000,77158.01,77158.01,77116.02,77130.0,15.6134,1789065659999
1789065660000,77130.0,77156.0,77130.0,77156.0,4.48937,1789065719999
1789065720000,77156.01,77158.01,77156.0,77156.0,1.10868,1789065779999
1789065780000,77156.0,77156.01,77142.0,77142.01,3.77436,1789065839999
1789065840000,77142.01,77158.01,77142.0,77158.01,1.61015,1789065899999
1789065900000,77158.01,77158.01,77140.0,77144.01,1.99344,1789065959999
1789065960000,77144.01,77144.01,77128.92,77136.39,3.18372,1789066019999
1789066020000,77136.38,77136.39,77118.0,77132.01,4.05703,1789066079999
1789066080000,77132.0,77132.0,77102.97,77102.98,3.5281,1789066139999
1789066140000,77102.97,77182.57,77102.97,77124.0,8.48063,1789066199999
1789066200000,77124.0,77124.0,77100.0,77122.0,5.64715,1789066259999
1789066260000,77122.01,77225.71,77122.01,77216.0,9.67884,1789066319999
1789066320000,77216.01,77222.01,77196.55,77222.01,5.06643,1789066379999
1789066380000,77222.0,77265.58,77217.52,77265.58,7.59183,1789066439999
1789066440000,77265.57,77298.48,77265.57,77281.78,27.02119,1789066499999
1789066500000,77281.78,77281.78,77246.0,77258.01,2.83394,1789066559999
1789066560000,77258.01,77258.01,77236.0,77242.0,2.05522,1789066619999
1789066620000,77242.0,77242.0,77202.53,77204.0,2.87609,1789066679999
1789066680000,77203.99,77219.59,77200.0,77219.59,3.05689,1789066739999
1789066740000,77219.58,77252.01,77219.58,77252.0,2.75126,1789066799999
1789066800000,77252.0,77252.01,77206.0,77206.01,3.11509,1789066859999
1789066860000,77206.01,77223.59,77184.0,77184.01,10.77253,1789066919999
1789066920000,77184.0,77194.01,77180.0,77190.0,2.66374,1789066979999
1789066980000,77190.0,77212.01,77180.0,77212.01,5.17653,1789067039999
1789067040000,77212.01,77228.01,77212.0,77214.0,2.80174,1789067099999
1789067100000,77214.0,77214.01,77172.0,77172.01,2.91518,1789067159999
1789067160000,77172.01,77172.01,77164.0,77166.01,2.4972,1789067219999
1789067220000,77166.01,77192.48,77166.01,77174.36,3.67627,1789067279999
1789067280000,77174.0,77174.0,77160.0,77160.01,1.37684,1789067339999
1789067340000,77160.01,77227.65,77160.0,77199.49,14.3622,1789067399999
1789067400000,77199.49,77199.49,77160.0,77160.01,4.34441,1789067459999
1789067460000,77160.0,77160.01,77130.21,77130.22,5.72001,1789067519999
1789067520000,77130.21,77134.01,77130.0,77130.01,2.50686,1789067579999
1789067580000,77130.01,77146.01,77130.0,77146.01,2.94119,1789067639999
1789067640000,77146.01,77172.01,77146.0,77172.01,1.96788,1789067699999
1789067700000,77172.01,77190.01,77166.0,77166.0,5.28542,1789067759999
1789067760000,77166.01,77166.01,77161.36,77164.01,1.83249,1789067819999
1789067820000,77164.01,77174.01,77156.29,77156.29,2.20389,1789067879999
1789067880000,77156.3,77161.0,77144.18,77161.0,3.36365,1789067939999
1789067940000,77161.01,77162.01,77156.51,77156.52,1.03354,1789067999999
1789068000000,77156.51,77156.51,77126.0,77126.01,2.79038,1789068059999
1789068060000,77126.01,77136.95,77120.1,77136.95,7.78442,1789068119999
1789068120000,77136.95,77149.37,77136.95,77149.37,1.75187,1789068179999
1789068180000,77149.37,77155.79,77120.1,77120.1,22.26173,1789068239999
1789068240000,77120.1,77186.01,77120.1,77186.01,16.09916,1789068299999
1789068300000,77186.01,77254.01,77186.0,77216.01,8.85076,1789068359999
1789068360000,77216.0,77216.01,77216.0,77216.01,0.94337,1789068419999
1789068420000,77216.0,77216.01,77210.0,77210.01,1.12879,1789068479999
1789068480000,77210.0,77220.5,77209.15,77220.49,3.03686,1789068539999
1789068540000,77220.5,77228.01,77178.7,77190.01,22.66513,1789068599999
1789068600000,77190.0,77190.02,77132.11,77132.12,3.85527,1789068659999
1789068660000,77132.11,77132.11,77120.1,77126.0,15.16804,1789068719999
1789068720000,77126.01,77136.01,77126.0,77130.0,2.02878,1789068779999
1789068780000,77130.0,77135.38,77120.1,77135.37,3.50859,1789068839999
1789068840000,77135.38,77159.74,77135.38,77159.73,2.66982,1789068899999
1789068900000,77159.74,77198.01,77139.49,77186.09,12.55442,1789068959999
1789068960000,77186.09,77190.01,77186.08,77190.01,2.45685,1789069019999
1789069020000,77190.01,77190.01,77150.0,77150.0,8.63342,1789069079999
1789069080000,77150.01,77157.98,77137.57,77157.98,3.35793,1789069139999
1789069140000,77157.97,77180.73,77157.97,77180.73,2.24518,1789069199999
1789069200000,77180.73,77236.72,77180.73,77236.71,3.38403,1789069259999
1789069260000,77236.71,77236.73,77236.71,77236.73,0.39338,1789069319999
1789069320000,77236.72,77253.29,77236.72,77253.28,2.84013,1789069379999
1789069380000,77253.29,77281.75,77253.29,77281.75,4.11302,1789069439999
1789069440000,77281.75,77298.48,77236.0,77254.0,20.88233,1789069499999
1789069500000,77254.01,77258.01,77228.0,77228.0,2.15678,1789069559999
1789069560000,77228.0,77234.92,77178.45,77178.46,4.26881,1789069619999
1789069620000,77178.45,77182.01,77158.54,77182.01,3.56251,1789069679999
1789069680000,77182.0,77195.84,77174.0,77174.0,1.94719,1789069739999
1789069740000,77174.0,77184.66,77154.0,77154.01,2.71356,1789069799999
1789069800000,77154.01,77162.01,77100.0,77100.0,64.33239,1789069859999
1789069860000,77100.0,77148.73,77083.17,77148.72,17.41105,1789069919999
1789069920000,77148.73,77162.01,77096.0,77096.0,4.58201,1789069979999
1789069980000,77096.0,77103.47,77094.0,77094.01,5.61914,1789070039999
1789070040000,77094.01,77104.01,77094.0,77103.98,2.92881,1789070099999
1789070100000,77103.98,77148.01,77103.98,77148.01,6.52444,1789070159999
1789070160000,77148.01,77148.01,77134.0,77138.01,2.81659,1789070219999
1789070220000,77138.0,77146.44,77137.99,77146.42,2.29316,1789070279999
1789070280000,77146.43,77195.12,77146.42,77189.43,8.58702,1789070339999
1789070340000,77189.42,77189.42,77138.0,77160.83,8.89741,1789070399999
1789070400000,77160.83,77182.25,77160.83,77180.01,4.50617,1789070459999
1789070460000,77180.0,77193.2,77180.0,77193.19,0.87785,1789070519999
1789070520000,77193.19,77193.19,77155.51,77155.51,1.53167,1789070579999
1789070580000,77154.0,77161.62,77116.0,77161.61,3.25257,1789070639999
1789070640000,77161.61,77172.01,77152.0,77172.0,2.38364,1789070699999
1789070700000,77172.0,77175.83,77172.0,77175.83,0.59222,1789070759999
1789070760000,77175.82,77194.4,77166.01,77168.01,3.1105,1789070819999
1789070820000,77168.0,77220.0,77168.0,77220.0,3.76977,1789070879999
1789070880000,77220.0,77261.78,77219.99,77248.01,2.71705,1789070939999
1789070940000,77248.01,77286.01,77248.01,77286.01,2.60141,1789070999999
1789071000000,77286.01,77295.15,77272.58,77292.0,4.88596,1789071059999
1789071060000,77292.01,77306.87,77280.0,77280.0,4.91691,1789071119999
1789071120000,77280.01,77288.01,77280.0,77287.54,1.5714,1789071179999
1789071180000,77287.54,77292.01,77287.54,77292.0,1.02271,1789071239999
1789071240000,77292.01,77323.82,77292.0,77323.82,2.12471,1789071299999
1789071300000,77323.82,77336.0,77306.01,77318.78,4.9361,1789071359999
1789071360000,77318.78,77326.01,77307.03,77307.04,1.59393,1789071419999
1789071420000,77307.03,77311.62,77307.03,77311.62,1.28826,1789071479999
1789071480000,77311.61,77315.33,77311.61,77315.32,1.15044,1789071539999
1789071540000,77315.33,77335.64,77315.33,77335.63,1.43864,1789071599999
1789071600000,77335.63,77338.01,77335.63,77338.01,1.55326,1789071659999
1789071660000,77338.0,77344.99,77338.0,77344.99,2.10464,1789071719999
1789071720000,77344.99,77347.45,77344.98,77347.45,0.84928,1789071779999
1789071780000,77347.45,77347.45,77330.53,77332.01,5.67899,1789071839999
1789071840000,77332.0,77332.01,77274.0,77274.0,6.77624,1789071899999
1789071900000,77274.0,77274.01,77256.0,77269.49,4.93113,1789071959999
1789071960000,77269.49,77269.49,77269.48,77269.48,0.67136,1789072019999
1789072020000,77269.49,77290.01,77269.48,77290.0,1.8764,1789072079999
1789072080000,77290.01,77290.01,77277.8,77277.8,1.4831,1789072139999
1789072140000,77277.81,77277.81,77277.8,77277.8,0.49798,1789072199999
1789072200000,77277.8,77277.81,77277.8,77277.81,0.40696,1789072259999
1789072260000,77277.8,77277.81,77244.0,77244.0,2.55961,1789072319999
1789072320000,77244.01,77244.01,77234.0,77244.01,1.39174,1789072379999
1789072380000,77244.01,77270.01,77244.0,77270.01,4.24453,1789072439999
1789072440000,77270.01,77272.01,77254.0,77254.01,3.37748,1789072499999
1789072500000,77254.01,77256.01,77242.0,77242.0,1.96536,1789072559999
1789072560000,77242.01,77244.01,77238.0,77238.01,1.15796,1789072619999
1789072620000,77238.01,77259.28,77238.0,77259.28,0.89933,1789072679999
1789072680000,77259.28,77259.28,77259.27,77259.27,0.33546,1789072739999
1789072740000,77259.28,77274.01,77259.27,77274.01,1.58534,1789072799999
1789072800000,77274.0,77284.01,77268.27,77268.27,2.51728,1789072859999
1789072860000,77268.27,77269.16,77264.8,77269.16,1.67114,1789072919999
1789072920000,77269.19,77286.01,77269.19,77278.02,2.67421,1789072979999
1789072980000,77278.02,77290.01,77278.01,77290.0,0.82981,1789073039999
1789073040000,77290.01,77298.01,77290.0,77298.01,1.06265,1789073099999
1789073100000,77298.01,77298.01,77288.0,77288.01,2.36968,1789073159999
1789073160000,77288.01,77288.01,77288.0,77288.0,0.8969,1789073219999
1789073220000,77288.01,77288.01,77248.0,77248.0,4.1431,1789073279999
1789073280000,77248.0,77248.0,77221.64,77231.84,2.88982,1789073339999
1789073340000,77231.83,77252.01,77230.88,77252.0,2.63359,1789073399999
1789073400000,77252.01,77258.01,77252.0,77258.01,1.42809,1789073459999
1789073460000,77258.01,77274.01,77258.0,77260.96,4.19894,1789073519999
1789073520000,77260.97,77286.01,77260.96,77279.46,6.05735,1789073579999
1789073580000,77279.45,77286.01,77279.45,77286.01,1.10891,1789073639999
1789073640000,77286.01,77296.02,77286.0,77296.02,1.40096,1789073699999
1789073700000,77296.02,77305.13,77296.01,77305.12,1.25032,1789073759999
1789073760000,77305.12,77305.13,77296.23,77296.24,3.41288,1789073819999
1789073820000,77296.23,77296.24,77283.04,77283.04,2.95442,1789073879999
1789073880000,77283.05,77289.84,77268.08,77268.08,3.6602,1789073939999
1789073940000,77268.08,77268.09,77268.08,77268.08,0.39548,1789073999999
1789074000000,77268.08,77282.01,77268.08,77282.01,3.71342,1789074059999
1789074060000,77282.01,77284.01,77258.0,77262.01,7.00807,1789074119999
1789074120000,77262.01,77281.26,77258.0,77258.0,15.61934,1789074179999
1789074180000,77258.01,77258.01,77242.38,77242.38,1.60661,1789074239999
1789074240000,77242.39,77242.39,77240.87,77240.87,0.39387,1789074299999
1789074300000,77240.88,77258.0,77234.0,77258.0,2.04749,1789074359999
1789074360000,77258.0,77262.01,77257.99,77262.0,0.7898,1789074419999
1789074420000,77262.0,77262.01,77223.36,77224.18,3.2245,1789074479999
1789074480000,77224.18,77260.01,77224.17,77260.01,1.58079,1789074539999
1789074540000,77260.0,77279.51,77260.0,77279.5,0.76707,1789074599999
1789074600000,77279.51,77298.01,77279.5,77298.01,1.06296,1789074659999
1789074660000,77298.01,77298.01,77298.0,77298.01,0.51771,1789074719999
1789074720000,77298.0,77303.02,77298.0,77303.01,2.06869,1789074779999
1789074780000,77303.02,77303.02,77259.35,77259.35,6.66732,1789074839999
1789074840000,77259.35,77259.36,77258.0,77258.01,1.70734,1789074899999
1789074900000,77258.01,77258.01,77242.0,77242.01,0.80038,1789074959999
1789074960000,77242.01,77244.07,77242.0,77244.06,1.16196,1789075019999
1789075020000,77244.07,77244.07,77228.0,77228.01,1.55787,1789075079999
1789075080000,77228.01,77228.01,77200.89,77200.9,2.66723,1789075139999
1789075140000,77200.89,77200.9,77200.89,77200.89,0.86574,1789075199999
1789075200000,77200.89,77203.38,77200.89,77203.38,1.14963,1789075259999
1789075260000,77203.38,77224.67,77200.0,77201.2,7.48315,1789075319999
1789075320000,77201.19,77201.2,77200.64,77200.64,5.3902,1789075379999
1789075380000,77200.65,77215.56,77200.64,77210.82,3.37111,1789075439999
1789075440000,77210.81,77218.01,77210.81,77218.01,0.40285,1789075499999
1789075500000,77218.0,77223.78,77208.0,77223.77,6.1466,1789075559999
1789075560000,77223.77,77225.22,77216.0,77225.21,1.3866,1789075619999
1789075620000,77225.22,77225.22,77225.21,77225.21,0.25312,1789075679999
1789075680000,77225.21,77230.69,77225.21,77230.69,1.02825,1789075739999
1789075740000,77230.68,77230.69,77230.68,77230.69,0.87067,1789075799999
1789075800000,77230.69,77238.01,77230.69,77238.0,0.86355,1789075859999
1789075860000,77238.01,77238.01,77214.39,77214.39,3.39378,1789075919999
1789075920000,77214.39,77214.4,77214.39,77214.39,1.47195,1789075979999
1789075980000,77214.39,77214.4,77204.76,77204.76,3.89327,1789076039999
1789076040000,77204.76,77231.7,77204.76,77231.7,23.90354,1789076099999
1789076100000,77231.7,77231.7,77204.76,77204.76,2.15143,1789076159999
1789076160000,77204.76,77204.76,77190.0,77190.01,3.75999,1789076219999
1789076220000,77190.01,77193.01,77190.01,77193.01,3.06187,1789076279999
1789076280000,77193.01,77200.01,77175.48,77189.32,8.71648,1789076339999
1789076340000,77189.32,77189.95,77189.32,77189.94,1.10113,1789076399999
1789076400000,77189.94,77191.62,77184.0,77191.62,1.76617,1789076459999
1789076460000,77191.61,77196.96,77184.0,77188.0,2.9505,1789076519999
1789076520000,77188.01,77188.01,77180.6,77181.64,4.5799,1789076579999
1789076580000,77181.64,77181.64,77100.02,77150.0,14.47923,1789076639999
1789076640000,77150.01,77166.0,77132.37,77158.01,9.21311,1789076699999
1789076700000,77158.01,77164.0,77139.5,77152.96,7.88367,1789076759999
1789076760000,77152.97,77191.55,77152.96,77190.01,4.74035,1789076819999
1789076820000,77190.01,77201.84,77184.02,77194.28,6.93102,1789076879999
1789076880000,77194.27,77201.53,77182.5,77184.62,2.96502,1789076939999
1789076940000,77184.62,77184.62,77157.0,77157.01,35.96382,1789076999999
1789077000000,77157.01,77178.01,77157.0,77170.0,5.07819,1789077059999
1789077060000,77170.01,77172.01,77170.0,77172.01,6.81501,1789077119999
1789077120000,77172.01,77172.01,77150.0,77154.01,2.09905,1789077179999
1789077180000,77154.01,77173.79,77146.0,77156.0,10.30108,1789077239999
1789077240000,77156.01,77156.01,77142.01,77142.01,5.65619,1789077299999
1789077300000,77142.02,77142.05,77142.02,77142.04,0.97241,1789077359999
1789077360000,77142.05,77143.22,77130.0,77130.01,3.28378,1789077419999
1789077420000,77130.01,77150.01,77130.0,77150.01,1.2843,1789077479999
1789077480000,77150.0,77150.01,77134.0,77134.01,3.14253,1789077539999
1789077540000,77134.01,77144.01,77133.96,77144.0,2.52243,1789077599999
1789077600000,77144.01,77144.01,77104.69,77104.7,5.84837,1789077659999
1789077660000,77104.7,77124.01,77104.69,77124.01,3.5201,1789077719999
1789077720000,77124.01,77124.01,77080.0,77080.01,3.94047,1789077779999
1789077780000,77080.0,77134.01,77080.0,77128.92,4.85381,1789077839999
1789077840000,77128.92,77164.01,77128.91,77152.0,4.33496,1789077899999
1789077900000,77152.0,77152.01,77128.0,77128.0,3.60722,1789077959999
1789077960000,77128.01,77132.01,77124.0,77128.0,2.24948,1789078019999
1789078020000,77128.0,77128.01,77104.44,77127.51,2.56424,1789078079999
1789078080000,77128.01,77170.01,77128.0,77170.0,1.3119,1789078139999
1789078140000,77170.01,77170.01,77170.0,77170.01,1.49869,1789078199999
1789078200000,77170.0,77191.69,77170.0,77191.68,5.77757,1789078259999
1789078260000,77191.68,77191.69,77181.19,77181.48,2.05402,1789078319999
1789078320000,77181.47,77181.48,77144.0,77144.01,1.86056,1789078379999
1789078380000,77144.0,77144.01,77110.6,77114.25,4.05656,1789078439999
1789078440000,77114.25,77144.01,77100.02,77144.01,17.64407,1789078499999
1789078500000,77144.01,77169.71,77144.0,77169.71,2.00712,1789078559999
1789078560000,77169.71,77188.01,77169.7,77188.0,0.99065,1789078619999
1789078620000,77188.01,77200.0,77188.01,77200.0,1.98212,1789078679999
1789078680000,77199.99,77200.0,77186.0,77186.01,1.70112,1789078739999
1789078740000,77186.01,77196.01,77186.0,77186.01,1.60185,1789078799999
1789078800000,77186.01,77194.01,77186.0,77194.01,1.94208,1789078859999
1789078860000,77194.01,77218.01,77194.0,77214.42,4.69958,1789078919999
1789078920000,77214.41,77214.42,77174.0,77174.01,3.68521,1789078979999
1789078980000,77174.01,77174.01,77160.0,77160.0,2.37148,1789079039999
1789079040000,77160.01,77160.01,77150.0,77158.73,2.27275,1789079099999
1789079100000,77158.74,77158.74,77144.0,77145.45,1.64415,1789079159999
1789079160000,77145.44,77145.45,77139.49,77139.49,1.27837,1789079219999
1789079220000,77139.5,77139.5,77132.42,77132.42,1.23552,1789079279999
1789079280000,77132.43,77132.43,77106.67,77106.68,2.08865,1789079339999
1789079340000,77106.68,77106.68,77070.0,77070.01,3.43154,1789079399999
1789079400000,77070.0,77075.86,77070.0,77070.0,3.78613,1789079459999
1789079460000,77070.0,77082.57,77070.0,77070.01,5.0232,1789079519999
1789079520000,77070.01,77070.01,77014.0,77022.94,12.55293,1789079579999
1789079580000,77024.01,77024.01,76966.69,76999.43,10.59605,1789079639999
1789079640000,76999.43,77009.91,76984.67,76993.8,3.8622,1789079699999
1789079700000,76993.8,77010.14,76993.79,77004.08,2.84496,1789079759999
1789079760000,77004.07,77004.08,76956.0,76956.01,3.09507,1789079819999
1789079820000,76956.0,76956.01,76937.51,76937.51,1.71862,1789079879999
1789079880000,76937.52,76937.52,76870.01,76899.01,17.64983,1789079939999
1789079940000,76899.02,76919.85,76890.02,76912.08,2.83957,1789079999999
1789080000000,76912.08,76912.09,76868.4,76868.41,6.81638,1789080059999
1789080060000,76868.41,76871.65,76862.24,76870.31,2.74612,1789080119999
1789080120000,76870.32,76872.32,76830.0,76868.07,10.61042,1789080179999
1789080180000,76868.09,76868.09,76864.59,76867.63,2.22616,1789080239999
1789080240000,76867.62,76867.63,76856.4,76862.99,3.11984,1789080299999
1789080300000,76862.99,76890.8,76843.37,76890.8,7.66934,1789080359999
1789080360000,76890.79,76930.95,76882.96,76928.48,5.74572,1789080419999
1789080420000,76928.48,76963.36,76928.47,76956.61,3.3635,1789080479999
1789080480000,76956.6,76956.61,76940.58,76951.35,4.25231,1789080539999
1789080540000,76951.36,76970.84,76951.36,76968.4,3.34384,1789080599999
1789080600000,76968.41,76968.41,76954.18,76954.19,2.04632,1789080659999
1789080660000,76954.19,76954.2,76921.84,76937.39,3.07493,1789080719999
1789080720000,76937.4,76948.19,76901.1,76906.6,4.14484,1789080779999
1789080780000,76906.6,76919.97,76906.6,76915.0,2.44916,1789080839999
1789080840000,76915.0,76918.85,76912.51,76912.51,3.34322,1789080899999
1789080900000,76912.51,76912.52,76860.87,76874.85,8.5392,1789080959999
1789080960000,76874.86,76886.95,76874.85,76874.87,3.73778,1789081019999
1789081020000,76874.86,76876.31,76868.88,76876.3,1.25653,1789081079999
1789081080000,76876.31,76876.31,76859.88,76859.89,2.19977,1789081139999
1789081140000,76859.89,76859.89,76817.6,76836.45,10.75749,1789081199999
1789081200000,76836.45,76867.59,76836.45,76867.59,4.66672,1789081259999
1789081260000,76867.59,76867.59,76857.81,76857.81,2.85806,1789081319999
1789081320000,76857.82,76876.31,76847.98,76876.31,9.03074,1789081379999
1789081380000,76876.31,76876.31,76812.15,76812.16,7.24184,1789081439999
1789081440000,76812.16,76812.16,76711.31,76778.46,38.26315,1789081499999
1789081500000,76778.46,76876.31,76778.45,76874.8,8.49944,1789081559999
1789081560000,76874.79,76874.8,76791.33,76824.95,5.15995,1789081619999
1789081620000,76824.96,76824.96,76734.27,76734.27,7.92198,1789081679999
1789081680000,76734.28,76756.61,76600.0,76639.41,74.17984,1789081739999
1789081740000,76639.41,76720.11,76639.41,76701.49,17.19709,1789081799999
1789081800000,76701.49,76720.11,76685.36,76700.01,6.81773,1789081859999
1789081860000,76700.0,76764.34,76657.9,76698.24,25.04944,1789081919999
1789081920000,76698.25,76774.29,76698.25,76752.46,5.72593,1789081979999
1789081980000,76752.46,76756.75,76666.0,76670.37,11.57852,1789082039999
1789082040000,76670.37,76680.15,76501.44,76516.23,115.50317,1789082099999
1789082100000,76516.23,76670.36,76464.0,76664.67,93.51688,1789082159999
1789082160000,76664.67,76664.67,76511.82,76625.89,23.59758,1789082219999
1789082220000,76625.88,76698.25,76625.88,76687.32,14.62841,1789082279999
1789082280000,76687.31,76687.32,76632.01,76632.02,9.66445,1789082339999
1789082340000,76632.01,76659.72,76625.88,76659.72,7.64066,1789082399999
1789082400000,76660.27,76759.32,76660.27,76759.32,6.41918,1789082459999
1789082460000,76759.31,76771.52,76718.72,76741.53,18.84072,1789082519999
1789082520000,76741.53,76753.14,76718.72,76741.24,5.35981,1789082579999
1789082580000,76741.25,76741.25,76713.09,76718.5,27.90215,1789082639999
1789082640000,76718.5,76723.95,76687.98,76717.78,13.46636,1789082699999
1789082700000,76717.78,76734.37,76703.94,76722.86,5.50298,1789082759999
1789082760000,76722.86,76739.98,76707.0,76739.2,5.57152,1789082819999
1789082820000,76739.21,76778.47,76739.21,76778.47,7.22991,1789082879999
1789082880000,76778.46,76780.2,76754.88,76780.19,3.95021,1789082939999
1789082940000,76780.2,76790.91,76730.37,76734.29,4.90053,1789082999999
1789083000000,76734.29,76781.33,76734.29,76781.32,4.61187,1789083059999
1789083060000,76781.32,76781.33,76760.18,76760.18,3.86724,1789083119999
1789083120000,76760.18,76760.19,76710.63,76749.88,4.81827,1789083179999
1789083180000,76749.88,76791.61,76749.87,76791.61,1.9073,1789083239999
1789083240000,76791.61,76792.64,76767.29,76774.04,4.22857,1789083299999
1789083300000,76774.05,76774.05,76733.66,76757.35,3.49513,1789083359999
1789083360000,76757.35,76775.73,76757.34,76767.05,3.36667,1789083419999
1789083420000,76767.04,76821.92,76767.04,76772.97,6.70642,1789083479999
1789083480000,76772.96,76791.54,76761.28,76782.34,5.87991,1789083539999
1789083540000,76782.34,76791.95,76760.0,76760.0,5.05792,1789083599999
1789083600000,76760.0,76760.01,76739.44,76739.44,9.35256,1789083659999
1789083660000,76739.45,76745.36,76718.61,76718.61,8.00675,1789083719999
1789083720000,76718.62,76755.41,76718.61,76755.41,6.49707,1789083779999
1789083780000,76756.0,76794.22,76754.78,76754.78,5.0386,1789083839999
1789083840000,76754.79,76782.32,76746.96,76776.71,5.9607,1789083899999
1789083900000,76776.71,76782.54,76750.84,76766.42,7.11351,1789083959999
1789083960000,76766.42,76781.5,76762.12,76779.0,4.27999,1789084019999
1789084020000,76778.99,76778.99,76754.06,76754.06,2.20471,1789084079999
1789084080000,76754.06,76760.0,76732.16,76741.08,7.44929,1789084139999
1789084140000,76741.09,76741.09,76710.06,76713.95,3.62635,1789084199999
1789084200000,76713.95,76738.98,76704.43,76735.79,3.57644,1789084259999
1789084260000,76735.78,76742.53,76703.43,76710.53,6.38034,1789084319999
1789084320000,76710.52,76710.53,76684.92,76684.93,4.12675,1789084379999
1789084380000,76684.93,76715.12,76684.93,76688.6,10.56169,1789084439999
1789084440000,76688.59,76706.24,76624.37,76642.59,6.75912,1789084499999
1789084500000,76642.59,76654.32,76594.21,76603.47,21.60385,1789084559999
1789084560000,76603.47,76649.03,76572.03,76649.03,14.27131,1789084619999
1789084620000,76649.03,76649.03,76625.0,76630.98,6.59248,1789084679999
1789084680000,76630.98,76630.98,76581.13,76581.14,24.59103,1789084739999
1789084740000,76581.14,76581.14,76544.17,76568.72,7.67402,1789084799999
1789084800000,76568.73,76659.57,76563.01,76653.55,11.04364,1789084859999
1789084860000,76653.55,76653.56,76572.17,76635.28,14.17982,1789084919999
1789084920000,76635.27,76671.28,76589.56,76671.28,7.57634,1789084979999
1789084980000,76672.65,76712.08,76672.64,76703.36,12.38101,1789085039999
1789085040000,76703.36,76714.09,76648.95,76661.67,21.59572,1789085099999
1789085100000,76661.67,76661.67,76589.44,76658.08,17.83325,1789085159999
1789085160000,76658.08,76711.92,76649.05,76708.34,14.29719,1789085219999
1789085220000,76708.33,76765.86,76708.33,76765.86,12.32379,1789085279999
1789085280000,76765.86,76815.58,76762.53,76775.25,21.70603,1789085339999
1789085340000,76775.25,76804.47,76775.25,76793.9,3.72895,1789085399999
1789085400000,76793.91,76846.36,76793.9,76803.99,9.0366,1789085459999
1789085460000,76803.98,76830.5,76793.71,76814.54,4.24772,1789085519999
1789085520000,76814.53,76846.36,76814.53,76846.35,2.7154,1789085579999
1789085580000,76846.35,76851.6,76822.12,76832.12,3.20011,1789085639999
1789085640000,76832.13,76832.13,76807.92,76818.09,2.43876,1789085699999
1789085700000,76818.08,76832.13,76810.61,76810.61,6.53871,1789085759999
1789085760000,76810.61,76810.62,76797.68,76807.0,11.61852,1789085819999
1789085820000,76807.01,76839.79,76806.89,76806.9,3.56254,1789085879999
1789085880000,76806.89,76812.85,76782.93,76794.9,2.46891,1789085939999
1789085940000,76794.91,76819.05,76794.9,76819.05,2.3184,1789085999999
1789086000000,76819.06,76828.93,76772.81,76782.03,3.96974,1789086059999
1789086060000,76782.03,76824.78,76782.02,76819.68,4.00498,1789086119999
1789086120000,76819.67,76850.44,76819.67,76833.34,4.66899,1789086179999
1789086180000,76833.33,76870.01,76833.33,76866.16,4.70215,1789086239999
1789086240000,76866.16,76866.17,76846.53,76846.53,3.59702,1789086299999
1789086300000,76846.52,76846.52,76816.96,76816.97,2.52108,1789086359999
1789086360000,76816.97,76850.0,76816.96,76845.62,3.07555,1789086419999
1789086420000,76845.62,76876.31,76845.61,76855.78,22.51028,1789086479999
1789086480000,76855.78,76857.06,76790.41,76795.05,158.85503,1789086539999
1789086540000,76795.05,76851.99,76795.05,76848.85,4.21894,1789086599999
1789086600000,76848.85,76848.86,76784.0,76784.0,3.79924,1789086659999
1789086660000,76784.01,76784.01,76686.98,76702.86,7.88257,1789086719999
1789086720000,76703.51,76737.05,76686.09,76732.04,4.44268,1789086779999
1789086780000,76732.04,76773.73,76713.5,76713.51,3.46087,1789086839999
1789086840000,76713.51,76812.05,76709.88,76787.13,23.52158,1789086899999
1789086900000,76787.12,76800.15,76761.28,76800.15,3.8576,1789086959999
1789086960000,76800.15,76824.33,76800.14,76820.36,2.69235,1789087019999
1789087020000,76820.36,76824.33,76779.26,76779.27,3.35712,1789087079999
1789087080000,76779.27,76824.33,76776.61,76824.33,3.12519,1789087139999
1789087140000,76824.33,76824.33,76788.15,76800.56,2.95253,1789087199999
1789087200000,76800.55,76800.55,76776.73,76782.01,2.26278,1789087259999
1789087260000,76782.01,76782.01,76734.31,76734.31,6.47266,1789087319999
1789087320000,76734.32,76769.3,76734.32,76742.52,5.19159,1789087379999
1789087380000,76742.53,76777.58,76741.36,76777.57,2.10334,1789087439999
1789087440000,76777.58,76777.58,76762.37,76762.37,2.6214,1789087499999
1789087500000,76762.38,76788.45,76759.71,76780.76,4.78278,1789087559999
1789087560000,76780.77,76792.9,76778.68,76778.69,3.84428,1789087619999
1789087620000,76778.69,76778.69,76741.76,76754.45,3.78776,1789087679999
1789087680000,76754.44,76780.68,76754.44,76780.68,1.7448,1789087739999
1789087740000,76780.68,76791.98,76779.01,76779.01,3.25145,1789087799999
1789087800000,76779.0,76824.33,76771.01,76824.32,2.64249,1789087859999
1789087860000,76824.33,76849.83,76815.54,76819.93,5.85895,1789087919999
1789087920000,76819.94,76835.84,76800.0,76808.28,5.84291,1789087979999
1789087980000,76808.28,76849.83,76806.1,76849.82,3.10105,1789088039999
1789088040000,76849.83,76906.22,76849.82,76897.26,16.48249,1789088099999
1789088100000,76897.25,76939.8,76897.25,76916.62,4.00176,1789088159999
1789088160000,76916.61,76927.84,76900.0,76927.83,2.71287,1789088219999
1789088220000,76927.84,76927.84,76897.25,76904.02,3.76547,1789088279999
1789088280000,76904.02,76906.29,76883.18,76883.19,1.21842,1789088339999
1789088340000,76883.19,76908.6,76883.18,76908.59,1.23266,1789088399999
1789088400000,76908.59,76925.71,76890.56,76925.71,6.86841,1789088459999
1789088460000,76925.71,76949.88,76922.21,76949.88,3.32781,1789088519999
1789088520000,76949.87,76978.0,76949.87,76978.0,11.51314,1789088579999
1789088580000,76978.0,76998.0,76974.65,76998.0,5.66262,1789088639999
1789088640000,76998.0,77000.0,76981.64,76999.99,2.77989,1789088699999
1789088700000,77000.0,77000.0,76950.0,76950.01,2.20951,1789088759999
1789088760000,76950.01,76959.13,76943.44,76959.13,6.605,1789088819999
1789088820000,76959.13,76981.98,76959.12,76963.8,2.77618,1789088879999
1789088880000,76963.8,76977.92,76956.82,76956.83,4.64164,1789088939999
1789088940000,76956.83,76982.0,76956.82,76982.0,2.6014,1789088999999
1789089000000,76982.0,76997.01,76959.13,76966.47,3.86478,1789089059999
1789089060000,76966.83,76980.24,76966.83,76980.24,1.00962,1789089119999
1789089120000,76980.24,76983.43,76966.84,76966.85,2.09709,1789089179999
1789089180000,76966.85,76977.4,76935.73,76935.73,2.12212,1789089239999
1789089240000,76935.73,76938.48,76900.66,76901.29,5.88447,1789089299999
1789089300000,76901.3,76908.07,76841.03,76867.34,8.84166,1789089359999
1789089360000,76867.34,76908.04,76867.34,76889.54,8.1363,1789089419999
1789089420000,76889.53,76907.63,76889.53,76907.63,1.53308,1789089479999
1789089480000,76907.62,76907.63,76877.8,76887.35,7.2015,1789089539999
1789089540000,76887.35,76910.35,76877.26,76910.35,8.06559,1789089599999
1789089600000,76910.35,76957.45,76910.35,76957.45,7.19768,1789089659999
1789089660000,76957.45,76957.45,76815.01,76815.01,17.74652,1789089719999
1789089720000,76815.02,76815.02,76795.93,76803.34,3.12768,1789089779999
1789089780000,76803.34,76808.47,76795.93,76808.01,2.83357,1789089839999
1789089840000,76808.01,76884.53,76808.01,76877.34,6.01402,1789089899999
1789089900000,76877.33,76905.62,76877.33,76905.62,2.37693,1789089959999
1789089960000,76905.62,76905.62,76843.4,76853.96,4.3599,1789090019999
1789090020000,76853.97,76853.97,76828.08,76838.83,1.96532,1789090079999
1789090080000,76838.82,76839.6,76809.6,76814.98,3.6995,1789090139999
1789090140000,76814.98,76829.21,76813.08,76813.09,2.74797,1789090199999
1789090200000,76813.08,76815.84,76791.45,76791.46,3.31648,1789090259999
1789090260000,76791.45,76791.46,76764.24,76764.24,7.44369,1789090319999
1789090320000,76764.25,76776.4,76718.23,76725.7,7.24419,1789090379999
1789090380000,76725.7,76746.97,76691.13,76691.14,6.73039,1789090439999
1789090440000,76691.13,76746.97,76670.57,76746.97,22.8316,1789090499999
1789090500000,76746.97,76895.9,76746.97,76895.9,10.49218,1789090559999
1789090560000,76895.89,76918.16,76818.77,76839.83,8.83331,1789090619999
1789090620000,76839.84,76869.59,76794.36,76794.36,5.79705,1789090679999
1789090680000,76794.37,76794.37,76776.52,76783.35,4.86157,1789090739999
1789090740000,76783.35,76785.04,76748.09,76779.09,6.47093,1789090799999
1789090800000,76779.08,76779.08,76745.38,76745.38,4.2597,1789090859999
1789090860000,76745.38,76745.75,76693.17,76712.06,7.24695,1789090919999
1789090920000,76712.05,76779.57,76712.05,76779.56,3.83331,1789090979999
1789090980000,76779.57,76866.85,76779.57,76853.19,39.39322,1789091039999
1789091040000,76853.18,76891.62,76836.8,76891.61,3.85328,1789091099999
1789091100000,76891.62,76896.34,76834.41,76834.41,8.21699,1789091159999
1789091160000,76834.42,76834.42,76808.39,76819.76,4.72866,1789091219999
1789091220000,76819.76,76837.15,76800.23,76837.15,13.19824,1789091279999
1789091280000,76837.14,76890.67,76837.14,76890.66,4.54627,1789091339999
1789091340000,76890.66,76906.39,76887.35,76906.38,2.99242,1789091399999
1789091400000,76906.38,76909.41,76888.4,76909.41,3.22698,1789091459999
1789091460000,76909.41,76927.48,76898.01,76910.93,3.04124,1789091519999
1789091520000,76910.93,76923.61,76910.93,76923.61,2.44051,1789091579999
1789091580000,76923.61,76938.58,76923.61,76935.37,3.96552,1789091639999
1789091640000,76935.36,76971.44,76927.55,76971.43,7.08771,1789091699999
1789091700000,76971.43,76971.43,76939.74,76963.25,12.80681,1789091759999
1789091760000,76963.25,76970.29,76950.01,76970.28,5.27986,1789091819999
1789091820000,76970.29,76970.29,76939.96,76968.41,18.04046,1789091879999
1789091880000,76968.41,76971.44,76964.26,76964.27,2.34521,1789091939999
1789091940000,76964.27,76971.44,76964.26,76971.43,2.6412,1789091999999
1789092000000,76971.44,76989.36,76955.96,76955.97,3.88567,1789092059999
1789092060000,76955.97,76955.97,76926.0,76953.19,5.37939,1789092119999
1789092120000,76953.2,76953.2,76928.5,76928.51,1.97228,1789092179999
1789092180000,76928.51,76928.51,76928.5,76928.51,1.2866,1789092239999
1789092240000,76928.51,76986.55,76928.5,76986.55,4.96419,1789092299999
1789092300000,76986.55,77013.62,76986.54,76993.76,13.46597,1789092359999
1789092360000,76993.77,76993.77,76944.31,76950.4,3.15876,1789092419999
1789092420000,76950.39,76950.4,76900.0,76909.22,5.39262,1789092479999
1789092480000,76909.22,76966.28,76909.17,76949.34,4.12978,1789092539999
1789092540000,76949.33,76949.34,76915.83,76930.31,3.89556,1789092599999
1789092600000,76930.31,76930.32,76907.15,76924.39,5.87408,1789092659999
1789092660000,76924.39,76944.78,76920.27,76920.28,2.19356,1789092719999
1789092720000,76920.28,76949.99,76920.27,76933.25,3.99863,1789092779999
1789092780000,76933.26,76991.1,76933.25,76987.4,67.84741,1789092839999
1789092840000,76987.39,76993.49,76982.57,76990.0,5.92149,1789092899999
1789092900000,76990.01,76990.01,76933.71,76933.72,6.88093,1789092959999
1789092960000,76933.72,76950.12,76921.59,76950.11,3.54864,1789093019999
1789093020000,76950.11,76960.88,76900.0,76900.0,3.20995,1789093079999
1789093080000,76900.01,76900.01,76882.13,76882.13,4.87866,1789093139999
1789093140000,76882.14,76891.29,76882.13,76883.36,5.08922,1789093199999
1789093200000,76883.36,76911.09,76880.24,76896.0,2.65576,1789093259999
1789093260000,76896.0,76924.02,76889.45,76895.74,3.33099,1789093319999
1789093320000,76895.73,76913.51,76890.58,76903.18,3.12224,1789093379999
1789093380000,76903.17,76903.18,76875.07,76875.07,6.48986,1789093439999
1789093440000,76875.08,76875.08,76848.15,76848.15,5.70015,1789093499999
1789093500000,76848.15,76848.15,76812.39,76812.39,2.51074,1789093559999
1789093560000,76812.39,76830.83,76775.33,76786.07,7.17162,1789093619999
1789093620000,76786.08,76801.28,76769.69,76801.28,8.60172,1789093679999
1789093680000,76801.59,76832.43,76801.58,76825.96,2.20006,1789093739999
1789093740000,76825.97,76825.97,76809.5,76809.51,3.11341,1789093799999
1789093800000,76809.5,76815.6,76793.0,76812.02,3.18798,1789093859999
1789093860000,76812.03,76812.39,76801.78,76801.79,1.85126,1789093919999
1789093920000,76801.78,76806.8,76794.99,76795.01,1.78279,1789093979999
1789093980000,76795.01,76795.01,76795.0,76795.0,0.72076,1789094039999
1789094040000,76795.01,76811.0,76782.42,76800.42,3.96862,1789094099999
1789094100000,76800.41,76808.9,76782.77,76808.9,2.30567,1789094159999
1789094160000,76808.89,76849.44,76805.05,76849.44,1.95005,1789094219999
1789094220000,76849.43,76910.27,76849.43,76894.39,7.23474,1789094279999
1789094280000,76894.39,76925.68,76891.91,76917.98,2.70605,1789094339999
1789094340000,76917.98,76925.68,76914.22,76922.2,1.55902,1789094399999
1789094400000,76922.19,76922.2,76894.72,76894.73,1.93759,1789094459999
1789094460000,76894.73,76907.63,76891.95,76899.94,3.81268,1789094519999
1789094520000,76899.94,76922.68,76898.52,76905.95,4.47073,1789094579999
1789094580000,76905.95,76905.96,76868.34,76868.36,3.46245,1789094639999
1789094640000,76868.35,76875.4,76868.35,76868.39,2.75121,1789094699999
1789094700000,76868.4,76904.85,76868.39,76879.01,14.61379,1789094759999
1789094760000,76879.01,76887.36,76879.0,76886.26,1.76591,1789094819999
1789094820000,76886.25,76896.25,76852.53,76896.24,4.18364,1789094879999
1789094880000,76896.25,76924.08,76887.71,76924.08,1.76601,1789094939999
1789094940000,76924.08,76924.08,76921.9,76921.9,2.96558,1789094999999
1789095000000,76921.91,76933.33,76908.28,76917.22,1.92852,1789095059999
1789095060000,76917.22,76917.22,76917.21,76917.22,1.21452,1789095119999
1789095120000,76917.22,76917.22,76888.01,76888.01,2.89913,1789095179999
1789095180000,76888.02,76893.36,76850.01,76850.01,6.69456,1789095239999
1789095240000,76850.01,76857.39,76806.29,76857.39,3.01751,1789095299999
1789095300000,76857.38,76882.79,76846.55,76882.79,2.76105,1789095359999
1789095360000,76882.79,76887.74,76882.79,76883.91,0.99182,1789095419999
1789095420000,76883.91,76883.91,76841.01,76846.25,5.3128,1789095479999
1789095480000,76846.26,76847.89,76846.25,76846.65,0.69523,1789095539999
1789095540000,76846.66,76846.66,76838.67,76838.68,1.10862,1789095599999
1789095600000,76838.68,76857.62,76829.68,76857.61,3.01951,1789095659999
1789095660000,76857.62,76861.51,76840.37,76856.48,4.03816,1789095719999
1789095720000,76856.48,76871.74,76856.47,76860.35,1.13432,1789095779999
1789095780000,76860.36,76860.36,76840.0,76840.01,1.28039,1789095839999
1789095840000,76840.01,76840.01,76800.0,76800.0,3.86644,1789095899999
1789095900000,76800.0,76800.01,76747.8,76747.8,4.28873,1789095959999
1789095960000,76747.8,76753.61,76712.69,76721.04,7.42724,1789096019999
1789096020000,76721.03,76723.5,76709.36,76720.01,17.90689,1789096079999
1789096080000,76720.01,76720.02,76720.0,76720.01,12.07225,1789096139999
1789096140000,76720.01,76730.04,76708.37,76723.51,40.40911,1789096199999
1789096200000,76723.51,76771.19,76723.5,76751.74,5.52561,1789096259999
1789096260000,76751.75,76753.12,76724.33,76724.33,14.99869,1789096319999
1789096320000,76724.34,76754.54,76705.88,76754.54,11.35868,1789096379999
1789096380000,76754.53,76897.54,76754.53,76887.35,137.53382,1789096439999
1789096440000,76887.35,76887.35,76871.81,76883.03,2.35296,1789096499999
1789096500000,76883.04,76895.73,76815.94,76815.94,6.28059,1789096559999
1789096560000,76815.94,76819.44,76783.04,76796.49,5.34978,1789096619999
1789096620000,76796.5,76824.79,76774.78,76790.51,9.1958,1789096679999
1789096680000,76790.52,76846.6,76790.51,76846.6,2.94438,1789096739999
1789096740000,76846.6,76860.2,76833.09,76842.46,3.87681,1789096799999
1789096800000,76842.47,76853.48,76839.56,76848.46,2.19971,1789096859999
1789096860000,76848.46,76848.46,76780.48,76780.48,2.97986,1789096919999
1789096920000,76780.49,76817.6,76765.98,76791.74,12.94266,1789096979999
1789096980000,76791.73,76791.74,76769.28,76769.29,3.87786,1789097039999
1789097040000,76769.28,76786.6,76769.28,76777.66,3.19174,1789097099999
1789097100000,76777.66,76777.66,76763.32,76771.21,2.84557,1789097159999
1789097160000,76770.0,76785.55,76763.33,76785.55,3.36387,1789097219999
1789097220000,76785.54,76804.24,76785.54,76804.24,3.75312,1789097279999
1789097280000,76804.24,76833.49,76804.23,76815.07,3.08379,1789097339999
1789097340000,76815.07,76828.14,76815.06,76824.33,2.31187,1789097399999
1789097400000,76824.32,76824.33,76770.0,76770.0,11.75106,1789097459999
1789097460000,76770.01,76770.01,76770.0,76770.0,0.81981,1789097519999
1789097520000,76770.01,76770.44,76750.0,76753.98,24.24023,1789097579999
1789097580000,76753.97,76753.97,76702.7,76721.18,36.41235,1789097639999
1789097640000,76721.17,76776.73,76721.17,76776.73,2.04452,1789097699999
1789097700000,76776.73,76781.17,76751.72,76751.73,8.4335,1789097759999
1789097760000,76751.73,76801.9,76751.72,76801.89,10.81242,1789097819999
1789097820000,76801.89,76837.2,76801.89,76818.52,6.17413,1789097879999
1789097880000,76818.53,76879.24,76818.52,76873.04,7.40839,1789097939999
1789097940000,76873.04,76878.08,76853.38,76865.23,6.50721,1789097999999
1789098000000,76865.23,76884.72,76865.23,76882.81,5.27224,1789098059999
1789098060000,76882.81,76897.54,76870.01,76879.99,60.2187,1789098119999
1789098120000,76880.0,76890.22,76846.18,76877.47,109.67088,1789098179999
1789098180000,76877.47,76877.47,76810.0,76852.63,166.87381,1789098239999
1789098240000,76852.63,76874.17,76852.62,76874.17,11.56214,1789098299999
1789098300000,76874.17,76880.33,76840.02,76840.03,5.62265,1789098359999
1789098360000,76840.03,76840.03,76835.32,76835.32,1.99997,1789098419999
1789098420000,76835.33,76835.33,76810.0,76811.53,2.18984,1789098479999
1789098480000,76811.52,76819.75,76811.52,76811.71,1.27596,1789098539999
1789098540000,76811.71,76811.71,76794.24,76797.04,3.01448,1789098599999
1789098600000,76797.04,76797.04,76785.0,76792.34,10.7231,1789098659999
1789098660000,76792.34,76814.76,76792.34,76804.26,5.83439,1789098719999
1789098720000,76804.27,76804.27,76774.04,76780.99,25.48004,1789098779999
1789098780000,76781.0,76812.27,76770.56,76810.52,4.74622,1789098839999
1789098840000,76810.52,76825.47,76804.0,76813.42,5.53933,1789098899999
1789098900000,76813.41,76852.68,76794.61,76852.18,8.52475,1789098959999
1789098960000,76852.17,76874.01,76849.66,76874.01,74.44113,1789099019999
1789099020000,76874.01,76875.34,76874.0,76874.0,8.59759,1789099079999
1789099080000,76874.01,76888.99,76874.0,76888.99,4.16653,1789099139999
1789099140000,76888.98,76896.12,76888.98,76891.8,1.8135,1789099199999
1789099200000,76891.81,76910.29,76889.23,76889.24,3.36221,1789099259999
1789099260000,76889.24,76952.02,76889.23,76900.01,109.15434,1789099319999
1789099320000,76900.0,76905.51,76892.0,76897.67,7.10658,1789099379999
1789099380000,76897.66,76926.8,76897.66,76926.8,1.15386,1789099439999
1789099440000,76926.79,76953.02,76926.79,76948.68,3.20325,1789099499999
1789099500000,76948.68,76962.55,76948.67,76959.95,2.06517,1789099559999
1789099560000,76959.95,76999.99,76959.94,76990.75,5.20228,1789099619999
1789099620000,76990.76,76993.69,76974.62,76986.11,2.07374,1789099679999
1789099680000,76986.1,76992.7,76957.41,76980.54,3.9099,1789099739999
1789099740000,76980.55,76992.19,76957.45,76957.45,5.71343,1789099799999
1789099800000,76957.46,76988.0,76957.45,76960.71,2.73466,1789099859999
1789099860000,76960.71,76960.71,76908.79,76937.83,13.2723,1789099919999
1789099920000,76937.84,76946.43,76937.83,76944.56,7.06267,1789099979999
1789099980000,76944.56,76982.75,76944.55,76982.74,2.50294,1789100039999
1789100040000,76982.75,76982.75,76972.76,76982.31,1.9844,1789100099999
1789100100000,76982.32,76982.32,76976.8,76976.81,3.60783,1789100159999
1789100160000,76976.81,76997.46,76976.8,76997.46,1.68655,1789100219999
1789100220000,76997.45,76997.46,76946.43,76965.07,12.42635,1789100279999
1789100280000,76965.06,76977.89,76963.27,76963.28,4.45163,1789100339999
1789100340000,76963.28,76977.5,76963.27,76977.49,1.71478,1789100399999
1789100400000,76977.49,77024.01,76977.49,77024.01,24.38864,1789100459999
1789100460000,77024.01,77030.9,77000.0,77000.01,7.06718,1789100519999
1789100520000,77000.01,77045.65,77000.0,77022.0,10.0287,1789100579999
1789100580000,77022.0,77040.01,77022.0,77040.0,3.18041,1789100639999
1789100640000,77040.0,77076.47,77040.0,77076.46,5.5509,1789100699999
1789100700000,77076.47,77121.56,77076.46,77115.26,9.89787,1789100759999
1789100760000,77115.26,77135.94,77113.64,77135.94,6.76588,1789100819999
1789100820000,77135.94,77186.0,77135.94,77185.99,9.29062,1789100879999
1789100880000,77185.99,77187.03,77164.19,77164.19,4.86867,1789100939999
1789100940000,77164.2,77189.78,77164.19,77183.41,10.53646,1789100999999
1789101000000,77183.41,77196.01,77183.41,77196.01,4.93954,1789101059999
1789101060000,77196.01,77196.01,77166.0,77179.63,3.89542,1789101119999
1789101120000,77179.63,77180.01,77161.4,77161.41,2.84117,1789101179999
1789101180000,77161.4,77161.41,77150.0,77153.43,5.17721,1789101239999
1789101240000,77153.44,77153.44,77150.0,77150.01,3.05255,1789101299999
1789101300000,77150.0,77150.01,77128.0,77128.0,2.11495,1789101359999
1789101360000,77128.0,77140.0,77128.0,77140.0,6.94628,1789101419999
1789101420000,77140.0,77140.0,77112.0,77112.0,1.93766,1789101479999
1789101480000,77112.0,77112.01,77104.0,77104.0,1.88535,1789101539999
1789101540000,77104.0,77117.21,77104.0,77114.0,4.40337,1789101599999
1789101600000,77114.01,77114.01,77114.0,77114.0,1.91747,1789101659999
1789101660000,77114.01,77130.1,77114.0,77130.09,2.91211,1789101719999
1789101720000,77130.09,77130.1,77130.09,77130.1,1.28639,1789101779999
1789101780000,77130.1,77130.1,77088.06,77091.79,4.01897,1789101839999
1789101840000,77091.79,77096.01,77091.79,77096.01,2.27355,1789101899999
1789101900000,77096.01,77111.92,77096.0,77100.01,3.17232,1789101959999
1789101960000,77100.0,77107.09,77096.28,77107.09,6.71926,1789102019999
1789102020000,77107.08,77107.09,77107.08,77107.09,0.59983,1789102079999
1789102080000,77107.09,77114.01,77107.08,77114.0,2.56444,1789102139999
1789102140000,77114.0,77114.0,77107.12,77107.13,1.22669,1789102199999
1789102200000,77107.12,77121.63,77107.12,77121.63,3.40584,1789102259999
1789102260000,77121.62,77129.0,77121.62,77129.0,2.3124,1789102319999
1789102320000,77128.99,77129.34,77128.99,77129.34,0.98641,1789102379999
1789102380000,77129.34,77129.34,77129.33,77129.34,1.30961,1789102439999
1789102440000,77129.34,77133.85,77129.33,77133.85,2.43604,1789102499999
1789102500000,77133.85,77141.86,77133.84,77141.86,1.33853,1789102559999
1789102560000,77141.86,77141.86,77141.85,77141.86,1.03399,1789102619999
1789102620000,77141.86,77146.32,77141.5,77141.51,3.07652,1789102679999
1789102680000,77141.5,77141.51,77129.0,77129.0,2.65869,1789102739999
1789102740000,77129.01,77129.01,77114.01,77114.01,2.25521,1789102799999
1789102800000,77114.01,77114.02,77100.0,77100.01,1.98774,1789102859999
1789102860000,77100.0,77100.01,77096.0,77096.01,2.06924,1789102919999
1789102920000,77096.01,77096.01,77090.43,77090.43,0.9764,1789102979999
1789102980000,77090.43,77090.44,77082.56,77082.56,2.74226,1789103039999
1789103040000,77082.55,77083.34,77076.46,77076.46,5.54078,1789103099999
1789103100000,77076.46,77076.47,77069.06,77076.47,2.95433,1789103159999
1789103160000,77076.47,77088.01,77076.47,77088.01,2.74995,1789103219999
1789103220000,77088.01,77097.2,77088.0,77097.19,2.76261,1789103279999
1789103280000,77097.19,77097.2,77069.06,77069.07,3.43921,1789103339999
1789103340000,77069.07,77093.49,77069.06,77093.49,2.6527,1789103399999
1789103400000,77093.5,77111.0,77093.5,77110.99,1.61923,1789103459999
1789103460000,77110.99,77132.01,77110.99,77132.01,1.75068,1789103519999
1789103520000,77132.01,77159.38,77102.39,77102.39,10.36255,1789103579999
1789103580000,77102.4,77102.4,77086.96,77086.97,1.31663,1789103639999
1789103640000,77086.97,77143.6,77086.96,77143.6,9.73668,1789103699999
1789103700000,77143.6,77143.6,77128.0,77128.0,2.77195,1789103759999
1789103760000,77128.01,77150.01,77126.0,77148.0,5.13248,1789103819999
1789103820000,77148.0,77148.0,77136.0,77136.0,1.21404,1789103879999
1789103880000,77136.01,77142.01,77136.0,77138.3,4.41235,1789103939999
1789103940000,77138.31,77138.31,77130.0,77130.0,1.88682,1789103999999
1789104000000,77130.01,77130.01,77130.0,77130.0,1.25954,1789104059999
1789104060000,77130.01,77130.01,77098.0,77098.01,13.83734,1789104119999
1789104120000,77098.01,77117.31,77098.0,77117.3,2.19355,1789104179999
1789104180000,77117.3,77117.31,77117.3,77117.31,1.74686,1789104239999
1789104240000,77117.31,77130.03,77117.3,77130.03,4.55197,1789104299999
1789104300000,77130.03,77130.03,77104.58,77104.59,5.05847,1789104359999
1789104360000,77104.59,77104.59,77095.49,77095.5,1.97252,1789104419999
1789104420000,77095.5,77118.76,77092.01,77118.75,15.34761,1789104479999
1789104480000,77118.76,77118.76,77110.14,77110.15,0.92785,1789104539999
1789104540000,77110.15,77110.15,77101.3,77101.31,1.01834,1789104599999
1789104600000,77101.3,77121.59,77095.07,77121.58,3.53214,1789104659999
1789104660000,77121.59,77135.76,77121.59,77135.76,1.84824,1789104719999
1789104720000,77135.76,77135.99,77080.01,77082.42,17.04996,1789104779999
1789104780000,77082.42,77084.01,77082.41,77084.01,0.94583,1789104839999
1789104840000,77084.0,77111.94,77084.0,77111.94,2.81897,1789104899999
1789104900000,77111.94,77148.61,77111.93,77148.61,6.34073,1789104959999
1789104960000,77148.61,77153.5,77148.61,77153.49,2.13826,1789105019999
1789105020000,77153.5,77168.47,77153.49,77168.47,1.6321,1789105079999
1789105080000,77168.47,77168.47,77148.6,77148.6,5.39706,1789105139999
1789105140000,77148.61,77187.18,77148.6,77179.4,18.38162,1789105199999
1789105200000,77179.4,77179.4,77160.77,77174.79,2.61316,1789105259999
1789105260000,77174.8,77174.8,77166.0,77166.01,1.31657,1789105319999
1789105320000,77166.01,77166.01,77160.0,77160.0,3.87407,1789105379999
1789105380000,77160.01,77180.99,77160.0,77180.99,2.58493,1789105439999
1789105440000,77180.99,77188.47,77180.19,77188.47,3.61821,1789105499999
1789105500000,77188.46,77188.47,77163.74,77163.75,4.74757,1789105559999
1789105560000,77163.75,77188.01,77163.74,77188.0,2.44091,1789105619999
1789105620000,77188.01,77192.05,77186.0,77192.05,2.16862,1789105679999
1789105680000,77192.04,77195.44,77192.04,77192.05,3.49284,1789105739999
1789105740000,77192.05,77196.01,77186.0,77196.01,1.77006,1789105799999
1789105800000,77196.01,77196.01,77196.0,77196.01,0.74824,1789105859999
1789105860000,77196.01,77199.0,77196.01,77199.0,4.10384,1789105919999
1789105920000,77198.99,77199.0,77181.46,77181.47,18.56372,1789105979999
1789105980000,77181.46,77181.46,77180.88,77180.89,15.4533,1789106039999
1789106040000,77180.88,77200.0,77180.88,77199.99,23.2606,1789106099999
1789106100000,77200.0,77228.28,77199.99,77228.28,7.07422,1789106159999
1789106160000,77228.29,77229.63,77228.29,77228.37,2.65597,1789106219999
1789106220000,77228.37,77228.38,77228.37,77228.37,0.86502,1789106279999
1789106280000,77228.37,77243.67,77228.37,77243.66,3.30035,1789106339999
1789106340000,77243.66,77252.88,77243.66,77252.86,3.71337,1789106399999
1789106400000,77252.87,77252.87,77229.05,77229.06,3.67217,1789106459999
1789106460000,77229.06,77247.63,77229.06,77247.63,2.81508,1789106519999
1789106520000,77247.62,77252.83,77238.87,77252.83,3.33257,1789106579999
1789106580000,77252.82,77252.83,77246.61,77246.62,2.34393,1789106639999
1789106640000,77246.62,77260.86,77246.61,77260.86,1.65581,1789106699999
1789106700000,77260.86,77260.86,77249.89,77249.89,2.19672,1789106759999
1789106760000,77249.89,77256.01,77249.89,77256.01,2.67347,1789106819999
1789106820000,77256.01,77278.6,77256.0,77278.59,3.6305,1789106879999
1789106880000,77278.6,77280.0,77273.64,77279.22,5.43491,1789106939999
1789106940000,77279.22,77279.22,77274.33,77274.35,1.89902,1789106999999
1789107000000,77274.36,77284.92,77274.35,77284.92,2.30167,1789107059999
1789107060000,77284.93,77299.72,77284.92,77299.72,2.28098,1789107119999
1789107120000,77299.72,77306.0,77292.0,77306.0,5.25841,1789107179999
1789107180000,77306.0,77388.01,77305.99,77387.02,63.33948,1789107239999
1789107240000,77387.02,77431.48,77368.39,77410.01,55.04569,1789107299999
1789107300000,77410.0,77410.01,77371.85,77380.4,15.73992,1789107359999
1789107360000,77380.4,77382.7,77378.01,77382.7,2.02754,1789107419999
1789107420000,77382.69,77388.01,77354.0,77354.0,3.15638,1789107479999
1789107480000,77354.01,77354.01,77300.0,77329.52,25.73732,1789107539999
1789107540000,77329.52,77336.01,77314.33,77314.33,7.87108,1789107599999
1789107600000,77314.33,77314.34,77314.0,77314.0,1.87374,1789107659999
1789107660000,77314.01,77314.01,77300.0,77300.01,8.52237,1789107719999
1789107720000,77300.01,77310.01,77300.0,77310.01,23.60251,1789107779999
1789107780000,77310.0,77312.4,77270.0,77272.95,12.9898,1789107839999
1789107840000,77272.94,77272.94,77270.0,77271.04,1.62607,1789107899999
1789107900000,77271.03,77271.04,77262.0,77266.74,2.8296,1789107959999
1789107960000,77266.74,77266.74,77266.73,77266.73,0.51929,1789108019999
1789108020000,77266.73,77274.47,77266.0,77266.0,4.74613,1789108079999
1789108080000,77266.0,77276.01,77260.0,77276.01,20.35987,1789108139999
1789108140000,77276.01,77276.01,77276.0,77276.01,1.07984,1789108199999
1789108200000,77276.0,77276.01,77250.0,77250.0,7.12034,1789108259999
1789108260000,77250.01,77258.01,77240.51,77258.0,14.17358,1789108319999
1789108320000,77258.01,77267.31,77220.0,77220.0,9.99291,1789108379999
1789108380000,77220.01,77220.01,77197.77,77197.78,23.11908,1789108439999
1789108440000,77197.78,77197.78,77183.01,77183.01,8.23223,1789108499999
1789108500000,77183.01,77200.0,77182.0,77200.0,6.8186,1789108559999
1789108560000,77200.0,77215.17,77199.99,77215.16,1.63621,1789108619999
1789108620000,77215.17,77232.86,77215.16,77232.86,2.40892,1789108679999
1789108680000,77232.86,77249.56,77232.85,77249.56,2.44412,1789108739999
1789108740000,77249.56,77256.31,77249.55,77256.31,1.58528,1789108799999
1789108800000,77256.31,77256.31,77238.01,77238.02,2.79388,1789108859999
1789108860000,77238.01,77238.02,77232.85,77232.85,1.28654,1789108919999
1789108920000,77232.85,77232.87,77232.85,77232.85,2.18038,1789108979999
1789108980000,77232.86,77232.86,77226.0,77226.01,7.31721,1789109039999
1789109040000,77226.0,77238.71,77226.0,77238.7,2.97965,1789109099999
1789109100000,77238.7,77251.76,77238.7,77251.75,0.92339,1789109159999
1789109160000,77251.76,77251.76,77251.75,77251.75,0.45173,1789109219999
1789109220000,77251.75,77251.76,77251.75,77251.75,0.75008,1789109279999
1789109280000,77251.76,77266.11,77251.75,77266.1,1.99126,1789109339999
1789109340000,77266.1,77282.01,77266.1,77282.01,1.05966,1789109399999
1789109400000,77282.01,77282.01,77281.22,77281.23,0.98189,1789109459999
1789109460000,77281.23,77288.01,77281.18,77288.01,1.20146,1789109519999
1789109520000,77288.01,77298.01,77288.0,77296.79,0.74551,1789109579999
1789109580000,77296.79,77296.79,77279.15,77279.15,1.6216,1789109639999
1789109640000,77279.16,77284.01,77279.15,77280.01,4.64185,1789109699999
1789109700000,77280.01,77280.01,77278.88,77279.16,1.47904,1789109759999
1789109760000,77279.16,77281.76,77279.16,77281.76,2.08266,1789109819999
1789109820000,77281.76,77289.47,77281.75,77289.46,1.06898,1789109879999
1789109880000,77289.46,77289.47,77289.46,77289.46,0.49526,1789109939999
1789109940000,77289.47,77298.01,77289.46,77298.01,1.03684,1789109999999
1789110000000,77298.01,77298.01,77291.6,77291.61,1.3962,1789110059999
1789110060000,77291.6,77291.61,77291.6,77291.6,0.84319,1789110119999
1789110120000,77291.6,77293.67,77291.6,77293.67,1.28781,1789110179999
1789110180000,77293.67,77293.67,77293.66,77293.67,0.89592,1789110239999
1789110240000,77293.66,77314.72,77293.66,77314.72,6.60259,1789110299999
1789110300000,77314.72,77322.46,77314.72,77322.1,1.94726,1789110359999
1789110360000,77322.11,77340.89,77322.0,77340.89,2.53133,1789110419999
1789110420000,77340.89,77346.01,77340.0,77340.01,2.37414,1789110479999
1789110480000,77340.0,77357.07,77340.0,77357.07,1.63643,1789110539999
1789110540000,77357.07,77364.8,77357.06,77364.8,1.83683,1789110599999
1789110600000,77364.79,77397.61,77364.79,77381.59,4.53679,1789110659999
1789110660000,77381.59,77381.59,77364.79,77364.8,2.85849,1789110719999
1789110720000,77364.8,77372.53,77364.79,77372.52,2.45527,1789110779999
1789110780000,77372.53,77373.01,77328.0,77328.0,3.72772,1789110839999
1789110840000,77328.0,77328.0,77316.4,77323.37,7.12597,1789110899999
1789110900000,77323.37,77323.53,77320.8,77323.39,4.5955,1789110959999
1789110960000,77323.38,77330.9,77323.38,77330.9,0.96908,1789111019999
1789111020000,77330.9,77332.01,77330.89,77332.0,2.02948,1789111079999
1789111080000,77332.0,77358.11,77332.0,77358.11,2.1656,1789111139999
1789111140000,77358.11,77358.11,77332.21,77332.22,5.61666,1789111199999
1789111200000,77332.21,77335.94,77332.21,77335.93,7.69939,1789111259999
1789111260000,77335.94,77367.73,77335.93,77354.95,4.93032,1789111319999
1789111320000,77354.94,77354.95,77335.88,77335.88,4.88956,1789111379999
1789111380000,77335.88,77365.25,77332.21,77365.25,5.89067,1789111439999
1789111440000,77365.25,77403.19,77357.73,77357.74,25.03023,1789111499999
1789111500000,77357.73,77357.74,77300.0,77300.0,21.19132,1789111559999
1789111560000,77300.0,77324.01,77300.0,77324.0,4.87299,1789111619999
1789111620000,77324.0,77327.08,77324.0,77327.08,2.18398,1789111679999
1789111680000,77327.07,77338.01,77327.07,77338.0,0.67109,1789111739999
1789111740000,77338.0,77338.01,77334.0,77336.01,2.08951,1789111799999
1789111800000,77336.01,77337.15,77336.0,77337.15,2.86497,1789111859999
1789111860000,77337.15,77337.15,77290.0,77293.72,11.5375,1789111919999
1789111920000,77293.72,77293.72,77293.71,77293.71,2.80609,1789111979999
1789111980000,77293.72,77293.72,77280.0,77280.0,16.83531,1789112039999
1789112040000,77280.01,77347.59,77280.0,77300.44,17.68036,1789112099999
1789112100000,77300.45,77300.45,77290.0,77290.0,5.30465,1789112159999
1789112160000,77290.01,77298.02,77290.0,77298.01,4.16892,1789112219999
1789112220000,77298.02,77299.58,77298.01,77299.57,3.26601,1789112279999
1789112280000,77299.58,77299.58,77280.0,77280.0,14.14286,1789112339999
1789112340000,77280.0,77280.01,77250.05,77263.2,39.95876,1789112399999
1789112400000,77263.2,77271.14,77254.88,77271.13,10.33049,1789112459999
1789112460000,77271.14,77272.73,77271.13,77272.72,4.60516,1789112519999
1789112520000,77272.73,77275.56,77271.14,77271.15,3.39989,1789112579999
1789112580000,77271.15,77271.15,77260.09,77270.01,8.39579,1789112639999
1789112640000,77270.02,77271.23,77262.58,77263.82,20.79689,1789112699999
1789112700000,77263.83,77263.85,77250.0,77250.0,12.15933,1789112759999
1789112760000,77250.0,77250.01,77236.28,77249.87,19.89779,1789112819999
1789112820000,77249.87,77257.57,77249.86,77257.57,3.18652,1789112879999
1789112880000,77257.56,77257.58,77246.01,77246.01,3.63033,1789112939999
1789112940000,77246.02,77246.02,77246.01,77246.01,7.04774,1789112999999
1789113000000,77246.02,77254.47,77246.01,77254.46,5.61485,1789113059999
1789113060000,77254.47,77254.5,77239.0,77239.01,11.83089,1789113119999
1789113120000,77239.01,77239.01,77225.0,77225.01,5.87119,1789113179999
1789113180000,77225.01,77230.01,77210.98,77215.29,19.92539,1789113239999
1789113240000,77215.29,77215.34,77215.28,77215.33,2.96273,1789113299999
1789113300000,77215.34,77215.45,77203.73,77203.73,4.86871,1789113359999
1789113360000,77203.74,77257.5,77203.73,77257.5,18.80859,1789113419999
1789113420000,77257.5,77257.5,77242.04,77242.05,9.08267,1789113479999
1789113480000,77242.05,77242.05,77242.04,77242.04,3.18075,1789113539999
1789113540000,77242.05,77242.05,77230.69,77230.7,3.97998,1789113599999
1789113600000,77230.7,77235.26,77230.47,77235.25,4.01984,1789113659999
1789113660000,77235.26,77250.01,77235.25,77250.0,8.55283,1789113719999
1789113720000,77250.0,77270.02,77236.0,77236.0,5.13436,1789113779999
1789113780000,77236.0,77236.01,77200.0,77200.0,3.59278,1789113839999
1789113840000,77200.01,77200.01,77180.91,77180.91,10.90393,1789113899999
1789113900000,77180.92,77180.92,77172.82,77172.82,4.44359,1789113959999
1789113960000,77172.83,77175.97,77172.0,77175.96,2.4972,1789114019999
1789114020000,77175.97,77175.97,77175.96,77175.97,1.582,1789114079999
1789114080000,77175.96,77175.97,77162.53,77162.54,3.39189,1789114139999
1789114140000,77162.54,77162.54,77155.55,77155.56,3.38717,1789114199999
1789114200000,77155.56,77155.56,77155.55,77155.55,1.0919,1789114259999
1789114260000,77155.56,77169.19,77144.59,77144.6,10.64377,1789114319999
1789114320000,77144.6,77154.01,77144.59,77154.0,5.9679,1789114379999
1789114380000,77154.0,77173.4,77154.0,77173.4,1.73172,1789114439999
1789114440000,77173.4,77182.01,77173.4,77182.0,1.15371,1789114499999
1789114500000,77182.0,77211.08,77182.0,77211.08,5.63975,1789114559999
1789114560000,77211.07,77220.0,77211.07,77220.0,1.21016,1789114619999
1789114620000,77220.0,77246.23,77219.99,77246.23,2.82149,1789114679999
1789114680000,77246.23,77246.23,77246.22,77246.23,0.63341,1789114739999
1789114740000,77246.22,77246.23,77240.49,77240.49,0.96157,1789114799999
1789114800000,77240.49,77246.23,77240.49,77246.23,0.61347,1789114859999
1789114860000,77246.22,77250.01,77246.22,77250.0,0.58955,1789114919999
1789114920000,77250.01,77260.0,77250.01,77259.99,2.99154,1789114979999
1789114980000,77259.99,77271.95,77259.99,77271.95,1.16059,1789115039999
1789115040000,77271.95,77429.17,77271.94,77420.0,32.94097,1789115099999
1789115100000,77420.01,77465.46,77368.47,77378.0,17.36341,1789115159999
1789115160000,77378.0,77378.01,77341.6,77348.78,4.45058,1789115219999
1789115220000,77348.01,77348.01,77331.07,77331.08,2.51471,1789115279999
1789115280000,77331.07,77366.75,77331.07,77356.01,11.77036,1789115339999
1789115340000,77356.0,77384.93,77356.0,77384.92,1.90206,1789115399999
1789115400000,77384.92,77462.01,77384.92,77462.0,6.68412,1789115459999
1789115460000,77462.0,77491.75,77462.0,77489.21,8.1894,1789115519999
1789115520000,77489.21,77500.0,77456.0,77456.01,9.9384,1789115579999
1789115580000,77456.0,77456.0,77412.49,77416.0,13.5157,1789115639999
1789115640000,77416.01,77416.01,77392.67,77392.67,5.96245,1789115699999
1789115700000,77392.68,77416.01,77378.59,77385.99,7.81677,1789115759999
1789115760000,77386.01,77386.01,77375.07,77375.07,2.25592,1789115819999
1789115820000,77375.07,77375.07,77362.49,77362.49,5.51531,1789115879999
1789115880000,77362.5,77399.71,77362.49,77399.7,4.12957,1789115939999
1789115940000,77399.71,77412.0,77399.7,77401.35,2.6323,1789115999999
1789116000000,77401.35,77402.88,77401.34,77402.88,0.82253,1789116059999
1789116060000,77402.87,77428.01,77402.87,77428.0,2.47257,1789116119999
1789116120000,77428.01,77435.89,77420.81,77435.89,4.49132,1789116179999
1789116180000,77435.89,77435.89,77417.18,77417.18,4.59498,1789116239999
1789116240000,77417.19,77424.49,77417.18,77424.0,9.46413,1789116299999
1789116300000,77424.0,77424.01,77418.0,77418.01,2.06341,1789116359999
1789116360000,77418.0,77418.01,77406.96,77406.97,2.77505,1789116419999
1789116420000,77406.96,77406.97,77401.34,77401.34,3.23219,1789116479999
1789116480000,77401.34,77401.35,77390.01,77390.01,3.52964,1789116539999
1789116540000,77390.01,77390.02,77366.15,77372.1,6.17868,1789116599999
1789116600000,77372.09,77372.1,77330.0,77353.89,11.57639,1789116659999
1789116660000,77353.89,77374.28,77350.17,77374.28,6.32972,1789116719999
1789116720000,77374.28,77374.28,77374.27,77374.27,0.60743,1789116779999
1789116780000,77374.28,77378.01,77374.27,77378.01,1.21237,1789116839999
1789116840000,77378.01,77378.01,77350.0,77350.0,4.0528,1789116899999
1789116900000,77350.0,77350.01,77348.0,77348.0,2.52745,1789116959999
1789116960000,77348.0,77359.43,77348.0,77359.43,2.67826,1789117019999
1789117020000,77359.42,77364.94,77359.42,77364.93,2.3288,1789117079999
1789117080000,77364.94,77364.94,77364.93,77364.93,0.33711,1789117139999
1789117140000,77364.94,77364.94,77364.93,77364.93,0.43398,1789117199999
1789117200000,77364.94,77370.01,77364.93,77370.0,0.52464,1789117259999
1789117260000,77370.01,77370.01,77364.93,77365.66,5.40392,1789117319999
1789117320000,77365.65,77365.66,77358.93,77358.94,9.44072,1789117379999
1789117380000,77358.94,77358.94,77334.0,77340.0,9.05001,1789117439999
1789117440000,77340.01,77340.01,77337.02,77337.02,2.70151,1789117499999
1789117500000,77337.03,77337.03,77330.0,77330.0,3.40754,1789117559999
1789117560000,77330.0,77330.01,77330.0,77330.0,5.32809,1789117619999
1789117620000,77330.01,77330.01,77330.0,77330.01,1.05405,1789117679999
1789117680000,77330.0,77330.01,77293.64,77293.64,18.37751,1789117739999
1789117740000,77293.64,77293.65,77273.56,77277.32,9.61414,1789117799999
1789117800000,77277.32,77277.33,77266.0,77266.86,2.58852,1789117859999
1789117860000,77266.87,77278.01,77266.87,77278.0,2.83835,1789117919999
1789117920000,77278.01,77278.01,77278.0,77278.01,1.50836,1789117979999
1789117980000,77278.0,77291.9,77278.0,77291.89,9.88122,1789118039999
1789118040000,77291.9,77291.9,77283.99,77284.0,3.05472,1789118099999
