timestamp,window_id,tau_sec,moneyness,vol_annualized,ofi,z,p_model,p_model_shadow,p_market,realized_up
1788864516.0135605,5962881,84.16,1.0,0.65,1.0,0.1195,0.5475,,0.53,1
1788864517.0646377,5962881,82.98,1.0,0.65,1.0,0.1195,0.5475,,0.53,1
1788864518.123536,5962881,81.92,1.0,0.65,1.0,0.1195,0.5476,,0.53,1
1788864519.1721044,5962881,80.88,1.0,0.65,1.0,0.1195,0.5476,,0.55,1
1788864520.2196224,5962881,79.83,1.0,0.65,0.9155,0.1093,0.5435,,0.55,1
1788864521.2701662,5962881,78.78,1.0,0.65,0.2738,0.0323,0.5129,,0.54,1
1788864522.338024,5962881,77.73,1.0,0.65,0.2159,0.0254,0.5101,,0.52,1
1788864523.3938227,5962881,76.65,1.0,0.65,0.0325,0.0034,0.5014,,0.54,1
1788864524.4498937,5962881,75.6,1.0,0.5975,0.1616,0.0189,0.5076,,0.57,1
1788864525.5056372,5962881,74.54,1.0,0.5975,0.1616,0.0189,0.5076,,0.57,1
1788864526.5659785,5962881,73.48,1.0,0.5149,0.1771,0.0209,0.5083,,0.6,1
1788864527.6237898,5962881,72.42,1.0,0.4827,0.1771,0.0209,0.5083,,0.6,1
1788864528.6719184,5962881,71.37,1.0,0.4553,0.8166,0.0977,0.5389,,0.6,1
1788864529.7245512,5962881,70.32,1.0,0.432,0.8175,0.0978,0.5389,,0.63,1
1788864530.7848263,5962881,69.27,1.0,0.4122,0.8305,0.0994,0.5396,,0.58,1
1788864531.8329015,5962881,68.21,1.0,0.3954,0.869,0.104,0.5414,,0.6,1
1788864532.9147406,5962881,67.16,1.000024,0.3811,0.8618,0.1461,0.5581,,0.61,1
1788864533.9779222,5962881,66.08,1.000036,0.3689,0.976,0.1888,0.5749,,0.67,1
1788864535.0247543,5962881,65.02,1.000036,0.3586,0.9762,0.1913,0.5759,,0.66,1
1788864536.0857954,5962881,63.96,1.000036,0.3498,0.9762,0.1937,0.5768,,0.65,1
1788864537.1400907,5962881,62.91,1.000036,0.336,0.9764,0.1973,0.5782,,0.58,1
1788864538.191725,5962881,61.85,1.000036,0.336,0.9764,0.1979,0.5785,,0.56,1
1788864539.2460005,5962881,60.8,1.000036,0.326,0.9772,0.2011,0.5797,,0.55,1
1788864540.3124676,5962881,59.74,1.000036,0.3221,0.9772,0.2027,0.5803,,0.56,1
1788864541.370714,5962881,58.68,1.000036,0.3188,0.9675,0.2032,0.5805,,0.65,1
1788864542.416782,5962881,57.63,1.000036,0.316,0.9667,0.2046,0.581,,0.67,1
1788864543.4728508,5962881,56.58,1.000036,0.3136,0.9592,0.2006,0.5795,,0.68,1
1788864544.5318825,5962881,55.51,1.000036,0.3115,0.9592,0.202,0.58,,0.69,1
1788864545.575325,5962881,54.47,1.000038,0.3098,0.9602,0.2075,0.5822,,0.77,1
1788864546.631516,5962881,53.42,1.000038,0.3098,0.9602,0.2084,0.5825,,0.77,1
1788864547.6886294,5962881,52.36,1.000038,0.3071,0.9602,0.2104,0.5833,,0.73,1
1788864548.7614756,5962881,51.3,1.000038,0.306,0.9602,0.2117,0.5838,,0.75,1
1788864549.811667,5962881,50.23,1.000038,0.3051,0.9605,0.213,0.5843,,0.76,1
1788864550.8704453,5962881,49.17,1.000038,0.3043,0.9607,0.2143,0.5849,,0.72,1
1788864551.9429584,5962881,48.11,1.000038,0.3037,0.9655,0.2162,0.5856,,0.78,1
1788864553.001341,5962881,47.05,1.000038,0.3031,0.9676,0.2185,0.5865,,0.79,1
1788864554.0515516,5962881,46.0,1.000061,0.3027,0.9759,0.2852,0.6123,,0.9,1
1788864555.1131902,5962881,44.93,1.000061,0.3023,0.9771,0.2905,0.6143,,0.91,1
1788864556.1724305,5962881,43.87,1.000061,0.3019,0.9771,0.2927,0.6151,,0.92,1
1788864557.2223125,5962881,42.83,1.000061,0.3016,0.9771,0.2948,0.6159,,0.92,1
1788864558.2791266,5962881,41.77,1.000061,0.3012,0.9727,0.2967,0.6167,,0.91,1
1788864559.3434446,5962881,40.71,1.000061,0.3012,0.9715,0.2989,0.6175,,0.92,1
1788864560.3949897,5962881,39.65,1.000061,0.3009,0.9715,0.3015,0.6185,,0.92,1
1788864561.444418,5962881,38.6,1.000087,0.3007,0.9725,0.3838,0.6494,,0.93,1
1788864562.5188308,5962881,37.52,1.000087,0.3006,0.9642,0.3865,0.6505,,0.95,1
1788864563.569825,5962881,36.48,1.000087,0.3005,0.9642,0.3904,0.6519,,0.94,1
1788864564.6257808,5962881,35.42,1.000087,0.3004,0.9424,0.3889,0.6513,,0.95,1
1788864565.6843867,5962881,34.36,1.000087,0.3004,0.9424,0.3931,0.6529,,0.97,1
1788864566.7468307,5962881,33.31,1.000087,0.3003,0.8929,0.3916,0.6523,,0.97,1
1788864567.8117323,5962881,32.24,1.000087,0.3003,0.8994,0.397,0.6543,,0.97,1
1788864568.8728838,5962881,31.18,1.000087,0.3002,0.906,0.4027,0.6564,,0.97,1
1788864569.9648373,5962881,30.11,1.000087,0.3002,0.906,0.4078,0.6583,,0.98,1
1788864571.030485,5962881,29.02,1.000087,0.3002,0.9063,0.4134,0.6603,,0.98,1
1788864572.0826578,5962881,27.96,1.000087,0.3001,0.9063,0.4159,0.6613,,0.99,1
1788864573.1529915,5962881,26.9,1.000163,0.3001,0.9402,0.7108,0.7614,,0.99,1
1788864574.2129138,5962881,25.84,1.000163,0.3001,0.9108,0.7193,0.764,,0.99,1
1788864575.267581,5962881,24.78,1.000163,0.3001,0.9108,0.732,0.7679,,0.99,1
1788864576.3259816,5962881,23.72,0.999938,0.3001,-0.8574,-0.3587,0.3599,,0.75,1
1788864577.3832986,5962881,22.67,0.999938,0.3001,-0.8562,-0.364,0.3579,,0.84,1
1788864578.4528422,5962881,21.61,0.999938,0.3,-0.8564,-0.3699,0.3557,,0.91,1
1788864579.5090296,5962881,20.54,0.999938,0.3,-0.8568,-0.3763,0.3533,,0.94,1
1788864580.5681803,5962881,19.47,0.999938,0.3,-0.8568,-0.3832,0.3508,,0.95,1
1788864581.6338494,5962881,18.42,0.999938,0.3,-0.8576,-0.3907,0.348,,0.98,1
1788864582.6929154,5962881,17.35,0.999938,0.3,-0.8629,-0.3995,0.3448,,0.98,1
1788864583.7540114,5962881,16.29,0.999938,0.3,-0.8629,-0.4179,0.338,,0.99,1
1788864584.8075025,5962881,15.24,0.999938,0.3,-0.8957,-0.4316,0.333,,0.99,1
1788864585.8563435,5962881,14.19,0.999938,0.3,-0.8957,-0.4424,0.3291,,0.99,1
1788864586.9047856,5962881,13.14,0.999938,0.3,-0.8887,-0.4252,0.3353,,0.51,1
1788864587.9631217,5962881,12.08,0.999938,0.3,-0.8833,-0.4382,0.3306,,0.51,1
1788864589.024321,5962881,11.03,0.999938,0.3,-0.8833,-0.4538,0.325,,0.51,1
1788864590.0782213,5962881,9.97,0.999938,0.3,-0.8835,-0.4718,0.3185,,0.51,1
1788864591.1256487,5962881,8.92,0.999938,0.3,-0.8834,-0.4926,0.3111,,0.51,1
1788864592.1843777,5962881,7.86,0.999938,0.3,-0.8898,-0.5186,0.302,,0.51,1
1788864593.2520533,5962881,6.8,0.999938,0.3,-0.8905,-0.5497,0.2913,,0.51,1
1788864594.3145022,5962881,5.74,0.999938,0.3,-0.8828,-0.588,0.2783,,0.51,1
1788864595.3711467,5962881,4.68,0.999938,0.3,-0.8809,-0.6396,0.2612,,0.51,1
1788864596.4185693,5962881,3.63,0.999938,0.3,-0.8772,-0.7115,0.2384,,0.51,1
1788864597.4717784,5962881,2.57,0.999938,0.3,-0.8851,-0.826,0.2044,,0.51,1
1788864598.5239866,5962881,1.52,0.999938,0.3,-0.885,-1.0412,0.1489,,0.51,1
1788864599.577277,5962881,1.0,0.999948,0.3,-0.8551,-1.0833,0.1393,,0.51,1
1788865940.6370227,5962886,159.49,1.0,0.65,0.0,-0.0007,0.4997,,0.1,0
1788865941.6916573,5962886,158.36,1.000068,0.65,1.0,0.1657,0.5658,,0.1,0
1788865942.743603,5962886,157.3,1.000118,0.65,0.9982,0.2086,0.5826,,0.11,0
1788865943.8031259,5962886,156.25,1.000102,0.65,0.3541,0.1268,0.5504,,0.09,0
1788865944.8544679,5962886,155.19,1.000102,0.65,0.3599,0.1257,0.55,,0.08,0
1788865945.9190578,5962886,154.13,1.000102,0.65,0.3599,0.126,0.5501,,0.08,0
1788865946.985443,5962886,153.07,1.000102,0.65,0.4294,0.1345,0.5535,,0.08,0
1788865948.042563,5962886,152.01,1.000102,0.65,0.4329,0.1352,0.5538,,0.09,0
1788865949.1006367,5962886,150.94,1.000102,0.5975,0.4409,0.1428,0.5568,,0.09,0
1788865950.1596563,5962886,149.89,1.000102,0.5529,0.4301,0.1481,0.5589,,0.09,0
1788865951.21163,5962886,148.83,1.000102,0.4827,0.43,0.1608,0.5639,,0.08,0
1788865952.2649677,5962886,147.78,1.000102,0.4553,0.4248,0.1579,0.5627,,0.07,0
1788865953.3233695,5962886,146.72,1.000102,0.432,0.4248,0.1576,0.5626,,0.07,0
1788865954.3735785,5962886,145.67,1.000102,0.4122,0.415,0.1641,0.5652,,0.08,0
1788865955.4281116,5962886,144.62,1.000099,0.3954,-0.3252,0.0775,0.5309,,0.07,0
1788865956.4873226,5962886,143.56,1.000099,0.3811,-0.3252,0.082,0.5327,,0.07,0
1788865957.542844,5962886,142.51,1.000099,0.3689,-0.4652,0.0697,0.5278,,0.07,0
1788865958.593752,5962886,141.45,1.000099,0.3586,-0.4489,0.0758,0.5302,,0.07,0
1788865959.6483703,5962886,140.4,1.000099,0.3498,-0.4495,0.0795,0.5317,,0.07,0
1788865960.7039397,5962886,139.35,1.000099,0.3423,-0.4495,0.0829,0.533,,0.06,0
1788865961.752181,5962886,138.29,1.000099,0.336,-0.4487,0.0862,0.5343,,0.06,0
1788865962.8123362,5962886,137.24,1.000099,0.3306,-0.4456,0.0894,0.5356,,0.06,0
1788865963.8679636,5962886,136.18,1.000099,0.326,-0.4381,0.0929,0.537,,0.07,0
1788865964.9329507,5962886,135.12,1.000099,0.3221,-0.0336,0.1438,0.5572,,0.07,0
1788865965.9832377,5962886,134.07,1.000099,0.3188,-0.0316,0.1462,0.5581,,0.07,0
1788865967.0310588,5962886,133.02,1.000099,0.316,-0.0314,0.1485,0.559,,0.07,0
1788865968.0854049,5962886,131.97,1.000202,0.3115,0.0225,0.3324,0.6302,,0.08,0
1788865969.1401286,5962886,130.91,1.000202,0.3098,0.0297,0.3367,0.6318,,0.08,0
1788865970.2077982,5962886,129.85,1.000202,0.3083,0.0644,0.3437,0.6345,,0.09,0
1788865971.2608066,5962886,128.79,1.000202,0.3071,0.079,0.3481,0.6361,,0.09,0
1788865972.3132064,5962886,127.74,1.000202,0.306,-0.0407,0.3363,0.6317,,0.09,0
1788865973.3660376,5962886,126.68,1.000202,0.3051,-0.0223,0.3408,0.6334,,0.09,0
1788865974.4259896,5962886,125.62,1.000202,0.3043,0.0527,0.352,0.6376,,0.07,0
1788865975.4894214,5962886,124.56,1.000017,0.3037,-0.3924,-0.0067,0.4973,,0.06,0
1788865976.5555983,5962886,123.5,1.000017,0.3031,-0.3917,-0.0297,0.4881,,0.05,0
1788865977.6088398,5962886,122.44,1.000017,0.3027,-0.3917,-0.0295,0.4882,,0.05,0
1788865978.6598458,5962886,121.39,1.000017,0.3023,-0.4161,-0.0452,0.482,,0.05,0
1788865979.7237363,5962886,120.33,1.000017,0.3019,-0.4171,-0.0452,0.482,,0.04,0
1788865980.7796066,5962886,119.27,1.000017,0.3016,-0.4165,-0.045,0.4821,,0.03,0
1788865981.8332686,5962886,118.22,1.000017,0.3014,-0.4158,-0.0448,0.4822,,0.03,0
1788865982.8928635,5962886,117.16,1.000017,0.3012,-0.4152,-0.0445,0.4822,,0.03,0
1788865983.9448342,5962886,116.11,1.000017,0.301,-0.4144,-0.0443,0.4823,,0.04,0
1788865985.0207067,5962886,115.05,1.000017,0.3009,-0.4142,-0.0441,0.4824,,0.04,0
1788865986.0774093,5962886,113.98,1.000017,0.3007,-0.4142,-0.044,0.4825,,0.03,0
1788865987.1433747,5962886,112.91,1.000017,0.3005,-0.2905,-0.0057,0.4977,,0.03,0
1788865988.2015252,5962886,111.85,1.000017,0.3005,-0.2187,0.003,0.5012,,0.03,0
1788865989.2568874,5962886,110.79,1.000017,0.3004,-0.2261,0.0023,0.5009,,0.02,0
1788865990.3060107,5962886,109.74,1.000017,0.3003,-0.2256,0.0025,0.501,,0.02,0
1788865991.3600962,5962886,108.69,1.000017,0.3003,-0.2256,0.0027,0.5011,,0.02,0
1788865992.4292874,5962886,107.62,1.000017,0.3002,-0.2232,0.0031,0.5012,,0.02,0
1788865993.488545,5962886,106.56,1.000017,0.3002,-0.2191,0.0038,0.5015,,0.03,0
1788865994.543456,5962886,105.51,1.000017,0.3002,-0.2264,0.003,0.5012,,0.03,0
1788865995.5940235,5962886,104.46,1.000017,0.3001,-0.5816,-0.0394,0.4843,,0.03,0
1788865996.6520996,5962886,103.4,1.000017,0.3001,-0.5572,-0.0363,0.4855,,0.02,0
1788865997.7123516,5962886,102.34,1.000137,0.3001,-0.4424,0.2155,0.5853,,0.03,0
1788865998.7597055,5962886,101.29,1.000137,0.3001,-0.458,0.215,0.5851,,0.03,0
1788865999.8186991,5962886,100.24,1.00017,0.3001,-0.5267,0.2692,0.6061,,0.03,0
1788866000.8868058,5962886,99.17,1.00017,0.3001,-0.5707,0.2697,0.6063,,0.02,0
1788866001.9591267,5962886,98.11,1.00017,0.3001,-0.5405,0.2751,0.6084,,0.02,0
1788866003.0142112,5962886,97.04,1.00017,0.3,-0.5786,0.2723,0.6073,,0.02,0
1788866004.0659747,5962886,95.98,1.00017,0.3,-0.5781,0.2741,0.608,,0.02,0
1788866005.1194386,5962886,94.93,1.00017,0.3,-0.5781,0.2759,0.6087,,0.02,0
1788866006.1674652,5962886,93.88,1.00017,0.3,0.6133,0.4207,0.663,,0.02,0
1788866007.2225387,5962886,92.83,1.00017,0.3,0.6157,0.4078,0.6583,,0.02,0
1788866008.275407,5962886,91.77,1.00017,0.3,0.6157,0.4097,0.659,,0.02,0
1788866009.3359196,5962886,90.72,1.00017,0.3,0.6192,0.412,0.6598,,0.02,0
1788866010.3880744,5962886,89.66,1.00017,0.3,0.6438,0.4128,0.6601,,0.02,0
1788866011.4395952,5962886,88.61,1.00017,0.3,0.6201,0.412,0.6598,,0.02,0
1788866012.491806,5962886,87.56,1.00017,0.3,0.6211,0.4141,0.6606,,0.02,0
1788866013.5484345,5962886,86.5,1.00017,0.3,0.6426,0.4188,0.6623,,0.51,0
1788866014.6141138,5962886,85.44,1.00017,0.3,0.6382,0.4204,0.6629,,0.51,0
1788866015.6632795,5962886,84.38,1.000142,0.3,0.5764,0.3578,0.6398,,0.51,0
1788866016.717441,5962886,83.33,1.000142,0.3,0.5764,0.3561,0.6391,,0.51,0
1788866017.7655778,5962886,82.28,1.000142,0.3,0.684,0.3709,0.6446,,0.51,0
1788866018.8197417,5962886,81.23,1.000142,0.3,0.692,0.3738,0.6457,,0.51,0
1788866019.8902032,5962886,80.17,1.000142,0.3,0.6917,0.3757,0.6464,,0.51,0
1788866020.955168,5962886,79.1,1.000142,0.3,0.6721,0.3753,0.6463,,0.51,0
1788866022.014624,5962886,78.04,1.000142,0.3,0.6847,0.3789,0.6476,,0.51,0
1788866023.0686214,5962886,76.98,1.000142,0.3,0.6802,0.3804,0.6482,,0.51,0
1788866024.1206434,5962886,75.93,1.000142,0.3,0.6772,0.3821,0.6488,,0.51,0
1788866025.1707642,5962886,74.88,1.000142,0.3,0.7251,0.39,0.6517,,0.51,0
1788866026.2208927,5962886,73.83,1.000142,0.3,0.7043,0.3932,0.6529,,0.51,0
1788866027.2745607,5962886,72.78,1.000142,0.3,0.6159,0.3848,0.6498,,0.51,0
1788866028.3285139,5962886,71.72,1.000142,0.3,0.6279,0.3885,0.6512,,0.51,0
1788866029.382153,5962886,70.66,1.000142,0.3,0.5998,0.3875,0.6508,,0.51,0
1788866030.442264,5962886,69.61,1.000142,0.3,0.5998,0.3899,0.6517,,0.51,0
1788866031.5005598,5962886,68.55,1.000142,0.3,0.3234,0.3591,0.6403,,0.51,0
1788866032.5498898,5962886,67.49,1.000142,0.3,0.3173,0.3609,0.6409,,0.51,0
1788866033.6024172,5962886,66.45,1.000142,0.3,0.3826,0.3713,0.6448,,0.51,0
1788866034.6565568,5962886,65.4,1.000142,0.3,0.383,0.3739,0.6458,,0.51,0
1788866035.7258253,5962886,64.34,1.00011,0.3,-0.4268,0.2046,0.5811,,0.51,0
1788866036.7746103,5962886,63.27,1.00011,0.3,-0.4322,0.2021,0.5801,,0.51,0
1788866037.8237307,5962886,62.22,1.00011,0.3,-0.4322,0.2043,0.5809,,0.51,0
1788866038.8761983,5962886,61.17,1.00011,0.3,-0.3436,0.2172,0.586,,0.51,0
1788866039.927344,5962886,60.12,0.999887,0.3,-0.7275,-0.4026,0.3436,,0.51,0
1788866040.9857016,5962886,59.07,0.999887,0.3,-0.7187,-0.3944,0.3466,,0.51,0
1788866042.0449996,5962886,58.0,1.00003,0.3,-0.5603,-0.0247,0.4902,,0.51,0
1788866043.0970259,5962886,56.95,1.00003,0.3,-0.5809,-0.0084,0.4966,,0.51,0
1788866044.1539571,5962886,55.89,1.00003,0.3,-0.5807,-0.0077,0.4969,,0.51,0
1788866045.2105055,5962886,54.84,1.00003,0.3,-0.5807,-0.007,0.4972,,0.51,0
1788866046.2636287,5962886,53.78,1.00003,0.3,-0.5983,-0.0043,0.4983,,0.51,0
1788866047.3126059,5962886,52.73,1.00003,0.3,-0.5981,-0.0035,0.4986,,0.51,0
1788866048.366773,5962886,51.68,1.00003,0.3,-0.5985,-0.0028,0.4989,,0.51,0
1788866049.4162505,5962886,50.63,1.00003,0.3,-0.5985,0.0355,0.5142,,0.51,0
1788866050.4672942,5962886,49.58,1.00003,0.3,-0.5918,0.0276,0.511,,0.51,0
1788866051.5354788,5962886,48.53,1.00003,0.3,-0.5917,0.0285,0.5114,,0.51,0
1788866052.5980773,5962886,47.45,1.00003,0.3,-0.5913,0.0115,0.5046,,0.51,0
1788866053.6627293,5962886,46.39,1.00003,0.3,-0.5945,0.012,0.5048,,0.51,0
1788866054.713481,5962886,45.33,1.00003,0.3,-0.5937,0.0131,0.5052,,0.51,0
1788866055.7642593,5962886,44.28,1.00003,0.3,-0.5962,0.0138,0.5055,,0.51,0
1788866056.8367531,5962886,43.23,1.000022,0.3,-0.6138,-0.0123,0.4951,,0.51,0
1788866057.890949,5962886,42.16,1.000022,0.3,-0.6128,-0.0114,0.4954,,0.51,0
1788866058.9551425,5962886,41.1,1.000022,0.3,-0.6129,-0.0106,0.4958,,0.51,0
1788866060.0082724,5962886,40.04,1.000022,0.3,-0.613,-0.0098,0.4961,,0.51,0
1788866061.059334,5962886,38.99,0.999663,0.3095,-0.744,-1.1161,0.1322,,0.51,0
1788866062.1121051,5962886,37.93,0.999663,0.3175,-0.7202,-1.1015,0.1353,,0.51,0
1788866063.1813736,5962886,36.88,0.999663,0.3175,-0.7175,-1.1149,0.1325,,0.51,0
1788866064.2351825,5962886,35.81,0.999663,0.3302,-0.7449,-1.0945,0.1369,,0.51,0
1788866065.2926722,5962886,34.76,0.999663,0.3352,-0.7394,-1.0939,0.137,,0.51,0
1788866066.368212,5962886,33.7,0.999715,0.3398,-0.6836,-0.9322,0.1756,,0.51,0
1788866067.4187887,5962886,32.63,0.999715,0.3437,-0.6608,-0.9332,0.1754,,0.51,0
1788866068.472199,5962886,31.58,0.999771,0.3475,-0.6525,-0.7687,0.221,,0.51,0
1788866069.5277174,5962886,30.52,0.999771,0.3507,-0.5325,-0.7595,0.2238,,0.51,0
1788866070.5848196,5962886,29.47,0.999771,0.3534,-0.5408,-0.767,0.2215,,0.51,0
1788866071.6357458,5962886,28.41,0.999771,0.3557,-0.5408,-0.7299,0.2327,,0.51,0
1788866072.70548,5962886,27.36,0.999771,0.3577,-0.7101,-0.7594,0.2238,,0.51,0
1788866073.7548747,5962886,26.29,0.999771,0.3594,-0.7101,-0.7699,0.2207,,0.51,0
1788866074.8129377,5962886,25.23,0.999771,0.3608,-0.7115,-0.7818,0.2172,,0.51,0
1788866075.868498,5962886,24.18,0.999771,0.3619,-0.6977,-0.7931,0.2139,,0.51,0
1788866076.9493678,5962886,23.13,0.999771,0.3629,-0.6977,-0.8139,0.2079,,0.51,0
1788866078.0000272,5962886,22.05,0.999771,0.3638,-0.6982,-0.8301,0.2033,,0.51,0
1788866079.0556042,5962886,21.0,0.999805,0.3645,-0.6624,-0.7356,0.231,,0.51,0
1788866080.1200845,5962886,19.93,0.999805,0.3659,-0.6924,-0.7495,0.2268,,0.51,0
1788866081.175558,5962886,18.87,0.999805,0.3665,-0.697,-0.7676,0.2214,,0.51,0
1788866082.2278535,5962886,17.82,0.999805,0.367,-0.6992,-0.787,0.2156,,0.51,0
1788866083.289224,5962886,16.76,0.999805,0.3674,-0.6992,-0.8082,0.2095,,0.51,0
1788866084.3449583,5962886,15.71,0.999805,0.3677,-0.7064,-0.8324,0.2026,,0.51,0
1788866085.4072046,5962886,14.65,0.999805,0.368,-0.7069,-0.8584,0.1953,,0.51,0
1788866086.4742293,5962886,13.59,0.999805,0.3683,-0.6971,-0.8865,0.1877,,0.51,0
1788866087.5427802,5962886,12.52,0.999805,0.3685,-0.6936,-0.9195,0.1789,,0.51,0
1788866088.6062095,5962886,11.45,0.999954,0.3687,-0.5756,-0.2731,0.3924,,0.51,0
1788866089.6629243,5962886,10.39,0.999855,0.3691,-0.7096,-0.7659,0.2219,,0.51,0
1788866090.7166836,5962886,9.33,0.999885,0.3697,-0.5041,-0.625,0.266,,0.51,0
1788866091.790102,5962886,8.27,0.999885,0.3701,-0.5403,-0.6643,0.2533,,0.51,0
1788866092.838937,5962886,7.21,0.999904,0.3705,-0.5569,-0.5979,0.275,,0.51,0
1788866093.8951523,5962886,6.15,0.999974,0.3718,-0.5119,-0.2006,0.4205,,0.51,0
1788866094.9502523,5962886,5.1,0.999974,0.3729,-0.5086,-0.2155,0.4147,,0.51,0
1788866095.9993663,5962886,4.05,0.999974,0.3737,-0.5549,-0.2421,0.4044,,0.51,0
1788866097.05276,5962886,2.99,0.999974,0.3744,-0.6006,-0.2791,0.3901,,0.51,0
1788866098.1169398,5962886,1.93,0.999974,0.375,-0.6093,-0.3356,0.3686,,0.51,0
1788866099.1759214,5962886,1.0,0.999857,0.3573,-0.7397,-2.3416,0.0096,,0.51,0
1788866589.7269924,5962888,110.7,1.000897,0.65,1.0,0.8558,0.804,,0.99,1
1788866590.778412,5962888,109.26,1.000982,0.65,1.0,0.9352,0.8252,,0.99,1
1788866591.8392832,5962888,108.21,1.000982,0.65,0.9995,0.9458,0.8279,,0.99,1
1788866592.8897486,5962888,107.15,1.000982,0.65,0.9995,0.9498,0.8289,,0.99,1
1788866593.944516,5962888,106.1,1.000982,0.65,0.9995,0.9538,0.8299,,0.99,1
1788866594.9967532,5962888,105.05,1.000999,0.65,0.9934,0.9713,0.8343,,0.99,1
1788866596.0486872,5962888,104.0,1.000999,0.65,0.986,0.9767,0.8357,,0.99,1
1788866597.1051736,5962888,102.94,1.000999,0.65,0.9859,0.9811,0.8367,,0.51,1
1788866598.172733,5962888,101.89,1.000999,0.5529,0.9862,1.1357,0.872,,0.51,1
1788866599.2274885,5962888,100.82,1.000999,0.5529,0.986,1.141,0.8731,,0.51,1
1788866600.2788239,5962888,99.76,1.000999,0.4827,0.986,1.29,0.9015,,0.51,1
1788866601.3329527,5962888,98.71,1.000999,0.4553,0.9113,1.3511,0.9117,,0.51,1
1788866602.3999465,5962888,97.66,1.000999,0.432,0.8975,1.4233,0.9227,,0.51,1
1788866603.4449244,5962888,96.6,1.000999,0.4122,0.8975,1.494,0.9324,,0.51,1
1788866604.498969,5962888,95.55,1.000999,0.3954,0.8975,1.5609,0.9407,,0.51,1
1788866605.5616648,5962888,94.49,1.000999,0.3811,0.8975,1.6216,0.9476,,0.51,1
1788866606.6215212,5962888,93.42,1.000999,0.3689,0.8979,1.6805,0.9536,,0.51,1
1788866607.6712773,5962888,92.38,1.000999,0.3586,0.8979,1.735,0.9586,,0.51,1
1788866608.7272294,5962888,91.32,1.000999,0.3498,0.8883,1.7844,0.9628,,0.51,1
1788866609.77996,5962888,90.27,1.000999,0.3423,0.8873,1.8309,0.9664,,0.51,1
1788866610.8288405,5962888,89.22,1.000999,0.336,0.8873,1.8737,0.9695,,0.51,1
1788866611.8867493,5962888,88.16,1.000999,0.3306,0.8872,1.9134,0.9721,,0.51,1
1788866612.936007,5962888,87.11,1.000999,0.326,0.8872,1.9498,0.9744,,0.51,1
1788866613.985021,5962888,86.06,1.000999,0.3221,0.887,1.9834,0.9763,,0.51,1
1788866615.043745,5962888,85.01,1.000999,0.3188,0.8872,2.0146,0.978,,0.51,1
1788866616.1026084,5962888,83.94,1.000999,0.316,0.8857,2.0437,0.9795,,0.51,1
1788866617.1489766,5962888,82.89,1.000999,0.3115,0.8848,2.0835,0.9814,,0.51,1
1788866618.2225454,5962888,81.84,1.000999,0.3115,0.8849,2.0962,0.982,,0.51,1
1788866619.2745569,5962888,80.77,1.000999,0.3083,0.8851,2.1302,0.9834,,0.51,1
1788866620.3247862,5962888,79.72,1.000999,0.3071,0.5493,2.1114,0.9826,,0.51,1
1788866621.3784263,5962888,78.67,1.000999,0.306,0.2033,2.0907,0.9817,,0.51,1
1788866622.4296076,5962888,77.62,1.000999,0.3051,0.1492,2.1043,0.9823,,0.51,1
1788866623.4756444,5962888,76.57,1.000999,0.3043,0.0984,2.1178,0.9829,,0.51,1
1788866624.520501,5962888,75.52,1.000999,0.3037,0.0984,2.1369,0.9837,,0.51,1
1788866625.565995,5962888,74.48,1.000999,0.3031,-0.3324,2.104,0.9823,,0.51,1
1788866626.617956,5962888,73.43,1.000999,0.3027,-0.3324,2.1226,0.9831,,0.51,1
1788866627.6654944,5962888,72.38,1.000999,0.3023,-0.3277,2.1417,0.9839,,0.51,1
1788866628.7146893,5962888,71.33,1.000999,0.3019,-0.45,2.1455,0.984,,0.51,1
1788866629.7641792,5962888,70.28,1.000999,0.3016,-0.4395,2.1652,0.9848,,0.51,1
1788866630.810837,5962888,69.23,1.001025,0.3014,0.7114,2.3821,0.9914,,0.51,1
1788866631.8637316,5962888,68.18,1.001025,0.3012,0.7845,2.4101,0.992,,0.51,1
1788866632.9163208,5962888,67.13,1.001025,0.301,0.8012,2.4316,0.9925,,0.51,1
1788866633.9679558,5962888,66.08,1.001025,0.3009,0.8007,2.4512,0.9929,,0.51,1
1788866635.0247407,5962888,65.02,1.001025,0.3007,0.8946,2.4825,0.9935,,0.51,1
1788866636.07999,5962888,63.97,1.000897,0.3005,0.2367,2.1111,0.9826,,0.51,1
1788866637.1378515,5962888,62.92,1.001037,0.3004,0.4366,2.5008,0.9938,,0.51,1
1788866638.1943505,5962888,61.85,1.00105,0.3004,0.4402,2.5546,0.9947,,0.51,1
1788866639.249135,5962888,60.8,1.001076,0.3003,0.4413,2.641,0.9959,,0.51,1
1788866640.2995958,5962888,59.75,1.00105,0.3003,0.4078,2.5986,0.9953,,0.51,1
1788866641.3522708,5962888,58.69,1.00105,0.3002,0.4079,2.6157,0.9955,,0.51,1
1788866642.4080558,5962888,57.64,1.00105,0.3002,0.4078,2.6394,0.9958,,0.51,1
1788866643.4592776,5962888,56.59,1.00105,0.3002,0.4087,2.6637,0.9961,,0.51,1
1788866644.5083463,5962888,55.53,1.00105,0.3001,0.4085,2.6885,0.9964,,0.51,1
1788866645.631912,5962888,54.48,1.00105,0.3001,0.4085,2.714,0.9967,,0.51,1
1788866646.679102,5962888,53.37,1.00105,0.3001,0.3469,2.7505,0.997,,0.51,1
1788866647.7273936,5962888,52.31,1.00105,0.3001,0.347,2.7599,0.9971,,0.51,1
1788866648.7804658,5962888,51.27,1.00105,0.3001,0.347,2.7861,0.9973,,0.51,1
1788866649.8384886,5962888,50.21,1.00105,0.3001,0.347,2.8116,0.9975,,0.51,1
1788866650.895059,5962888,49.15,1.00105,0.3001,0.3444,2.8444,0.9978,,0.51,1
1788866651.9532714,5962888,48.1,1.00105,0.3,0.3444,2.875,0.998,,0.51,1
1788866653.0001814,5962888,47.05,1.00105,0.3,0.3454,2.9067,0.9982,,0.51,1
1788866654.052578,5962888,45.99,1.00105,0.3,0.3454,2.9393,0.9984,,0.51,1
1788866655.1018367,5962888,44.94,1.00105,0.3,0.3474,2.9733,0.9985,,0.51,1
1788866656.14848,5962888,43.9,1.00105,0.3,0.368,3.0106,0.9987,,0.51,1
1788866657.202419,5962888,42.84,1.00105,0.3,0.3681,3.0469,0.9988,,0.51,1
1788866658.289663,5962888,41.76,1.00105,0.3,0.3682,3.0858,0.999,,0.51,1
1788866659.3410459,5962888,40.71,1.00105,0.3,0.371,3.125,0.9991,,0.51,1
1788866660.4344351,5962888,39.65,1.00105,0.3,0.2178,3.1477,0.9992,,0.51,1
1788866661.4895837,5962888,38.56,1.00105,0.3,0.2176,3.1912,0.9993,,0.51,1
1788866662.5466895,5962888,37.5,1.00105,0.3,0.2173,3.2359,0.9994,,0.51,1
1788866663.60319,5962888,36.44,1.00105,0.3,0.2152,3.2818,0.9995,,0.51,1
1788866664.6659076,5962888,35.38,1.00105,0.3,0.2152,3.3302,0.9996,,0.51,1
1788866665.7150376,5962888,34.33,1.00105,0.3,-0.0632,3.347,0.9996,,0.51,1
1788866666.7709253,5962888,33.28,1.00105,0.3,0.3937,3.4546,0.9997,,0.51,1
1788866667.8200057,5962888,32.22,1.00105,0.3,-0.3907,3.4156,0.9997,,0.51,1
1788866668.870656,5962888,31.18,1.00105,0.3,-0.3314,3.4804,0.9997,,0.51,1
1788866669.9323971,5962888,30.11,1.00105,0.3,-0.4389,3.5291,0.9998,,0.51,1
1788866670.984167,5962888,29.06,1.00105,0.3,-0.4389,3.5933,0.9998,,0.51,1
1788866672.0358427,5962888,28.01,1.00105,0.3,-0.3035,3.6777,0.9999,,0.51,1
1788866673.0952601,5962888,26.95,1.00105,0.3,-0.3407,3.7455,0.9999,,0.51,1
1788866674.1585426,5962888,25.89,1.000814,0.3,-0.9309,2.8533,0.9978,,0.51,1
1788866675.212768,5962888,24.83,1.000814,0.3,-0.9293,2.9169,0.9982,,0.51,1
1788866676.2700083,5962888,23.77,1.000814,0.3,-0.9261,2.9846,0.9986,,0.51,1
1788866677.3190923,5962888,22.73,1.000814,0.3,-0.9528,3.0526,0.9989,,0.51,1
1788866678.3793726,5962888,21.68,1.000814,0.3,-0.9518,3.1291,0.9991,,0.51,1
1788866679.4393973,5962888,20.61,1.000814,0.3,-0.9509,3.2132,0.9993,,0.51,1
1788866680.4876873,5962888,19.56,1.000814,0.3,-0.9507,3.302,0.9995,,0.51,1
1788866681.544334,5962888,18.5,1.000814,0.3,-0.9507,3.3988,0.9997,,0.51,1
1788866682.6035638,5962888,17.45,1.000814,0.3,-0.9517,3.5044,0.9998,,0.51,1
1788866683.651007,5962888,16.39,1.000814,0.3,-0.9525,3.6198,0.9999,,0.51,1
1788866684.701962,5962888,15.34,1.000814,0.3,-0.9525,3.7762,0.9999,,0.51,1
1788866685.7523322,5962888,14.29,1.000814,0.3,-0.9185,3.9204,1.0,,0.51,1
1788866686.7977664,5962888,13.25,1.000814,0.3,-0.9164,4.0772,1.0,,0.51,1
1788866687.8481362,5962888,12.2,1.000814,0.3,-0.9164,4.2534,1.0,,0.51,1
1788866688.91035,5962888,11.14,1.000814,0.3,-0.9265,4.4548,1.0,,0.51,1
1788866689.9548793,5962888,10.09,1.000814,0.3,-0.9261,4.6867,1.0,,0.51,1
1788866691.0065129,5962888,9.04,1.000814,0.3,-0.9109,4.9598,1.0,,0.51,1
1788866692.0544178,5962888,7.99,1.000814,0.3,-0.9092,5.2824,1.0,,0.51,1
1788866693.1008215,5962888,6.94,1.000814,0.3,-0.9092,5.6747,1.0,,0.51,1
1788866694.1627314,5962888,5.9,1.000986,0.3,-0.6119,7.5277,1.0,,0.51,1
1788866695.2113814,5962888,4.83,1.000986,0.3,-0.6118,8.3427,1.0,,0.51,1
1788866696.2575843,5962888,3.79,1.001101,0.3,-0.5609,10.5568,1.0,,0.51,1
1788866697.3172283,5962888,2.73,1.001101,0.3,-0.5611,12.448,1.0,,0.51,1
1788866698.3682692,5962888,1.68,1.001101,0.3,-0.5598,15.8652,1.0,,0.51,1
1788866699.419988,5962888,1.0,1.001101,0.3,-0.5575,20.5752,1.0,,0.51,1
1788866700.8848724,5962889,299.57,1.0,0.3,-0.5574,-0.0314,0.4875,,0.53,0
1788866701.9351914,5962889,298.11,0.999924,0.3,-0.5998,-0.1193,0.4525,,0.52,0
1788866702.985766,5962889,297.06,0.999924,0.3,-0.5998,-0.129,0.4487,,0.54,0
1788866704.0354483,5962889,296.01,0.999924,0.3,-0.5988,-0.1291,0.4487,,0.54,0
1788866705.117711,5962889,294.96,0.999924,0.3,0.3284,-0.0395,0.4842,,0.53,0
1788866706.1723871,5962889,293.87,0.999924,0.3,0.3284,-0.0541,0.4784,,0.52,0
1788866707.2174487,5962889,292.83,0.999924,0.3,0.3361,-0.0533,0.4787,,0.52,0
1788866708.2643666,5962889,291.78,0.999924,0.3,0.2931,-0.0586,0.4766,,0.52,0
1788866709.323902,5962889,290.72,0.999924,0.3,0.2894,-0.0592,0.4764,,0.51,0
1788866710.3885317,5962889,289.67,0.999924,0.3,0.3143,-0.0564,0.4775,,0.51,0
1788866711.4379568,5962889,288.61,0.999924,0.3,0.3141,-0.0565,0.4775,,0.51,0
1788866712.5098035,5962889,287.55,0.999924,0.3,0.3141,-0.0471,0.4812,,0.51,0
1788866713.57861,5962889,286.49,0.999924,0.3,0.3161,-0.047,0.4812,,0.51,0
1788866714.6359365,5962889,285.41,0.999924,0.3,0.3161,-0.0472,0.4812,,0.51,0
1788866715.6983159,5962889,284.35,0.999924,0.3,0.2841,-0.0512,0.4796,,0.51,0
1788866716.7886894,5962889,283.3,0.999924,0.3,0.2825,-0.0515,0.4794,,0.51,0
1788866717.8386762,5962889,282.21,0.999924,0.3,0.2807,-0.0519,0.4793,,0.51,0
1788866718.8916352,5962889,281.15,0.999924,0.3,0.2774,-0.0525,0.4791,,0.51,0
1788866719.9390275,5962889,280.11,0.999924,0.3,0.2786,-0.0525,0.4791,,0.51,0
1788866720.993004,5962889,279.06,0.999924,0.3,0.2604,-0.0548,0.4781,,0.51,0
1788866722.039045,5962889,278.01,0.999924,0.3,0.2604,-0.055,0.4781,,0.51,0
1788866723.11024,5962889,276.95,0.999924,0.3,0.2604,-0.0552,0.478,,0.52,0
1788866724.1563141,5962889,275.89,0.999924,0.3,0.2604,-0.0553,0.4779,,0.52,0
1788866725.208556,5962889,274.84,0.999924,0.3,-0.3478,-0.1285,0.4489,,0.52,0
1788866726.2689252,5962889,273.77,0.999924,0.3,-0.6332,-0.1629,0.4353,,0.54,0
1788866727.319047,5962889,272.73,0.999924,0.3,-0.6265,-0.1622,0.4356,,0.54,0
1788866728.3813243,5962889,271.68,0.999924,0.3,-0.564,-0.1549,0.4384,,0.54,0
1788866729.4329677,5962889,270.61,0.999924,0.3,-0.6426,-0.1645,0.4347,,0.54,0
1788866730.4863496,5962889,269.56,0.999924,0.3,-0.6456,-0.165,0.4345,,0.54,0
1788866731.5326362,5962889,268.51,0.999924,0.3,-0.6496,-0.1657,0.4342,,0.52,0
1788866732.6309032,5962889,267.46,0.999924,0.3,0.1022,-0.0756,0.4699,,0.52,0
1788866733.6858983,5962889,266.36,0.999924,0.3,0.1024,-0.0758,0.4698,,0.52,0
1788866734.7358177,5962889,265.31,0.999924,0.3,0.0996,-0.0763,0.4696,,0.52,0
1788866735.784231,5962889,264.26,0.999924,0.3,0.0987,-0.0766,0.4695,,0.52,0
1788866736.8418667,5962889,263.2,0.999924,0.3,0.0905,-0.0777,0.469,,0.52,0
1788866737.8987322,5962889,262.14,0.999924,0.3,0.4358,-0.0365,0.4854,,0.52,0
1788866738.944133,5962889,261.1,0.999924,0.3,0.4482,-0.0352,0.486,,0.52,0
1788866740.0025415,5962889,260.05,0.999924,0.3,0.4448,-0.0358,0.4857,,0.52,0
1788866741.052125,5962889,258.99,0.999924,0.3,0.4448,-0.0359,0.4857,,0.52,0
1788866742.0995886,5962889,257.94,0.999924,0.3,0.1414,-0.0725,0.4711,,0.52,0
1788866743.1508133,5962889,256.89,0.999924,0.3,0.0895,-0.0789,0.4685,,0.52,0
1788866744.208484,5962889,255.84,0.999924,0.3,0.0505,-0.0838,0.4666,,0.52,0
1788866745.2632663,5962889,254.78,0.999924,0.3,0.0203,-0.0876,0.4651,,0.52,0
1788866746.3096986,5962889,253.74,0.999924,0.3,0.0203,-0.0878,0.465,,0.52,0
1788866747.3606365,5962889,252.68,0.999924,0.3,0.0223,-0.0877,0.465,,0.53,0
1788866748.4823873,5962889,251.63,0.999924,0.3,0.0765,-0.0814,0.4676,,0.53,0
1788866749.5335147,5962889,250.51,0.999924,0.3,0.1058,-0.0781,0.4689,,0.53,0
1788866750.5852592,5962889,249.46,0.999924,0.3,0.136,-0.0747,0.4702,,0.53,0
1788866751.636035,5962889,248.41,0.999924,0.3,0.2559,-0.0605,0.4759,,0.52,0
1788866752.6911905,5962889,247.36,0.999924,0.3,0.2559,-0.0607,0.4758,,0.52,0
1788866753.7402625,5962889,246.31,0.999924,0.3,0.2559,-0.0609,0.4757,,0.52,0
1788866754.8039844,5962889,245.26,0.999924,0.3,0.2771,-0.0585,0.4767,,0.52,0
1788866755.871962,5962889,244.19,0.999924,0.3,0.4541,-0.0375,0.4851,,0.52,0
1788866756.9248862,5962889,243.12,0.999924,0.3,0.0069,-0.0913,0.4636,,0.52,0
1788866757.987837,5962889,242.06,0.999924,0.3,-0.0081,-0.0933,0.4628,,0.52,0
1788866759.0483117,5962889,241.0,0.999924,0.3,-0.0081,-0.0935,0.4627,,0.52,0
1788866760.0999768,5962889,239.95,0.999924,0.3,-0.2048,-0.1173,0.4533,,0.52,0
1788866761.1544302,5962889,238.89,0.999924,0.3,-0.2392,-0.1217,0.4516,,0.52,0
1788866762.2076843,5962889,237.84,0.999924,0.3,-0.2392,-0.1219,0.4515,,0.52,0
1788866763.2640204,5962889,236.79,0.999924,0.3,-0.2062,-0.1181,0.453,,0.5,0
1788866764.370399,5962889,235.73,0.999924,0.3,-0.0488,-0.0994,0.4604,,0.5,0
1788866765.428317,5962889,234.62,0.999924,0.3,-0.0387,-0.0984,0.4608,,0.5,0
1788866766.4906273,5962889,233.57,0.999924,0.3,-0.0376,-0.0985,0.4608,,0.5,0
1788866767.5393126,5962889,232.5,0.999924,0.3,-0.0277,-0.0975,0.4611,,0.5,0
1788866768.6016548,5962889,231.45,0.999924,0.3,-0.0711,-0.103,0.459,,0.5,0
1788866769.6580107,5962889,230.4,0.999745,0.3,-0.3537,-0.3796,0.3521,,0.34,0
1788866770.7092445,5962889,229.34,0.999735,0.3,-0.3666,-0.3948,0.3465,,0.36,0
1788866771.7706513,5962889,228.28,0.999735,0.3,-0.369,-0.3971,0.3456,,0.36,0
1788866772.8339295,5962889,227.21,0.999735,0.3,-0.3686,-0.3979,0.3454,,0.37,0
1788866773.8902154,5962889,226.16,0.999735,0.3,-0.3668,-0.3984,0.3452,,0.37,0
1788866774.9398363,5962889,225.11,0.999735,0.3,-0.3638,-0.3988,0.345,,0.37,0
1788866776.0121064,5962889,224.05,0.99972,0.3,-0.3735,-0.4196,0.3374,,0.37,0
1788866777.0692027,5962889,222.98,0.99972,0.3,-0.3723,-0.4222,0.3364,,0.37,0
1788866778.1255255,5962889,221.92,0.99972,0.3,-0.3951,-0.4257,0.3351,,0.36,0
1788866779.1728218,5962889,220.87,0.99972,0.3,-0.4063,-0.4055,0.3425,,0.37,0
1788866780.2666547,5962889,219.82,0.999694,0.3,-0.409,-0.4421,0.3292,,0.36,0
1788866781.322576,5962889,218.73,0.999694,0.3,-0.4153,-0.4425,0.3291,,0.36,0
1788866782.3708708,5962889,217.67,0.999694,0.3,-0.4153,-0.4434,0.3287,,0.36,0
1788866783.4370291,5962889,216.61,0.999694,0.3,-0.4228,-0.4453,0.3281,,0.36,0
1788866784.499692,5962889,215.54,0.999694,0.3,-0.4338,-0.4476,0.3272,,0.36,0
1788866785.553218,5962889,214.49,0.999694,0.3,-0.3882,-0.443,0.3289,,0.36,0
1788866786.6098514,5962889,213.44,0.999694,0.3,-0.3915,-0.4425,0.3291,,0.36,0
1788866787.6809185,5962889,212.38,0.999694,0.3,-0.3964,-0.4441,0.3285,,0.36,0
1788866788.7429385,5962889,211.3,0.999694,0.3,-0.3055,-0.4342,0.3321,,0.37,0
1788866789.7920866,5962889,210.26,0.999694,0.3,-0.3056,-0.4352,0.3317,,0.37,0
1788866790.840786,5962889,209.21,0.999694,0.3,-0.3056,-0.4329,0.3325,,0.38,0
1788866791.8931577,5962889,208.15,0.999694,0.3,-0.2997,-0.4332,0.3324,,0.37,0
1788866792.9429374,5962889,207.1,0.999694,0.3,-0.2989,-0.4341,0.3321,,0.37,0
1788866793.9966831,5962889,206.05,0.999694,0.3,-0.3444,-0.4406,0.3297,,0.36,0
1788866795.0523875,5962889,204.99,0.999694,0.3,-0.3459,-0.4418,0.3293,,0.36,0
1788866796.1528826,5962889,203.94,0.999694,0.3,-0.3478,-0.4431,0.3289,,0.36,0
1788866797.2030945,5962889,202.84,0.999694,0.3,-0.3429,-0.4436,0.3287,,0.37,0
1788866798.2499738,5962889,201.79,0.999694,0.3,-0.3462,-0.445,0.3282,,0.37,0
1788866799.3027747,5962889,200.74,0.999694,0.3,-0.1275,-0.4198,0.3373,,0.37,0
1788866800.3526528,5962889,199.69,0.999694,0.3,-0.1368,-0.422,0.3365,,0.37,0
1788866801.421185,5962889,198.63,0.999694,0.3,-0.0803,-0.4163,0.3386,,0.37,0
1788866802.4805112,5962889,197.57,0.999694,0.3,-0.0803,-0.4174,0.3382,,0.36,0
1788866803.5296776,5962889,196.51,0.999694,0.3,-0.0716,-0.4174,0.3382,,0.33,0
1788866804.5837166,5962889,195.46,0.999694,0.3,-0.0779,-0.4193,0.3375,,0.32,0
1788866805.6422195,5962889,194.41,0.999694,0.3,-0.1296,-0.4266,0.3348,,0.3,0
1788866806.6989179,5962889,193.35,0.999694,0.3,-0.0747,-0.4211,0.3368,,0.3,0
1788866807.7445104,5962889,192.3,0.999694,0.3,-0.0836,-0.4233,0.336,,0.3,0
1788866808.8124478,5962889,191.24,0.999694,0.3,0.1732,-0.3937,0.3469,,0.3,0
1788866809.8601444,5962889,190.19,0.999268,0.3,-0.831,-1.1032,0.135,,0.18,0
1788866810.9094646,5962889,189.14,0.999353,0.3,-0.7935,-1.0193,0.154,,0.22,0
1788866812.0275722,5962889,188.08,0.999353,0.3,-0.7935,-1.0217,0.1535,,0.22,0
1788866813.0826957,5962889,186.96,0.999353,0.3,-0.7923,-1.0242,0.1529,,0.22,0
1788866814.1387355,5962889,185.91,0.999353,0.3,-0.7924,-1.0267,0.1523,,0.22,0
1788866815.1901898,5962889,184.85,0.999353,0.3,-0.8082,-1.0312,0.1512,,0.22,0
1788866816.2470157,5962889,183.8,0.999353,0.3,-0.8078,-1.0337,0.1506,,0.2,0
1788866817.2949371,5962889,182.75,0.999353,0.3,-0.8081,-1.0363,0.15,,0.2,0
1788866818.3604114,5962889,181.7,0.999353,0.3,-0.8276,-1.0412,0.1489,,0.2,0
1788866819.4219286,5962889,180.62,0.999353,0.3,-0.8407,-1.036,0.1501,,0.2,0
1788866820.4834967,5962889,179.56,0.999353,0.3,-0.8361,-1.0047,0.1575,,0.2,0
1788866821.5364196,5962889,178.51,0.999353,0.3,-0.8367,-1.0075,0.1569,,0.2,0
1788866822.585112,5962889,177.46,0.999353,0.3,-0.8353,-1.01,0.1563,,0.2,0
1788866823.6813197,5962889,176.4,0.999353,0.3,-0.8352,-1.0127,0.1556,,0.2,0
1788866824.73781,5962889,175.31,0.999353,0.3,-0.8343,-1.0154,0.155,,0.2,0
1788866825.785957,5962889,174.26,0.999353,0.3,-0.8283,-1.0174,0.1545,,0.21,0
1788866826.8360655,5962889,173.21,0.999353,0.3,-0.8287,-1.0202,0.1538,,0.21,0
1788866827.9623208,5962889,172.16,0.999353,0.3,-0.8307,-1.0233,0.1531,,0.19,0
1788866829.0150254,5962889,171.03,0.999353,0.3,-0.8303,-1.0263,0.1524,,0.19,0
1788866830.066762,5962889,169.98,0.999353,0.3,-0.8303,-1.0291,0.1517,,0.19,0
1788866831.1197357,5962889,168.92,0.999353,0.3,-0.8304,-1.0321,0.151,,0.19,0
1788866832.1819792,5962889,167.88,0.999353,0.3,-0.8303,-1.035,0.1503,,0.19,0
1788866833.2349288,5962889,166.81,0.999353,0.3,-0.8304,-1.0379,0.1496,,0.19,0
1788866834.2878518,5962889,165.76,0.999353,0.3,-0.7605,-1.0325,0.1509,,0.19,0
1788866835.3447406,5962889,164.7,0.999363,0.3,-0.7561,-1.0211,0.1536,,0.21,0
1788866836.4000387,5962889,163.65,0.999363,0.3,-0.7561,-1.0228,0.1532,,0.21,0
1788866837.4597824,5962889,162.59,0.999363,0.3,-0.7561,-1.0259,0.1525,,0.21,0
1788866838.5191932,5962889,161.53,0.999363,0.3,-0.7552,-1.0288,0.1518,,0.2,0
1788866839.5703535,5962889,160.48,0.999363,0.3,-0.7552,-1.0319,0.1511,,0.2,0
1788866840.6178908,5962889,159.43,0.999363,0.3,0.9126,-0.8349,0.2019,,0.2,0
1788866841.6730807,5962889,158.38,0.999363,0.3,0.8436,-0.8463,0.1987,,0.21,0
1788866842.7393198,5962889,157.31,0.999369,0.3,0.9174,-0.8303,0.2032,,0.21,0
1788866843.8342814,5962889,156.26,0.999369,0.3,0.9084,-0.8346,0.202,,0.21,0
1788866844.8861194,5962889,155.16,0.999369,0.3,0.9084,-0.8379,0.201,,0.21,0
1788866845.9389193,5962889,154.11,0.999369,0.3,0.8998,-0.8434,0.1995,,0.21,0
1788866846.9862545,5962889,153.06,0.999369,0.3,0.8998,-0.8466,0.1986,,0.2,0
1788866848.0341253,5962889,152.01,0.999369,0.3,0.9055,-0.8492,0.1979,,0.2,0
1788866849.0888703,5962889,150.96,0.999382,0.3,0.9494,-0.828,0.2038,,0.2,0
1788866850.1424713,5962889,149.91,0.999382,0.3,0.9492,-0.8298,0.2033,,0.2,0
1788866851.1932771,5962889,148.85,0.999382,0.3,0.9492,-0.8331,0.2024,,0.19,0
1788866852.2409434,5962889,147.8,0.999382,0.3,0.9679,-0.835,0.2018,,0.16,0
1788866853.2988021,5962889,146.74,0.999382,0.3,0.9677,-0.8385,0.2009,,0.16,0
1788866854.3539932,5962889,145.7,0.999382,0.3,0.9652,-0.8422,0.1998,,0.16,0
1788866855.42054,5962889,144.63,0.999382,0.3,0.9458,-0.8481,0.1982,,0.16,0
1788866856.4662862,5962889,143.58,0.999382,0.3,0.9458,-0.8516,0.1972,,0.16,0
1788866857.5136406,5962889,142.53,0.999382,0.3,0.9458,-0.8551,0.1962,,0.16,0
1788866858.559007,5962889,141.48,0.999382,0.3,0.946,-0.8587,0.1953,,0.16,0
1788866859.660072,5962889,140.44,0.999382,0.3,0.9463,-0.8639,0.1938,,0.16,0
1788866860.7283828,5962889,139.32,0.999382,0.3,0.954,-0.8669,0.193,,0.16,0
1788866861.7753026,5962889,138.27,0.999382,0.3,0.9541,-0.8706,0.192,,0.15,0
1788866862.8278992,5962889,137.22,0.999382,0.3,0.9541,-0.8743,0.191,,0.14,0
1788866863.8892055,5962889,136.16,0.999382,0.3,0.9381,-0.8801,0.1894,,0.14,0
1788866864.942748,5962889,135.1,0.999388,0.3,0.9139,-0.8766,0.1904,,0.19,0
1788866865.9924357,5962889,134.05,0.999592,0.3,0.9577,-0.5315,0.2975,,0.34,0
1788866867.0741072,5962889,132.99,0.999643,0.3,0.9624,-0.439,0.3303,,0.32,0
1788866868.1258593,5962889,131.92,0.999643,0.3,0.9625,-0.435,0.3318,,0.32,0
1788866869.174595,5962889,130.87,0.999643,0.3,0.9626,-0.4373,0.3309,,0.31,0
1788866870.22971,5962889,129.81,0.999643,0.3,0.9626,-0.4397,0.3301,,0.3,0
1788866871.3004909,5962889,128.76,0.999643,0.3,0.9622,-0.4421,0.3292,,0.3,0
1788866872.3700151,5962889,127.69,0.999643,0.3,0.9622,-0.4446,0.3283,,0.3,0
1788866873.4269438,5962889,126.63,0.999643,0.3,0.9622,-0.4471,0.3274,,0.29,0
1788866874.4748993,5962889,125.57,0.999643,0.3,0.9622,-0.4496,0.3265,,0.33,0
1788866875.5750787,5962889,124.52,0.99966,0.3,0.9646,-0.4344,0.332,,0.35,0
1788866876.6288497,5962889,123.42,0.99966,0.3,0.9688,-0.4492,0.3266,,0.3,0
1788866877.6807013,5962889,122.37,0.99966,0.3,0.9687,-0.458,0.3235,,0.3,0
1788866878.72737,5962889,121.32,0.99966,0.3,0.9687,-0.4605,0.3226,,0.36,0
1788866879.7871919,5962889,120.27,0.99966,0.3,0.9604,-0.464,0.3213,,0.32,0
1788866880.8547227,5962889,119.21,0.99966,0.3,0.954,-0.4673,0.3201,,0.31,0
1788866881.9053154,5962889,118.14,0.99966,0.3,0.9534,-0.4701,0.3192,,0.35,0
1788866882.9585128,5962889,117.09,0.99966,0.3,0.5775,-0.5178,0.3023,,0.33,0
1788866884.0164993,5962889,116.03,0.99966,0.3,0.5773,-0.5205,0.3014,,0.33,0
1788866885.0726342,5962889,114.97,0.99966,0.3,0.5799,-0.525,0.2998,,0.32,0
1788866886.1211677,5962889,113.92,0.99966,0.3,0.5807,-0.5277,0.2989,,0.3,0
1788866887.1726155,5962889,112.88,0.99966,0.3,0.5806,-0.5304,0.2979,,0.26,0
1788866888.2193367,5962889,111.83,0.99966,0.3,0.5804,-0.5333,0.2969,,0.26,0
1788866889.2678747,5962889,110.78,0.99966,0.3,0.6163,-0.5318,0.2974,,0.27,0
1788866890.327288,5962889,109.73,0.99966,0.3,0.6129,-0.5351,0.2963,,0.27,0
1788866891.4486568,5962889,108.66,0.99966,0.3,0.6122,-0.5382,0.2952,,0.27,0
1788866892.5156255,5962889,107.54,0.99966,0.3,0.6341,-0.5387,0.295,,0.27,0
1788866893.5794432,5962889,106.46,0.999694,0.3,0.6503,-0.4763,0.3169,,0.37,0
1788866894.641647,5962889,105.4,0.999694,0.3,0.6421,-0.4769,0.3167,,0.37,0
1788866895.6888855,5962889,104.36,0.999694,0.3,0.3843,-0.5106,0.3048,,0.38,0
1788866896.757032,5962889,103.31,0.999694,0.3,0.3843,-0.5134,0.3038,,0.38,0
1788866897.8183422,5962889,102.24,0.999694,0.3,0.2499,-0.5325,0.2972,,0.36,0
1788866898.8742325,5962889,101.18,0.999694,0.3,0.2499,-0.5355,0.2962,,0.36,0
1788866899.941729,5962889,100.1,0.99972,0.3,0.2264,-0.4936,0.3108,,0.47,0
1788866901.0006065,5962889,99.04,0.99972,0.3,0.2269,-0.4932,0.3109,,0.45,0
1788866902.0506933,5962889,97.99,0.99972,0.3,0.215,-0.4974,0.3094,,0.43,0
1788866903.0994112,5962889,96.95,0.99972,0.3,0.2145,-0.5003,0.3084,,0.46,0
1788866904.1495106,5962889,95.9,0.99972,0.3,0.2145,-0.5032,0.3074,,0.46,0
1788866905.2314985,5962889,94.85,0.999847,0.3,0.2054,-0.2506,0.4011,,0.5,0
1788866906.2786064,5962889,93.77,0.999847,0.3,0.2054,-0.2522,0.4004,,0.51,0
1788866907.3753014,5962889,92.72,0.999847,0.3,0.2044,-0.254,0.3997,,0.53,0
1788866908.4241953,5962889,91.62,0.999847,0.3,0.2365,-0.252,0.4005,,0.53,0
1788866909.4885192,5962889,90.56,0.999847,0.3,0.2355,-0.2538,0.3998,,0.54,0
1788866910.536717,5962889,89.51,0.999847,0.3,0.2406,-0.2582,0.3981,,0.52,0
1788866911.6088274,5962889,88.44,0.999847,0.3,-0.4374,-0.3413,0.3664,,0.46,0
1788866912.6662009,5962889,87.38,0.999847,0.3,-0.3093,-0.3278,0.3715,,0.41,0
1788866913.7345643,5962889,86.31,0.999847,0.3,-0.3056,-0.3293,0.371,,0.42,0
1788866914.7841837,5962889,85.26,0.999847,0.3,-0.3056,-0.3311,0.3703,,0.42,0
1788866915.8393345,5962889,84.21,0.999847,0.3,-0.3037,-0.3489,0.3636,,0.42,0
1788866916.8889985,5962889,83.16,0.999847,0.3,-0.3037,-0.3508,0.3629,,0.49,0
1788866917.9381032,5962889,82.11,0.999847,0.3,-0.3061,-0.3531,0.362,,0.47,0
1788866918.9915938,5962889,81.06,0.999847,0.3,-0.3069,-0.3552,0.3612,,0.47,0
1788866920.0454645,5962889,80.0,0.999847,0.3,-0.3069,-0.3573,0.3604,,0.45,0
1788866921.1219933,5962889,78.94,0.999847,0.3,-0.4355,-0.3749,0.3539,,0.45,0
1788866922.184226,5962889,77.87,0.999847,0.3,-0.5447,-0.3902,0.3482,,0.45,0
1788866923.282515,5962889,76.8,0.999847,0.3,-0.5385,-0.3917,0.3476,,0.45,0
1788866924.3420022,5962889,75.71,0.999847,0.3,-0.5829,-0.3994,0.3448,,0.45,0
1788866925.388814,5962889,74.66,0.999847,0.3,-0.583,-0.4017,0.3439,,0.46,0
1788866926.4343874,5962889,73.61,0.999847,0.3,-0.6889,-0.4168,0.3384,,0.45,0
1788866927.4856567,5962889,72.56,0.999847,0.3,-0.6891,-0.4192,0.3375,,0.45,0
1788866928.5493321,5962889,71.5,0.999847,0.3,-0.6901,-0.4218,0.3366,,0.47,0
1788866929.6030204,5962889,70.45,0.999847,0.3,-0.7081,-0.4265,0.3349,,0.47,0
1788866930.659279,5962889,69.39,0.999847,0.3,-0.7043,-0.4286,0.3341,,0.47,0
1788866931.7097347,5962889,68.34,0.999847,0.3,-0.6889,-0.4294,0.3338,,0.5,0
1788866932.766964,5962889,67.29,0.999847,0.3,-0.6939,-0.4327,0.3326,,0.53,0
1788866933.8216414,5962889,66.22,0.999847,0.3,-0.6957,-0.4357,0.3315,,0.51,0
1788866934.8837345,5962889,65.17,0.999847,0.3,-0.7679,-0.4472,0.3274,,0.5,0
1788866935.9343889,5962889,64.11,0.999847,0.3,-0.8616,-0.4614,0.3223,,0.45,0
1788866936.9957676,5962889,63.06,0.999847,0.3,-0.8555,-0.4636,0.3215,,0.46,0
1788866938.0433764,5962889,62.0,0.999847,0.3,-0.8558,-0.4667,0.3204,,0.45,0
1788866939.1363819,5962889,60.95,0.999847,0.3,-0.8764,-0.4723,0.3184,,0.46,0
1788866940.1824563,5962889,59.86,0.999847,0.3,-0.8501,-0.4725,0.3183,,0.38,0
1788866941.2355294,5962889,58.81,0.999847,0.3,-0.8153,-0.4716,0.3186,,0.39,0
1788866942.2984834,5962889,57.75,0.999847,0.3,-0.5703,-0.4456,0.3279,,0.41,0
1788866943.3509111,5962889,56.7,0.999847,0.3,-0.6494,-0.4586,0.3233,,0.41,0
1788866944.4757292,5962889,55.63,0.999847,0.3,-0.666,-0.4642,0.3213,,0.39,0
1788866945.5344877,5962889,54.51,0.999847,0.3,-0.666,-0.4681,0.3199,,0.32,0
1788866946.5812147,5962889,53.46,0.999847,0.3,-0.664,-0.4717,0.3186,,0.33,0
1788866947.6287942,5962889,52.42,0.999847,0.3,-0.6643,-0.4756,0.3172,,0.33,0
1788866948.6813266,5962889,51.36,0.999592,0.3,-0.8765,-1.2013,0.1148,,0.03,0
1788866949.735379,5962889,50.31,0.999592,0.3,-0.8698,-1.2131,0.1126,,0.03,0
1788866950.7924027,5962889,49.25,0.999592,0.3,-0.8672,-1.2243,0.1104,,0.03,0
1788866951.8411548,5962889,48.21,0.999592,0.3,-0.8588,-1.235,0.1084,,0.04,0
1788866952.899763,5962889,47.15,0.999592,0.3,-0.8625,-1.2477,0.1061,,0.03,0
1788866953.9574325,5962889,46.09,0.999592,0.3,-0.8609,-1.2602,0.1038,,0.03,0
1788866955.0767179,5962889,45.04,0.999592,0.3,-0.8647,-1.2737,0.1014,,0.03,0
1788866956.1238117,5962889,43.92,0.999592,0.3,-0.8206,-1.2828,0.0998,,0.02,0
1788866957.1758423,5962889,42.87,0.999592,0.3,-0.8143,-1.2961,0.0975,,0.02,0
1788866958.2321105,5962889,41.81,0.999592,0.3,-0.8143,-1.3107,0.095,,0.02,0
1788866959.2800908,5962889,40.76,0.999592,0.3,-0.7675,-1.2882,0.0988,,0.02,0
1788866960.3358903,5962889,39.71,0.999592,0.3,-0.7666,-1.3038,0.0961,,0.02,0
1788866961.3823566,5962889,38.66,0.999592,0.3,-0.7666,-1.3202,0.0934,,0.02,0
1788866962.4392257,5962889,37.6,0.999592,0.3,-0.7946,-1.3407,0.09,,0.02,0
1788866963.4970698,5962889,36.55,0.999592,0.3,-0.7946,-1.3584,0.0872,,0.51,0
1788866964.549087,5962889,35.5,0.999592,0.3,-0.7908,-1.3766,0.0843,,0.51,0
1788866965.6073654,5962889,34.44,0.999592,0.3,-0.7908,-1.3962,0.0813,,0.51,0
1788866966.669901,5962889,33.38,0.999592,0.3,-0.7907,-1.4167,0.0783,,0.51,0
1788866967.7263684,5962889,32.32,0.999592,0.3,-0.7758,-1.4364,0.0754,,0.51,0
1788866968.7823493,5962889,31.26,0.999592,0.3,-0.7237,-1.4526,0.0732,,0.51,0
1788866969.8424351,5962889,30.21,0.999592,0.3,-0.7237,-1.4763,0.0699,,0.51,0
1788866970.8881798,5962889,29.16,0.999592,0.3,-0.7616,-1.5056,0.0661,,0.51,0
1788866971.9528763,5962889,28.11,0.999592,0.3,-0.7716,-1.5329,0.0626,,0.51,0
1788866973.007068,5962889,27.04,0.999592,0.3,-0.7716,-1.5612,0.0592,,0.51,0
1788866974.0685215,5962889,25.98,0.999592,0.3,-0.7716,-1.5909,0.0558,,0.51,0
1788866975.1201057,5962889,24.92,0.999592,0.3,-0.7716,-1.6222,0.0524,,0.51,0
1788866976.1783516,5962889,23.87,0.999592,0.3,-0.7716,-1.6555,0.0489,,0.51,0
1788866977.2678618,5962889,22.82,0.999592,0.3,-0.7646,-1.6904,0.0455,,0.51,0
1788866978.3287854,5962889,21.72,0.999592,0.3,-0.0376,-1.6431,0.0502,,0.51,0
1788866979.3882368,5962889,20.66,0.999592,0.3,-0.008,-1.681,0.0464,,0.51,0
1788866980.432041,5962889,19.61,0.999592,0.3,-0.0244,-1.7273,0.0421,,0.51,0
1788866981.488529,5962889,18.56,0.999592,0.3,-0.4351,-1.8245,0.034,,0.51,0
1788866982.5381277,5962889,17.51,0.999592,0.3,-0.4347,-1.8772,0.0302,,0.51,0
1788866983.5851088,5962889,16.46,0.999592,0.3,-0.4347,-1.9343,0.0265,,0.51,0
1788866984.6316938,5962889,15.41,0.999529,0.3,-0.7298,-2.3355,0.0098,,0.51,0
1788866985.7398822,5962889,14.35,0.999529,0.3,-0.6229,-2.412,0.0079,,0.51,0
1788866986.8053684,5962889,13.25,0.999529,0.3,-0.6242,-2.5073,0.0061,,0.51,0
1788866987.84982,5962889,12.19,0.999529,0.3,-0.6241,-2.6101,0.0045,,0.51,0
1788866988.916427,5962889,11.14,0.999529,0.3,-0.624,-2.7265,0.0032,,0.51,0
1788866989.975406,5962889,10.07,0.999529,0.3,-0.624,-2.8634,0.0021,,0.51,0
1788866991.03556,5962889,9.02,0.999529,0.3,-0.6748,-3.0279,0.0012,,0.51,0
1788866992.084614,5962889,7.96,0.999529,0.3,-0.6753,-3.2167,0.0006,,0.51,0
1788866993.145057,5962889,6.9,0.999529,0.3,-0.6749,-3.448,0.0003,,0.51,0
1788866994.1954293,5962889,5.85,0.999529,0.3,-0.675,-3.7376,0.0001,,0.51,0
1788866995.2433538,5962889,4.8,0.999529,0.3,-0.6766,-4.1166,0.0,,0.51,0
1788866996.2950456,5962889,3.75,0.999529,0.3,-0.6769,-4.6353,0.0,,0.51,0
1788866997.3487685,5962889,2.7,0.999529,0.3,-0.7005,-5.4549,0.0,,0.51,0
1788866998.3950772,5962889,1.65,0.999529,0.3,-0.7005,-6.9549,0.0,,0.51,0
1788866999.4581194,5962889,1.0,0.999529,0.3,-0.7961,-8.9199,0.0,,0.51,0
1788867001.24648,5962890,299.53,1.0,0.3,-0.7949,-0.0958,0.4618,,0.48,1
1788867002.303721,5962890,297.74,1.0,0.3,0.1068,0.0124,0.505,,0.48,1
1788867003.3608294,5962890,296.69,1.0,0.3,0.1069,0.0124,0.505,,0.48,1
1788867004.4057863,5962890,295.64,1.0,0.3,0.1068,0.0124,0.505,,0.48,1
1788867005.460462,5962890,294.59,1.0,0.3,0.109,0.0127,0.5051,,0.48,1
1788867006.507294,5962890,293.54,1.0,0.3,0.109,0.0127,0.5051,,0.48,1
1788867007.5658438,5962890,292.48,1.0,0.3,0.1083,0.0126,0.505,,0.48,1
1788867008.623629,5962890,291.43,1.0,0.3,0.2046,0.0242,0.5096,,0.48,1
1788867009.6892035,5962890,290.36,1.0,0.3,0.1995,0.0236,0.5094,,0.48,1
1788867010.802169,5962890,289.3,1.0,0.3,0.1993,0.0235,0.5094,,0.47,1
1788867011.8519886,5962890,288.19,1.0,0.3,0.3499,0.0416,0.5166,,0.46,1
1788867012.9022264,5962890,287.14,0.99988,0.3,-0.05,-0.1395,0.4445,,0.36,1
1788867013.95441,5962890,286.09,0.99988,0.3,-0.0782,-0.1583,0.4371,,0.36,1
1788867015.0128512,5962890,285.04,0.99988,0.3,0.1462,-0.1316,0.4477,,0.36,1
1788867016.0873332,5962890,283.98,0.99988,0.3,0.1462,-0.1318,0.4476,,0.4,1
1788867017.2021735,5962890,282.9,0.99988,0.3,0.1472,-0.132,0.4475,,0.38,1
1788867018.2652721,5962890,281.78,0.99988,0.3,0.1489,-0.132,0.4475,,0.38,1
1788867019.313919,5962890,280.73,0.99988,0.3,0.1489,-0.1323,0.4474,,0.38,1
1788867020.3666964,5962890,279.68,0.99988,0.3,0.1489,-0.1325,0.4473,,0.38,1
1788867021.4222584,5962890,278.62,0.99988,0.3,0.1461,-0.1331,0.4471,,0.37,1
1788867022.4826581,5962890,277.56,0.99988,0.3,0.1473,-0.1332,0.447,,0.37,1
1788867023.5518067,5962890,276.51,0.99988,0.3,0.1536,-0.1176,0.4532,,0.37,1
1788867024.6088753,5962890,275.44,0.99988,0.3,0.1538,-0.1179,0.4531,,0.39,1
1788867025.6656673,5962890,274.38,0.99988,0.3,0.1227,-0.1218,0.4515,,0.4,1
1788867026.7144973,5962890,273.33,0.99988,0.3,0.1259,-0.1217,0.4516,,0.4,1
1788867027.7763386,5962890,272.27,0.99988,0.3,0.1263,-0.1219,0.4515,,0.39,1
1788867028.857115,5962890,271.21,0.99988,0.3,0.1356,-0.1211,0.4518,,0.39,1
1788867029.9107785,5962890,270.14,0.99988,0.3,0.1359,-0.1213,0.4517,,0.38,1
1788867030.9616709,5962890,269.09,0.99988,0.3,0.1361,-0.1216,0.4516,,0.38,1
1788867032.069088,5962890,268.04,0.99988,0.3,-0.7836,-0.2322,0.4082,,0.35,1
1788867033.169627,5962890,266.92,0.99988,0.3,-0.7829,-0.2324,0.4081,,0.35,1
1788867034.229774,5962890,265.82,0.99988,0.3,-0.7752,-0.2318,0.4084,,0.35,1
1788867035.2777402,5962890,264.77,0.99988,0.3,-0.785,-0.2332,0.4078,,0.35,1
1788867036.3376255,5962890,263.71,0.99988,0.3,-0.785,-0.2335,0.4077,,0.35,1
1788867037.404651,5962890,262.66,0.99988,0.3,-0.7931,-0.2347,0.4072,,0.35,1
1788867038.4650748,5962890,261.58,0.99988,0.3,-0.744,-0.2291,0.4094,,0.35,1
1788867039.515077,5962890,260.53,0.99988,0.3,-0.8076,-0.237,0.4063,,0.35,1
1788867040.571747,5962890,259.47,0.99988,0.3,-0.8076,-0.2373,0.4062,,0.35,1
1788867041.6277018,5962890,258.42,0.99988,0.3,-0.8076,-0.2376,0.4061,,0.36,1
1788867042.6816394,5962890,257.36,0.99988,0.3,-0.6427,-0.2181,0.4137,,0.37,1
1788867043.7447827,5962890,256.3,0.99988,0.3,-0.4818,-0.1991,0.4211,,0.37,1
1788867044.7910569,5962890,255.25,0.999505,0.3,-0.9554,-0.7425,0.2289,,0.23,1
1788867045.8542,5962890,254.19,0.999754,0.3,-0.6724,-0.4171,0.3383,,0.36,1
1788867046.9147496,5962890,253.14,0.999754,0.3064,-0.6724,-0.3803,0.3518,,0.36,1
1788867047.9863825,5962890,252.08,0.999754,0.3119,-0.6726,-0.376,0.3535,,0.34,1
1788867049.091138,5962890,251.0,0.999754,0.3165,-0.6692,-0.3721,0.3549,,0.35,1
1788867050.139815,5962890,249.9,0.999754,0.3205,-0.6691,-0.3693,0.356,,0.35,1
1788867051.2025244,5962890,248.84,0.999754,0.3267,-0.6691,-0.3647,0.3577,,0.35,1
1788867052.2560759,5962890,247.79,0.999754,0.3291,-0.6691,-0.3633,0.3582,,0.35,1
1788867053.3147912,5962890,246.73,0.999754,0.3312,-0.6695,-0.3622,0.3586,,0.35,1
1788867054.3779047,5962890,245.68,0.999754,0.3329,-0.6695,-0.3144,0.3766,,0.35,1
1788867055.4271936,5962890,244.62,0.999754,0.3329,-0.6695,-0.3149,0.3764,,0.35,1
1788867056.4778743,5962890,243.57,0.999754,0.3344,-0.6731,-0.3148,0.3765,,0.34,1
1788867057.534816,5962890,242.51,0.999754,0.3368,-0.6724,-0.3447,0.3652,,0.34,1
1788867058.5836842,5962890,241.46,0.999754,0.3377,-0.6756,-0.3449,0.3651,,0.34,1
1788867059.6546087,5962890,240.41,0.99966,0.3408,-0.5472,-0.4465,0.3276,,0.28,1
1788867060.7188907,5962890,239.33,0.99966,0.344,-0.547,-0.4371,0.331,,0.31,1
1788867061.7801197,5962890,238.28,0.99966,0.3466,-0.547,-0.4352,0.3317,,0.31,1
1788867062.839193,5962890,237.21,0.999595,0.3488,-0.5612,-0.5027,0.3076,,0.23,1
1788867063.8899481,5962890,236.16,0.999537,0.3511,-0.5679,-0.571,0.284,,0.21,1
1788867065.0025818,5962890,235.1,0.999537,0.3534,-0.5679,-0.5764,0.2822,,0.21,1
1788867066.0548067,5962890,233.99,0.999505,0.3569,-0.5666,-0.6092,0.2712,,0.2,1
1788867067.119727,5962890,232.93,0.999505,0.3583,-0.5669,-0.6084,0.2715,,0.2,1
1788867068.1873612,5962890,231.87,0.999505,0.3595,-0.5668,-0.6079,0.2716,,0.2,1
1788867069.2948275,5962890,230.8,0.999505,0.3606,-0.566,-0.5888,0.278,,0.2,1
1788867070.3551486,5962890,229.69,0.999604,0.3622,-0.4846,-0.4736,0.3179,,0.31,1
1788867071.4190454,5962890,228.64,0.99963,0.3637,-0.4472,-0.4392,0.3303,,0.31,1
1788867072.4715376,5962890,227.57,0.999637,0.3636,-0.4416,-0.4282,0.3343,,0.31,1
1788867073.5225325,5962890,226.52,0.999637,0.3636,-0.4412,-0.421,0.3369,,0.31,1
1788867074.5748441,5962890,225.47,0.999637,0.3635,-0.4065,-0.4103,0.3408,,0.31,1
1788867075.646146,5962890,224.42,0.999637,0.3635,0.1631,-0.3429,0.3658,,0.31,1
1788867076.7428164,5962890,223.34,0.999637,0.3635,-0.0285,-0.3628,0.3584,,0.31,1
1788867077.806256,5962890,222.24,0.999754,0.3634,0.0595,-0.2318,0.4083,,0.38,1
1788867078.859937,5962890,221.19,0.999754,0.365,0.0597,-0.2166,0.4142,,0.38,1
1788867079.9158242,5962890,220.14,0.999754,0.3663,0.0565,-0.2167,0.4142,,0.37,1
1788867081.0128334,5962890,219.08,0.999754,0.3675,0.0565,-0.2258,0.4107,,0.35,1
1788867082.0630884,5962890,217.98,0.999754,0.3693,0.0694,-0.2309,0.4087,,0.34,1
1788867083.1123426,5962890,216.93,0.999754,0.37,0.0692,-0.2311,0.4086,,0.33,1
1788867084.15981,5962890,215.88,0.999754,0.37,0.0755,-0.231,0.4087,,0.33,1
1788867085.2190957,5962890,214.83,0.999754,0.3706,0.0777,-0.2309,0.4087,,0.33,1
1788867086.2702332,5962890,213.78,0.999754,0.3715,0.0777,-0.2309,0.4087,,0.33,1
1788867087.3304574,5962890,212.71,0.999754,0.3719,0.0785,-0.2312,0.4086,,0.33,1
1788867088.3959973,5962890,211.66,0.999754,0.3722,0.0812,-0.246,0.4029,,0.33,1
1788867089.4452534,5962890,210.6,0.999754,0.3724,0.4039,-0.2077,0.4177,,0.33,1
1788867090.4907525,5962890,209.55,0.999754,0.3727,0.3262,-0.2175,0.4139,,0.33,1
1788867091.545489,5962890,208.5,0.999754,0.3727,0.3262,-0.2182,0.4137,,0.33,1
1788867092.5972066,5962890,207.45,0.999754,0.373,0.3258,-0.2186,0.4135,,0.33,1
1788867093.6519406,5962890,206.4,0.999754,0.3732,0.9289,-0.1468,0.4416,,0.33,1
1788867094.6999369,5962890,205.35,0.999754,0.3733,0.9295,-0.1473,0.4414,,0.35,1
1788867095.753352,5962890,204.29,0.999754,0.3734,0.9615,-0.1441,0.4427,,0.35,1
1788867096.8526533,5962890,203.24,0.999754,0.3735,0.9756,-0.143,0.4432,,0.35,1
1788867097.911227,5962890,202.14,0.999754,0.3735,0.9757,-0.1436,0.4429,,0.35,1
1788867098.9650216,5962890,201.09,0.999754,0.3736,0.9752,-0.1443,0.4426,,0.35,1
1788867100.024192,5962890,200.02,0.999754,0.3736,0.9744,-0.1451,0.4423,,0.35,1
1788867101.0931582,5962890,198.97,0.999754,0.3737,0.9493,-0.1487,0.4409,,0.35,1
1788867102.143007,5962890,197.9,0.999783,0.3739,0.939,-0.116,0.4538,,0.38,1
1788867103.1946356,5962890,196.85,0.999783,0.3628,0.939,-0.1237,0.4508,,0.37,1
1788867104.2458327,5962890,195.8,0.999783,0.3534,0.9243,-0.1325,0.4473,,0.34,1
1788867105.2927086,5962890,194.75,0.999783,0.3454,0.9218,-0.1392,0.4447,,0.34,1
1788867106.3420002,5962890,193.7,0.999783,0.3386,0.9253,-0.1445,0.4425,,0.34,1
1788867107.3979993,5962890,192.65,0.999783,0.3328,0.9268,-0.1496,0.4406,,0.34,1
1788867108.4564986,5962890,191.59,0.999783,0.3279,0.9031,-0.1571,0.4376,,0.34,1
1788867109.5047724,5962890,190.54,0.999783,0.3279,0.9031,-0.1578,0.4373,,0.34,1
1788867110.5609226,5962890,189.48,0.999783,0.3201,0.9016,-0.1653,0.4344,,0.34,1
1788867111.6176162,5962890,188.43,0.999783,0.3171,0.9016,-0.1687,0.433,,0.33,1
1788867112.7206733,5962890,187.37,0.999783,0.3145,0.9073,-0.1747,0.4307,,0.32,1
1788867113.77673,5962890,186.28,0.999783,0.3124,0.899,-0.1785,0.4292,,0.32,1
1788867114.8234806,5962890,185.22,0.999936,0.3105,0.9378,0.027,0.5108,,0.34,1
1788867115.8726695,5962890,184.17,1.0,0.3089,0.9408,0.1332,0.553,,0.51,1
1788867116.93263,5962890,183.11,1.0,0.3076,0.9485,0.1408,0.556,,0.52,1
1788867117.9837103,5962890,182.06,1.0,0.3065,0.9497,0.1409,0.556,,0.51,1
1788867119.0329628,5962890,181.01,1.0,0.3055,0.9209,0.1375,0.5547,,0.51,1
1788867120.0806732,5962890,179.96,1.0,0.304,0.9205,0.1374,0.5547,,0.5,1
1788867121.1701832,5962890,178.91,1.000131,0.3034,0.9311,0.336,0.6316,,0.55,1
1788867122.218467,5962890,177.83,1.00014,0.3029,0.9319,0.3509,0.6372,,0.6,1
1788867123.29322,5962890,176.78,1.000344,0.3024,0.9553,0.6484,0.7416,,0.69,1
1788867124.3517904,5962890,175.69,1.000344,0.3021,0.9553,0.6671,0.7476,,0.68,1
1788867125.4074214,5962890,174.64,1.00042,0.3018,0.9502,0.7556,0.775,,0.76,1
1788867126.4701896,5962890,173.59,1.00042,0.3015,0.9511,0.7609,0.7766,,0.74,1
1788867127.5242014,5962890,172.52,1.00042,0.3013,0.9511,0.7632,0.7773,,0.74,1
1788867128.6329913,5962890,171.47,1.00042,0.3011,0.9512,0.7654,0.778,,0.74,1
1788867129.6850648,5962890,170.36,1.00042,0.3009,0.9503,0.7676,0.7786,,0.74,1
1788867130.735325,5962890,169.31,1.00042,0.3008,0.9503,0.7697,0.7793,,0.74,1
1788867131.802183,5962890,168.25,1.00042,0.3007,0.9557,0.7561,0.7752,,0.76,1
1788867132.861628,5962890,167.18,1.00042,0.3006,0.9533,0.7568,0.7754,,0.76,1
1788867133.9119124,5962890,166.13,1.00042,0.3005,0.9524,0.7497,0.7733,,0.77,1
1788867134.9659576,5962890,165.08,1.00042,0.3004,0.9571,0.7358,0.7691,,0.77,1
1788867136.0364149,5962890,164.02,1.00042,0.3003,0.954,0.7375,0.7696,,0.77,1
1788867137.1084678,5962890,162.96,1.00042,0.3003,0.8909,0.7225,0.765,,0.77,1
1788867138.156228,5962890,161.89,1.00042,0.3002,0.8914,0.7247,0.7657,,0.78,1
1788867139.21206,5962890,160.84,1.00042,0.3002,0.8915,0.7268,0.7663,,0.78,1
1788867140.2727752,5962890,159.77,1.00042,0.3002,0.8925,0.7291,0.767,,0.77,1
1788867141.3258,5962890,158.72,1.00042,0.3001,0.8926,0.7312,0.7677,,0.78,1
1788867142.373884,5962890,157.67,1.00042,0.3001,0.891,0.7331,0.7683,,0.78,1
1788867143.423163,5962890,156.62,1.00042,0.3001,0.8905,0.7352,0.7689,,0.78,1
1788867144.5241482,5962890,155.57,1.00042,0.3001,0.8907,0.7373,0.7695,,0.78,1
1788867145.575989,5962890,154.47,1.00042,0.3001,0.835,0.7329,0.7682,,0.78,1
1788867146.6439803,5962890,153.41,1.00042,0.3001,0.8343,0.7351,0.7688,,0.79,1
1788867147.7011075,5962890,152.34,1.00042,0.3,0.8198,0.7356,0.769,,0.78,1
1788867148.748361,5962890,151.3,1.00042,0.3,0.8369,0.7398,0.7703,,0.78,1
1788867149.8057327,5962890,150.24,1.00042,0.3,0.8369,0.7421,0.771,,0.78,1
1788867150.8548982,5962890,149.19,1.00042,0.3,0.8341,0.744,0.7716,,0.78,1
1788867151.9032645,5962890,148.14,1.00042,0.3,0.8341,0.7463,0.7723,,0.78,1
1788867152.960463,5962890,147.09,1.00042,0.3,0.8341,0.7486,0.773,,0.81,1
1788867154.017773,5962890,146.03,1.000445,0.3,0.7922,0.7841,0.7835,,0.81,1
1788867155.0764558,5962890,144.98,1.000532,0.3,0.8079,0.9382,0.8259,,0.86,1
1788867156.1356587,5962890,143.91,1.000532,0.3,0.7466,0.9339,0.8248,,0.86,1
1788867157.2248023,5962890,142.85,1.000532,0.3,0.8632,0.951,0.8292,,0.86,1
1788867158.2758744,5962890,141.77,1.000532,0.3,0.902,0.9589,0.8312,,0.86,1
1788867159.3314795,5962890,140.71,1.000532,0.3,0.8948,0.9611,0.8318,,0.86,1
1788867160.4374716,5962890,139.66,1.000532,0.3,0.891,0.9638,0.8324,,0.86,1
1788867161.4976575,5962890,138.55,1.000532,0.3,0.8875,0.9668,0.8332,,0.86,1
1788867162.5605779,5962890,137.49,1.000532,0.3,0.8875,0.97,0.834,,0.85,1
1788867163.6207337,5962890,136.42,1.000532,0.3,0.8875,0.9734,0.8348,,0.85,1
1788867164.6738923,5962890,135.37,1.000532,0.3,0.8726,0.9718,0.8344,,0.85,1
1788867165.7303388,5962890,134.32,1.000532,0.3,0.8726,0.9642,0.8325,,0.85,1
1788867166.787838,5962890,133.26,1.000532,0.3,0.8763,0.9683,0.8335,,0.86,1
1788867167.8517525,5962890,132.21,1.000532,0.3,0.9363,0.9789,0.8362,,0.87,1
1788867168.9168909,5962890,131.14,1.000532,0.3,0.9363,0.9824,0.8371,,0.87,1
1788867169.9689274,5962890,130.08,1.000532,0.3,0.9357,0.9859,0.8379,,0.88,1
1788867171.031737,5962890,129.01,1.000532,0.3,0.9404,0.9901,0.8389,,0.88,1
1788867172.08058,5962890,127.97,1.000532,0.3,0.9404,0.9937,0.8398,,0.88,1
1788867173.1288009,5962890,126.92,1.000532,0.3,0.9404,0.9973,0.8407,,0.88,1
1788867174.1744993,5962890,125.87,1.000532,0.3,0.9378,1.0007,0.8415,,0.88,1
1788867175.2260165,5962890,124.82,1.000532,0.3,0.9378,1.0044,0.8424,,0.88,1
1788867176.322127,5962890,123.77,1.000421,0.3,0.4972,0.7532,0.7743,,0.78,1
1788867177.3719537,5962890,122.67,1.000421,0.3,0.4972,0.7563,0.7753,,0.81,1
1788867178.4249268,5962890,121.62,1.000421,0.3,0.4965,0.7593,0.7762,,0.82,1
1788867179.4818256,5962890,120.56,1.000475,0.3,0.4945,0.8592,0.8049,,0.88,1
1788867180.5415068,5962890,119.51,1.000532,0.3,0.5078,0.9724,0.8346,,0.9,1
1788867181.5926118,5962890,118.45,1.000532,0.3,0.5078,0.9764,0.8356,,0.9,1
1788867182.6533873,5962890,117.4,1.000532,0.3,0.5083,0.9806,0.8366,,0.9,1
1788867183.7222786,5962890,116.33,1.000533,0.3,0.544,0.9893,0.8387,,0.9,1
1788867184.7766006,5962890,115.27,1.000533,0.3,0.544,0.9936,0.8398,,0.9,1
1788867185.8434043,5962890,114.22,1.000533,0.3,0.4706,0.989,0.8387,,0.9,1
1788867186.9025054,5962890,113.15,1.000533,0.3,0.4706,1.0075,0.8431,,0.9,1
1788867187.9553964,5962890,112.09,1.000533,0.3,0.4706,1.0119,0.8442,,0.87,1
1788867189.0032501,5962890,111.04,1.000533,0.3,0.0274,0.9631,0.8323,,0.87,1
1788867190.051425,5962890,109.99,1.000533,0.3,-0.1945,0.9363,0.8255,,0.87,1
1788867191.1011398,5962890,108.94,1.000501,0.3,-0.3182,0.8597,0.805,,0.87,1
1788867192.198061,5962890,107.89,1.00042,0.3,-0.343,0.7024,0.7588,,0.81,1
1788867193.2576072,5962890,106.79,1.00042,0.3,-0.3432,0.7063,0.76,,0.82,1
1788867194.3079875,5962890,105.74,1.00042,0.3,-0.3633,0.7076,0.7604,,0.82,1
1788867195.365313,5962890,104.68,1.00042,0.3,-0.3289,0.7156,0.7629,,0.83,1
1788867196.4186788,5962890,103.63,1.00042,0.3,-0.3334,0.719,0.7639,,0.84,1
1788867197.4815388,5962890,102.57,1.00042,0.3,-0.3398,0.7222,0.7649,,0.84,1
1788867198.5362947,5962890,101.51,1.00042,0.3,-0.3387,0.7264,0.7662,,0.84,1
1788867199.583935,5962890,100.46,1.00042,0.3,-0.3472,0.7294,0.7671,,0.82,1
1788867200.6377811,5962890,99.41,1.00042,0.3,-0.3331,0.7353,0.7689,,0.82,1
1788867201.6911857,5962890,98.35,1.00042,0.3,-0.3336,0.7394,0.7702,,0.82,1
1788867202.743061,5962890,97.3,1.00042,0.3,-0.2931,0.7626,0.7772,,0.83,1
1788867203.7995317,5962890,96.25,1.00042,0.3,-0.2931,0.767,0.7785,,0.85,1
1788867204.864753,5962890,95.19,1.00042,0.3,-0.4111,0.7573,0.7756,,0.86,1
1788867205.9274623,5962890,94.12,1.00042,0.3,-0.2523,0.7809,0.7826,,0.86,1
1788867206.9795558,5962890,93.07,1.00042,0.3,-0.2604,0.7845,0.7836,,0.86,1
1788867208.0781932,5962890,92.01,1.00042,0.3,-0.2323,0.7926,0.786,,0.87,1
1788867209.1365325,5962890,90.91,1.00042,0.3,-0.2225,0.7987,0.7878,,0.9,1
1788867210.1861749,5962890,89.86,1.00042,0.3,-0.2576,0.7993,0.7879,,0.9,1
1788867211.234053,5962890,88.81,1.00042,0.3,-0.2382,0.8065,0.79,,0.9,1
1788867212.2843404,5962890,87.76,1.00042,0.3,-0.2423,0.811,0.7913,,0.91,1
1788867213.3307133,5962890,86.71,1.00042,0.3,-0.2402,0.8163,0.7928,,0.91,1
1788867214.3871841,5962890,85.66,1.00042,0.3,-0.4651,0.7945,0.7866,,0.9,1
1788867215.4341989,5962890,84.61,1.00042,0.3,-0.4963,0.796,0.787,,0.91,1
1788867216.484116,5962890,83.56,1.00042,0.3,-0.4963,0.8014,0.7885,,0.91,1
1788867217.53795,5962890,82.51,1.00042,0.3,-0.4969,0.8068,0.7901,,0.92,1
1788867218.589924,5962890,81.46,1.00042,0.3,-0.4969,0.8124,0.7917,,0.92,1
1788867219.6554835,5962890,80.39,1.00042,0.3,-0.5227,0.815,0.7925,,0.91,1
1788867220.7163174,5962890,79.33,1.00042,0.3,-0.4299,0.832,0.7973,,0.91,1
1788867221.7625198,5962890,78.28,1.00042,0.3,-0.2632,0.8579,0.8045,,0.91,1
1788867222.8311312,5962890,77.24,1.00042,0.3,-0.2709,0.863,0.8059,,0.92,1
1788867223.9260426,5962890,76.16,1.00042,0.3,-0.233,0.8739,0.8089,,0.92,1
1788867224.9924965,5962890,75.06,1.00042,0.3,-0.2254,0.8813,0.8109,,0.9,1
1788867226.0459552,5962890,74.0,1.00042,0.3,-0.2772,0.8816,0.811,,0.9,1
1788867227.093469,5962890,72.95,1.00042,0.3,-0.2742,0.8886,0.8129,,0.91,1
1788867228.1448677,5962890,71.9,1.00042,0.3,-0.2755,0.8951,0.8146,,0.89,1
1788867229.194858,5962890,70.85,1.00042,0.3,-0.2291,0.9075,0.8179,,0.92,1
1788867230.2464094,5962890,69.8,1.00042,0.3,-0.2286,0.9146,0.8198,,0.92,1
1788867231.3127606,5962890,68.74,1.00042,0.3,-0.2532,0.9189,0.8209,,0.92,1
1788867232.3625908,5962890,67.68,1.00042,0.3,-0.2523,0.9264,0.8229,,0.93,1
1788867233.4146252,5962890,66.63,1.00042,0.3,-0.2523,0.9339,0.8248,,0.93,1
1788867234.4665604,5962890,65.58,1.00042,0.3,-0.5365,0.9075,0.8179,,0.94,1
1788867235.5197875,5962890,64.53,1.00042,0.3,-0.3116,0.9424,0.827,,0.94,1
1788867236.5773582,5962890,63.47,1.00042,0.3,-0.2752,0.9549,0.8302,,0.94,1
1788867237.650869,5962890,62.42,1.00042,0.3,-0.2384,0.9676,0.8334,,0.95,1
1788867238.7072988,5962890,61.34,1.00042,0.3,-0.4245,0.954,0.83,,0.95,1
1788867239.802903,5962890,60.29,1.00042,0.3,-0.431,0.9619,0.832,,0.95,1
1788867240.8564925,5962890,59.19,1.00042,0.3,-0.5249,0.96,0.8315,,0.95,1
1788867241.909267,5962890,58.14,1.00042,0.3,-0.5249,0.9693,0.8338,,0.95,1
1788867242.9569807,5962890,57.09,1.00042,0.3,-0.6605,0.9624,0.8321,,0.96,1
1788867244.0197697,5962890,56.03,1.00042,0.3,-0.5584,0.9845,0.8376,,0.96,1
1788867245.081502,5962890,54.96,1.00042,0.3,-0.5597,0.9945,0.84,,0.97,1
1788867246.1344035,5962890,53.91,1.00042,0.3,-0.3331,1.032,0.849,,0.98,1
1788867247.186958,5962890,52.86,1.00042,0.3,-0.3331,1.0426,0.8514,,0.98,1
1788867248.2402813,5962890,51.8,1.00042,0.3,-0.326,1.0544,0.8542,,0.98,1
1788867249.296225,5962890,50.75,1.00042,0.3,-0.3224,1.0662,0.8568,,0.98,1
1788867250.3513625,5962890,49.7,1.00042,0.3,-0.2472,1.0869,0.8614,,0.99,1
1788867251.4112918,5962890,48.64,1.00042,0.3,-0.1241,1.1137,0.8673,,0.99,1
1788867252.4755185,5962890,47.59,1.00042,0.3,-0.1036,1.1286,0.8705,,0.99,1
1788867253.5347543,5962890,46.51,1.00042,0.3,-0.1537,1.1357,0.8719,,0.99,1
1788867254.5914001,5962890,45.45,1.00042,0.3,-0.2009,1.1434,0.8736,,0.99,1
1788867255.7081504,5962890,44.4,1.00042,0.3,-0.2208,1.1547,0.8759,,0.99,1
1788867256.7679155,5962890,43.28,1.00042,0.3,-0.1965,1.1729,0.8796,,0.99,1
1788867257.823576,5962890,42.22,1.00042,0.3,-0.1964,1.1877,0.8825,,0.99,1
1788867258.8713634,5962890,41.17,1.00042,0.3,-0.3245,1.1878,0.8825,,0.99,1
1788867259.9230936,5962890,40.12,1.00042,0.3,-0.3245,1.2038,0.8857,,0.51,1
1788867260.9796333,5962890,39.07,1.000395,0.3,-0.917,1.0728,0.8583,,0.51,1
1788867262.0281038,5962890,38.02,1.000395,0.3,-0.917,1.086,0.8613,,0.51,1
1788867263.0798423,5962890,36.97,1.000395,0.3,-0.9191,1.1026,0.8649,,0.51,1
1788867264.1361902,5962890,35.92,1.000395,0.3,-0.9192,1.1203,0.8687,,0.51,1
1788867265.1945431,5962890,34.85,1.000395,0.3,-0.9174,1.1392,0.8727,,0.51,1
1788867266.2518709,5962890,33.79,1.000395,0.3,-0.9174,1.1587,0.8767,,0.51,1
1788867267.305867,5962890,32.74,1.000395,0.3,-0.923,1.1784,0.8807,,0.51,1
1788867268.3570058,5962890,31.69,1.000395,0.3,-0.9074,1.2014,0.8852,,0.51,1
1788867269.415628,5962890,30.63,1.000395,0.3,-0.915,1.223,0.8893,,0.51,1
1788867270.4688566,5962890,29.58,1.000395,0.3,-0.915,1.2465,0.8937,,0.51,1
1788867271.5166807,5962890,28.53,1.000395,0.3,-0.9157,1.2745,0.8988,,0.51,1
1788867272.567499,5962890,27.48,1.000395,0.3,-0.9157,1.3007,0.9033,,0.51,1
1788867273.6229036,5962890,26.42,1.000395,0.3,-0.9485,1.3247,0.9074,,0.51,1
1788867274.6683648,5962890,25.38,1.000395,0.3,-0.9484,1.3541,0.9121,,0.51,1
1788867275.7283998,5962890,24.32,1.000395,0.3,-0.9458,1.386,0.9171,,0.51,1
1788867276.779854,5962890,23.27,1.000395,0.3,-0.9458,1.4195,0.9221,,0.51,1
1788867277.8339424,5962890,22.21,1.000395,0.3,-0.9458,1.4556,0.9272,,0.51,1
1788867278.8800778,5962890,21.17,1.000395,0.3,-0.9325,1.4954,0.9326,,0.51,1
1788867279.9378135,5962890,20.11,1.000395,0.3,-0.9246,1.5381,0.938,,0.51,1
1788867280.9968443,5962890,19.05,1.00042,0.3,-0.8709,1.6986,0.9553,,0.51,1
1788867282.047283,5962890,18.0,1.00042,0.3,-0.7225,1.772,0.9618,,0.51,1
1788867283.0999277,5962890,16.95,1.00042,0.3,-0.729,1.828,0.9662,,0.51,1
1788867284.1657996,5962890,15.89,1.00042,0.3,-0.729,1.8902,0.9706,,0.51,1
1788867285.22523,5962890,14.82,1.00042,0.3,-0.7231,1.9613,0.9751,,0.51,1
1788867286.2794347,5962890,13.76,1.00042,0.3,-0.7222,2.0383,0.9792,,0.51,1
1788867287.3309994,5962890,12.71,1.00042,0.3,-0.7222,2.1243,0.9832,,0.51,1
1788867288.397319,5962890,11.66,1.00042,0.3,-0.7254,2.2219,0.9869,,0.51,1
1788867289.4583583,5962890,10.59,1.00042,0.3,-0.7254,2.3355,0.9902,,0.51,1
1788867290.5131075,5962890,9.53,1.00042,0.3,-0.7156,2.4672,0.9932,,0.51,1
1788867291.5701764,5962890,8.48,1.00042,0.3,0.6849,2.7858,0.9973,,0.51,1
1788867292.6377199,5962890,7.42,1.00042,0.3,0.6788,2.9719,0.9985,,0.51,1
1788867293.704999,5962890,6.35,1.00042,0.3,0.6874,3.2066,0.9993,,0.51,1
1788867294.7665498,5962890,5.28,1.00042,0.3,0.6387,3.5025,0.9998,,0.51,1
1788867295.8163955,5962890,4.23,1.00042,0.3,0.6665,3.9084,1.0,,0.51,1
1788867296.876812,5962890,3.18,1.000454,0.3,0.7617,4.8614,1.0,,0.51,1
1788867297.9229717,5962890,2.12,1.000499,0.3,0.7677,6.5128,1.0,,0.51,1
1788867298.977738,5962890,1.07,1.000499,0.3,0.7666,9.1555,1.0,,0.51,1
1788867300.0374756,5962890,1.0,1.00042,0.3,-0.0763,7.8706,1.0,,0.51,1
1788867301.4805105,5962891,298.96,0.999921,0.3,-0.0805,-0.0956,0.4619,,0.5,0
1788867302.5414858,5962891,297.51,0.999798,0.3,-0.3413,-0.2764,0.3911,,0.44,0
1788867303.597426,5962891,296.45,0.999798,0.3,-0.3167,-0.2738,0.3921,,0.44,0
1788867304.6590197,5962891,295.4,0.999798,0.3,-0.3166,-0.2742,0.392,,0.44,0
1788867305.707999,5962891,294.34,0.999798,0.3,-0.3186,-0.2748,0.3917,,0.45,0
1788867306.7704835,5962891,293.28,0.999798,0.3,-0.3187,-0.2752,0.3916,,0.45,0
1788867307.815999,5962891,292.23,0.999798,0.3,-0.3188,-0.2799,0.3898,,0.45,0
1788867308.8673193,5962891,291.17,0.999798,0.3,-0.3361,-0.288,0.3867,,0.45,0
1788867309.9212787,5962891,290.13,0.999798,0.3,-0.3413,-0.289,0.3863,,0.45,0
1788867310.9713402,5962891,289.07,0.999798,0.3,-0.3811,-0.2843,0.3881,,0.45,0
1788867312.018212,5962891,288.03,0.999798,0.3,-0.277,-0.2722,0.3927,,0.5,0
1788867313.066305,5962891,286.98,0.999843,0.3,-0.3513,-0.2107,0.4166,,0.5,0
1788867314.1148937,5962891,285.93,0.999843,0.3,-0.3571,-0.2117,0.4162,,0.5,0
1788867315.1675866,5962891,284.88,0.999843,0.3,-0.3548,-0.2118,0.4161,,0.47,0
1788867316.2358856,5962891,283.82,0.999843,0.3,-0.3546,-0.2121,0.416,,0.47,0
1788867317.3384717,5962891,282.75,0.999843,0.3,-0.3686,-0.2141,0.4152,,0.47,0
1788867318.3856683,5962891,281.66,0.999843,0.3,-0.3513,-0.2123,0.4159,,0.47,0
1788867319.4411423,5962891,280.61,0.999843,0.3,-0.3515,-0.2127,0.4158,,0.47,0
1788867320.4881866,5962891,279.56,0.999843,0.3,-0.3549,-0.2134,0.4155,,0.47,0
1788867321.5445056,5962891,278.5,0.999843,0.3,-0.3549,-0.2138,0.4154,,0.47,0
1788867322.6013267,5962891,277.44,0.999843,0.3,-0.3542,-0.214,0.4153,,0.47,0
1788867323.667833,5962891,276.39,0.999843,0.3,-0.3545,-0.22,0.4129,,0.48,0
1788867324.730136,5962891,275.32,0.999843,0.3,-0.3516,-0.22,0.4129,,0.48,0
1788867325.7907817,5962891,274.26,0.999843,0.3,-0.3543,-0.2207,0.4127,,0.48,0
1788867326.8431783,5962891,273.2,0.999843,0.3,-0.3499,-0.2205,0.4127,,0.48,0
1788867327.8975177,5962891,272.15,0.999843,0.3,-0.6369,-0.2553,0.3993,,0.48,0
1788867328.943594,5962891,271.1,0.999843,0.3,-0.62,-0.2536,0.3999,,0.48,0
1788867330.0017269,5962891,270.04,0.999843,0.3,-0.622,-0.2542,0.3997,,0.48,0
1788867331.0536075,5962891,268.99,0.999843,0.3,-0.3649,-0.2237,0.4115,,0.48,0
1788867332.112494,5962891,267.93,0.999843,0.3,-0.3599,-0.2234,0.4116,,0.48,0
1788867333.250177,5962891,266.88,0.999843,0.3,0.4899,-0.1218,0.4515,,0.48,0
1788867334.3106856,5962891,265.74,0.999843,0.3,0.4697,-0.1246,0.4504,,0.48,0
1788867335.3634033,5962891,264.69,0.999843,0.3,0.4373,-0.1289,0.4487,,0.48,0
1788867336.4088984,5962891,263.64,0.999843,0.3,0.4393,-0.129,0.4487,,0.48,0
1788867337.4651766,5962891,262.58,0.999843,0.3,0.4427,-0.1289,0.4487,,0.48,0
1788867338.5227299,5962891,261.52,0.999843,0.3,0.4443,-0.1291,0.4486,,0.48,0
1788867339.5882363,5962891,260.47,0.999843,0.3,0.4045,-0.1343,0.4466,,0.47,0
1788867340.6529512,5962891,259.41,0.999843,0.3,0.4045,-0.1346,0.4465,,0.47,0
1788867341.7040718,5962891,258.34,0.999843,0.3,0.4087,-0.1345,0.4465,,0.46,0
1788867342.7667553,5962891,257.28,0.999843,0.3,-0.1133,-0.1975,0.4217,,0.46,0
1788867343.852023,5962891,256.22,0.999843,0.3,-0.1071,-0.1972,0.4219,,0.46,0
1788867344.912174,5962891,255.14,0.999843,0.3,-0.0373,-0.1892,0.425,,0.44,0
1788867345.9623275,5962891,254.08,0.999843,0.3,-0.0742,-0.194,0.4231,,0.44,0
1788867347.0178297,5962891,253.03,0.999843,0.3,0.1491,-0.1676,0.4335,,0.44,0
1788867348.0748022,5962891,251.98,0.999843,0.3,0.1475,-0.1681,0.4332,,0.43,0
1788867349.1675909,5962891,250.92,0.999843,0.3,0.1475,-0.1685,0.4331,,0.43,0
1788867350.220833,5962891,249.82,0.999843,0.3,-0.0195,-0.189,0.4251,,0.44,0
1788867351.2771635,5962891,248.77,0.999843,0.3,0.0319,-0.1832,0.4273,,0.44,0
1788867352.3236847,5962891,247.72,0.999843,0.3,0.0311,-0.1837,0.4271,,0.44,0
1788867353.3781686,5962891,246.67,0.999843,0.3,0.2202,-0.1614,0.4359,,0.44,0
1788867354.4258013,5962891,245.62,0.999843,0.3,0.2273,-0.161,0.4361,,0.44,0
1788867355.4866972,5962891,244.56,0.999843,0.3,0.2273,-0.1614,0.4359,,0.44,0
1788867356.5388572,5962891,243.51,0.999843,0.3,0.3651,-0.1452,0.4423,,0.44,0
1788867357.590374,5962891,242.45,0.999843,0.3,0.3687,-0.1452,0.4423,,0.44,0
1788867358.6446126,5962891,241.41,0.999843,0.3,0.1724,-0.1692,0.4328,,0.44,0
1788867359.7006624,5962891,240.34,0.999843,0.3,0.1729,-0.1695,0.4327,,0.41,0
1788867360.7528336,5962891,239.29,0.999843,0.3,0.1729,-0.1699,0.4325,,0.41,0
1788867361.7969723,5962891,238.25,0.999843,0.3,0.2808,-0.1574,0.4375,,0.46,0
1788867362.883282,5962891,237.19,0.999843,0.3,0.2754,-0.1585,0.437,,0.45,0
1788867363.933665,5962891,236.11,0.999843,0.3,0.2754,-0.1589,0.4369,,0.44,0
1788867365.0435066,5962891,235.06,0.999843,0.3,-0.2067,-0.2172,0.414,,0.44,0
1788867366.0980072,5962891,233.95,0.999843,0.3,-0.1417,-0.2098,0.4169,,0.44,0
1788867367.1549978,5962891,232.89,0.999843,0.3,0.0414,-0.1883,0.4253,,0.43,0
1788867368.2216368,5962891,231.84,0.999843,0.3,0.0414,-0.1887,0.4251,,0.44,0
1788867369.2692177,5962891,230.77,0.999843,0.3,0.0402,-0.1893,0.4249,,0.44,0
1788867370.3289673,5962891,229.72,0.999843,0.3,0.0402,-0.1898,0.4247,,0.44,0
1788867371.380877,5962891,228.67,0.999843,0.3,0.1691,-0.1747,0.4306,,0.44,0
1788867372.4317365,5962891,227.61,0.999843,0.3,0.1691,-0.1752,0.4305,,0.44,0
1788867373.478758,5962891,226.57,0.999843,0.3,0.2724,-0.1633,0.4352,,0.44,0
1788867374.534395,5962891,225.52,0.999843,0.3,0.3441,-0.1551,0.4384,,0.44,0
1788867375.5950015,5962891,224.45,0.999843,0.3,0.4348,-0.1447,0.4425,,0.42,0
1788867376.6513433,5962891,223.4,0.999843,0.3,0.4322,-0.1455,0.4422,,0.42,0
1788867377.711302,5962891,222.34,0.999843,0.3,0.4635,-0.1422,0.4435,,0.42,0
1788867378.7681403,5962891,221.28,0.999843,0.3,0.4698,-0.1419,0.4436,,0.41,0
1788867379.8184419,5962891,220.23,0.999843,0.3,0.4814,-0.141,0.4439,,0.41,0
1788867380.9644098,5962891,219.17,0.999843,0.3,0.5228,-0.1365,0.4457,,0.41,0
1788867382.0150225,5962891,218.03,0.999843,0.3,0.5228,-0.137,0.4455,,0.42,0
1788867383.065827,5962891,216.98,0.999843,0.3,0.513,-0.1386,0.4449,,0.42,0
1788867384.1260052,5962891,215.93,0.999843,0.3,0.5123,-0.1392,0.4446,,0.42,0
1788867385.1798253,5962891,214.86,0.999843,0.3,0.3385,-0.1606,0.4362,,0.42,0
1788867386.2252572,5962891,213.82,0.999843,0.3,0.2694,-0.1694,0.4328,,0.43,0
1788867387.2737112,5962891,212.77,0.999843,0.3,0.2362,-0.1738,0.431,,0.43,0
1788867388.3286712,5962891,211.72,0.999843,0.3,0.2362,-0.1743,0.4308,,0.44,0
1788867389.405996,5962891,210.66,0.999843,0.3,0.0081,-0.2022,0.4199,,0.5,0
1788867390.4650838,5962891,209.58,0.999843,0.3,-0.1281,-0.2191,0.4133,,0.5,0
1788867391.509673,5962891,208.53,0.999843,0.3,-0.1276,-0.2195,0.4131,,0.48,0
1788867392.555328,5962891,207.49,0.999843,0.3,-0.1298,-0.2203,0.4128,,0.47,0
1788867393.6175692,5962891,206.43,0.999843,0.3,-0.1168,-0.2193,0.4132,,0.47,0
1788867394.6839294,5962891,205.37,0.999843,0.3,0.093,-0.1946,0.4228,,0.47,0
1788867395.7454703,5962891,204.3,0.999843,0.3,0.2342,-0.1782,0.4293,,0.47,0
1788867396.848394,5962891,203.24,0.999843,0.3,0.5566,-0.14,0.4443,,0.47,0
1788867397.902623,5962891,202.14,0.999843,0.3,0.5451,-0.142,0.4435,,0.47,0
1788867398.9565823,5962891,201.09,0.999843,0.3,0.564,-0.1403,0.4442,,0.47,0
1788867400.0098836,5962891,200.04,0.999853,0.3,0.707,-0.1108,0.4559,,0.51,0
1788867401.0617266,5962891,198.99,0.999858,0.3,0.6802,-0.1062,0.4577,,0.51,0
1788867402.118379,5962891,197.93,0.999858,0.3,0.6806,-0.106,0.4578,,0.51,0
1788867403.165181,5962891,196.88,0.999858,0.3,0.6806,-0.1065,0.4576,,0.51,0
1788867404.229035,5962891,195.82,0.999858,0.3,0.6611,-0.1094,0.4565,,0.51,0
1788867405.2744372,5962891,194.77,0.999858,0.3,0.2341,-0.1611,0.436,,0.49,0
1788867406.328194,5962891,193.72,0.999858,0.3,0.2376,-0.1612,0.436,,0.49,0
1788867407.3808746,5962891,192.66,0.999858,0.3,0.2376,-0.1617,0.4358,,0.48,0
1788867408.7195444,5962891,191.61,0.999858,0.3,0.2433,-0.1616,0.4358,,0.48,0
1788867409.8008506,5962891,190.26,0.999858,0.3,0.2415,-0.1625,0.4355,,0.49,0
1788867410.8542812,5962891,189.19,0.999858,0.3,0.2874,-0.1587,0.4369,,0.5,0
1788867411.9726884,5962891,188.13,0.999896,0.3,0.4639,-0.0873,0.4652,,0.56,0
1788867413.0224822,5962891,187.02,0.999921,0.3,0.4656,-0.0446,0.4822,,0.61,0
1788867414.069856,5962891,185.98,0.999921,0.3,0.4476,-0.0471,0.4812,,0.61,0
1788867415.1279244,5962891,184.92,0.999921,0.3,0.4474,-0.0474,0.4811,,0.61,0
1788867416.174471,5962891,183.87,0.999921,0.3,0.4517,-0.047,0.4812,,0.61,0
1788867417.226717,5962891,182.82,0.999921,0.3,0.4151,-0.0517,0.4794,,0.55,0
1788867418.28452,5962891,181.77,0.999921,0.3,0.4141,-0.0522,0.4792,,0.55,0
1788867419.338864,5962891,180.71,0.999921,0.3,0.5024,-0.0419,0.4833,,0.55,0
1788867420.3893492,5962891,179.65,0.999921,0.3,0.5282,-0.0391,0.4844,,0.55,0
1788867421.4634607,5962891,178.6,0.999921,0.3,0.5285,-0.0394,0.4843,,0.55,0
1788867422.526486,5962891,177.52,0.999921,0.3,0.5322,-0.0472,0.4812,,0.55,0
1788867423.579438,5962891,176.47,0.999921,0.3,0.5321,-0.0476,0.481,,0.55,0
1788867424.6369367,5962891,175.41,0.999921,0.3,0.5307,-0.0481,0.4808,,0.55,0
1788867425.70584,5962891,174.35,0.999921,0.3,0.5157,-0.0502,0.48,,0.54,0
1788867426.764738,5962891,173.28,0.999921,0.3,0.4568,-0.0576,0.477,,0.54,0
1788867427.874884,5962891,172.23,1.0,0.3,0.6669,0.079,0.5315,,0.58,0
1788867428.9333045,5962891,171.11,1.000057,0.3,0.6857,0.1736,0.5689,,0.7,0
1788867429.9891405,5962891,170.06,1.000057,0.3,0.6897,0.1815,0.572,,0.7,0
1788867431.0487528,5962891,168.99,1.000057,0.3,0.6677,0.1792,0.5711,,0.7,0
1788867432.1013753,5962891,167.94,1.000057,0.3,0.6728,0.18,0.5714,,0.7,0
1788867433.156239,5962891,166.89,1.000057,0.3,0.6942,0.1829,0.5725,,0.71,0
1788867434.2046251,5962891,165.84,1.000057,0.3,0.6983,0.1836,0.5728,,0.71,0
1788867435.2559366,5962891,164.79,1.000057,0.3,0.9212,0.2106,0.5834,,0.72,0
1788867436.3068125,5962891,163.74,1.000125,0.3,0.9269,0.3193,0.6252,,0.75,0
1788867437.3778012,5962891,162.68,1.000125,0.3,0.9257,0.3197,0.6254,,0.73,0
1788867438.4326148,5962891,161.61,1.000125,0.3,0.9357,0.3117,0.6224,,0.71,0
1788867439.4834638,5962891,160.56,1.000125,0.3,0.9364,0.3052,0.6199,,0.71,0
1788867440.5301206,5962891,159.51,1.000125,0.3,0.9399,0.3062,0.6203,,0.7,0
1788867441.5806017,5962891,158.46,1.000125,0.3,0.9383,0.3066,0.6204,,0.7,0
1788867442.6355693,5962891,157.41,1.000125,0.3,0.928,0.306,0.6202,,0.7,0
1788867443.7839737,5962891,156.35,1.000125,0.3,0.9282,0.3066,0.6204,,0.73,0
1788867444.8402615,5962891,155.2,1.000125,0.3,0.944,0.3092,0.6214,,0.74,0
1788867445.8967412,5962891,154.15,1.000125,0.3,0.9378,0.3091,0.6214,,0.73,0
1788867446.946878,5962891,153.1,1.000125,0.3,0.98,0.3063,0.6203,,0.73,0
1788867447.9990044,5962891,152.05,1.000125,0.3,0.98,0.307,0.6206,,0.73,0
1788867449.0670052,5962891,150.98,1.000125,0.3,0.9812,0.3078,0.6209,,0.72,0
1788867450.1211367,5962891,149.92,1.000125,0.3,0.9713,0.3073,0.6207,,0.72,0
1788867451.1775715,5962891,148.88,1.000125,0.3,0.9714,0.308,0.6209,,0.72,0
1788867452.2290719,5962891,147.82,1.000125,0.3,0.9717,0.3087,0.6212,,0.76,0
1788867453.5510716,5962891,146.77,1.000125,0.3,0.9741,0.3097,0.6216,,0.76,0
1788867454.6107202,5962891,145.44,1.000125,0.3,0.9749,0.3106,0.622,,0.8,0
1788867455.6603763,5962891,144.39,1.000125,0.3,0.9745,0.3113,0.6222,,0.75,0
1788867456.7157547,5962891,143.33,1.000125,0.3,0.9707,0.3116,0.6223,,0.7,0
1788867457.7650244,5962891,142.28,1.000125,0.3,0.9604,0.311,0.6221,,0.71,0
1788867458.8735733,5962891,141.23,1.000125,0.3,0.9485,0.3103,0.6219,,0.72,0
1788867459.9303277,5962891,140.11,1.000125,0.3,0.9485,0.3111,0.6221,,0.72,0
1788867460.9900851,5962891,139.05,1.000125,0.3,0.9403,0.3109,0.6221,,0.73,0
1788867462.066025,5962891,138.0,1.000125,0.3,0.8969,0.3064,0.6204,,0.73,0
1788867463.1175833,5962891,136.93,1.000125,0.3,0.8967,0.3072,0.6207,,0.73,0
1788867464.1969585,5962891,135.87,1.000125,0.3,0.8781,0.3058,0.6201,,0.73,0
1788867465.2549942,5962891,134.79,1.000125,0.3,0.8792,0.3067,0.6205,,0.73,0
1788867466.301578,5962891,133.74,1.000125,0.3,0.8594,0.3051,0.6199,,0.73,0
1788867467.3559,5962891,132.69,1.000125,0.3,0.8562,0.3055,0.62,,0.73,0
1788867468.4093714,5962891,131.64,1.000125,0.3,0.8005,0.2996,0.6178,,0.73,0
1788867469.458817,5962891,130.58,1.000125,0.3,0.8007,0.3005,0.6181,,0.73,0
1788867470.519023,5962891,129.53,1.000125,0.3,0.7593,0.2964,0.6165,,0.74,0
1788867471.5657284,5962891,128.48,1.000125,0.3,0.7593,0.2972,0.6168,,0.74,0
1788867472.6224241,5962891,127.43,1.000125,0.3,0.7593,0.298,0.6172,,0.74,0
1788867473.6750128,5962891,126.38,1.000125,0.3,0.7593,0.2989,0.6175,,0.74,0
1788867474.766264,5962891,125.32,1.000125,0.3,0.7407,0.2976,0.617,,0.75,0
1788867475.8233001,5962891,124.22,1.000125,0.3,0.7431,0.2988,0.6174,,0.75,0
1788867476.8810966,5962891,123.17,1.000125,0.3,0.7444,0.2998,0.6178,,0.75,0
1788867477.9334533,5962891,122.11,1.000125,0.3,0.7444,0.3007,0.6182,,0.75,0
1788867478.9846358,5962891,121.06,1.000125,0.3,0.7441,0.3016,0.6185,,0.76,0
1788867480.0407279,5962891,120.01,1.000125,0.3,0.6901,0.2961,0.6164,,0.79,0
1788867481.0965624,5962891,118.95,1.000125,0.3,0.7645,0.3059,0.6202,,0.83,0
1788867482.1552699,5962891,117.89,1.000125,0.3,0.7601,0.3064,0.6203,,0.82,0
1788867483.1987019,5962891,116.84,1.000125,0.3,0.7555,0.3068,0.6205,,0.83,0
1788867484.2656832,5962891,115.79,1.000125,0.3,0.7233,0.3039,0.6194,,0.74,0
1788867485.3307996,5962891,114.72,0.999731,0.3,-0.1098,-0.485,0.3138,,0.67,0
1788867486.4236073,5962891,113.65,0.999773,0.3,-0.7719,-0.5359,0.296,,0.41,0
1788867487.4828608,5962891,112.57,0.999789,0.3,-0.76,-0.506,0.3064,,0.49,0
1788867488.545164,5962891,111.5,0.999789,0.3,-0.8828,-0.5223,0.3007,,0.48,0
1788867489.5978398,5962891,110.45,0.999789,0.3,-0.8828,-0.524,0.3001,,0.36,0
1788867490.7142227,5962891,109.39,0.999789,0.3,-0.8828,-0.5258,0.2995,,0.4,0
1788867491.7666137,5962891,108.28,0.999789,0.3,-0.8721,-0.5265,0.2993,,0.45,0
1788867492.822832,5962891,107.22,0.999789,0.3,-0.8721,-0.5284,0.2986,,0.45,0
1788867493.8730717,5962891,106.17,0.999789,0.3,-0.872,-0.5302,0.298,,0.44,0
1788867494.926223,5962891,105.12,0.999794,0.3,-0.8506,-0.5214,0.301,,0.48,0
1788867495.9782832,5962891,104.06,0.999794,0.3,-0.8478,-0.5204,0.3014,,0.49,0
1788867497.036669,5962891,103.01,0.999794,0.3,-0.845,-0.4798,0.3157,,0.49,0
1788867498.0870035,5962891,101.96,0.999794,0.3,-0.8429,-0.4836,0.3143,,0.49,0
1788867499.1441088,5962891,100.91,0.999794,0.3,-0.8428,-0.4855,0.3136,,0.49,0
1788867500.193899,5962891,99.85,0.999794,0.3,-0.8428,-0.4876,0.3129,,0.46,0
1788867501.250292,5962891,98.8,0.999794,0.3,-0.8435,-0.4897,0.3122,,0.46,0
1788867502.3142505,5962891,97.74,0.999794,0.3,-0.843,-0.4918,0.3114,,0.46,0
1788867503.3665566,5962891,96.68,0.999794,0.3,-0.8431,-0.4939,0.3107,,0.46,0
1788867504.4403713,5962891,95.62,0.999794,0.3,-0.8431,-0.4961,0.3099,,0.45,0
1788867505.4955173,5962891,94.56,0.999794,0.3,-0.8429,-0.4988,0.309,,0.45,0
1788867506.5955167,5962891,93.5,0.999794,0.3,-0.8422,-0.501,0.3082,,0.45,0
1788867507.6491506,5962891,92.4,0.999794,0.3,-0.8421,-0.5033,0.3074,,0.45,0
1788867508.7088366,5962891,91.34,0.999794,0.3,-0.838,-0.5052,0.3067,,0.45,0
1788867509.7622654,5962891,90.29,0.999794,0.3,-0.8379,-0.5075,0.3059,,0.45,0
1788867510.823929,5962891,89.22,0.999794,0.3,-0.9158,-0.5193,0.3018,,0.45,0
1788867511.8838303,5962891,88.16,0.999794,0.3,-0.9157,-0.5217,0.3009,,0.47,0
1788867512.9417412,5962891,87.11,0.999794,0.3,-0.9153,-0.5241,0.3001,,0.47,0
1788867513.9912055,5962891,86.05,0.999794,0.3,-0.9153,-0.5267,0.2992,,0.47,0
1788867515.0470548,5962891,85.0,0.999794,0.3,-0.9153,-0.5292,0.2983,,0.47,0
1788867516.1049476,5962891,83.94,0.999794,0.3,-0.883,-0.528,0.2988,,0.46,0
1788867517.1608298,5962891,82.89,0.999794,0.3,-0.8954,-0.5322,0.2973,,0.43,0
1788867518.226703,5962891,81.83,0.999794,0.3,-0.8956,-0.5349,0.2964,,0.43,0
1788867519.2851074,5962891,80.76,0.999794,0.3,0.5343,-0.3661,0.3571,,0.43,0
1788867520.3385282,5962891,79.71,0.999794,0.3,0.4909,-0.3742,0.3541,,0.43,0
1788867521.3876631,5962891,78.66,0.999794,0.3,0.4011,-0.3878,0.3491,,0.43,0
1788867522.4949555,5962891,77.6,0.999794,0.3,0.3891,-0.3922,0.3474,,0.32,0
1788867523.546488,5962891,76.5,0.999794,0.3,0.5129,-0.3805,0.3518,,0.26,0
1788867524.6083655,5962891,75.45,0.999794,0.3,0.5129,-0.3836,0.3506,,0.27,0
1788867525.6625848,5962891,74.38,0.999794,0.3,0.332,-0.4085,0.3415,,0.26,0
1788867526.7184067,5962891,73.33,0.999794,0.3,0.332,-0.4117,0.3403,,0.26,0
1788867527.8056781,5962891,72.27,0.999794,0.3,0.2426,-0.4257,0.3352,,0.28,0
1788867528.8601203,5962891,71.19,0.999794,0.3,0.2376,-0.4297,0.3337,,0.29,0
1788867529.9233649,5962891,70.14,0.999794,0.3,0.2298,-0.4341,0.3321,,0.31,0
1788867530.976894,5962891,69.07,0.999794,0.3,0.3048,-0.4286,0.3341,,0.28,0
1788867532.035609,5962891,68.01,0.999794,0.3,0.3048,-0.4322,0.3328,,0.27,0
1788867533.0860672,5962891,66.96,0.999794,0.3,0.5217,-0.4099,0.341,,0.25,0
1788867534.1395836,5962891,65.91,0.999731,0.3,-0.6057,-0.7002,0.2419,,0.2,0
1788867535.1897397,5962891,64.86,0.999731,0.3,-0.6053,-0.7051,0.2404,,0.1,0
1788867536.2485657,5962891,63.8,0.999731,0.3,-0.6404,-0.7145,0.2375,,0.08,0
1788867537.3065774,5962891,62.74,0.999731,0.3,-0.6404,-0.7198,0.2358,,0.08,0
1788867538.4077847,5962891,61.69,0.999731,0.3,-0.6468,-0.7259,0.2339,,0.08,0
1788867539.4656787,5962891,60.59,0.999731,0.3,-0.6842,-0.7362,0.2308,,0.07,0
1788867540.5142472,5962891,59.53,0.999731,0.3,-0.6842,-0.7419,0.2291,,0.07,0
1788867541.5702603,5962891,58.48,0.999731,0.3,-0.6971,-0.7493,0.2268,,0.06,0
1788867542.619624,5962891,57.43,0.999731,0.3,-0.6966,-0.7552,0.2251,,0.06,0
1788867543.674926,5962891,56.37,0.999731,0.3,-0.7006,-0.7619,0.2231,,0.05,0
1788867544.7296915,5962891,55.32,0.999731,0.3,-0.6744,-0.7573,0.2244,,0.05,0
1788867545.7804182,5962891,54.26,0.999702,0.3,-0.6921,-0.8414,0.2001,,0.04,0
1788867546.8356512,5962891,53.21,0.999702,0.3,-0.6707,-0.8501,0.1976,,0.04,0
1788867547.891354,5962891,52.15,0.999702,0.3,-0.675,-0.8583,0.1954,,0.03,0
1788867548.9487,5962891,51.1,0.999702,0.3,-0.6258,-0.8603,0.1948,,0.03,0
1788867550.0013204,5962891,50.04,0.999702,0.3,-0.6219,-0.8681,0.1927,,0.03,0
1788867551.0613754,5962891,48.99,0.999702,0.3,-0.6196,-0.8762,0.1905,,0.03,0
1788867552.1101868,5962891,47.93,0.999702,0.3,-0.6196,-0.885,0.1881,,0.03,0
1788867553.1696653,5962891,46.88,0.999702,0.3,-0.618,-0.8938,0.1857,,0.02,0
1788867554.2807057,5962891,45.83,0.999702,0.3,-0.5434,-0.8942,0.1856,,0.02,0
1788867555.3357773,5962891,44.71,0.999702,0.3,-0.5493,-0.9051,0.1827,,0.03,0
1788867556.3880117,5962891,43.66,0.999702,0.3,-0.5487,-0.9113,0.1811,,0.02,0
1788867557.4413292,5962891,42.6,0.999702,0.3,-0.3542,-0.8984,0.1845,,0.51,0
1788867558.4867003,5962891,41.56,0.999718,0.3,0.6873,-0.7382,0.2302,,0.51,0
1788867559.5559962,5962891,40.51,0.999718,0.3,0.6805,-0.7476,0.2274,,0.51,0
1788867560.605949,5962891,39.44,0.999718,0.3,0.6772,-0.7592,0.2239,,0.51,0
1788867561.660734,5962891,38.38,0.999718,0.3,0.6786,-0.7705,0.2205,,0.51,0
1788867562.71539,5962891,37.33,0.999718,0.3,0.678,-0.7825,0.217,,0.51,0
1788867563.76902,5962891,36.28,0.999718,0.3,0.678,-0.795,0.2133,,0.51,0
1788867564.8379898,5962891,35.22,0.999718,0.3,0.901,-0.7813,0.2173,,0.51,0
1788867565.8927557,5962891,34.15,0.999718,0.3,0.901,-0.7951,0.2133,,0.51,0
1788867566.9442298,5962891,33.1,0.999718,0.3,0.9351,-0.8053,0.2103,,0.51,0
1788867568.000949,5962891,32.04,0.999702,0.3,0.715,-0.9,0.1841,,0.51,0
1788867569.0545578,5962891,30.99,0.999702,0.3,0.7166,-0.9174,0.1795,,0.51,0
1788867570.1079688,5962891,29.94,0.999702,0.3,0.7656,-0.931,0.1759,,0.51,0
1788867571.1625853,5962891,28.88,0.999702,0.3,0.7656,-0.9495,0.1712,,0.51,0
1788867572.2194283,5962891,27.83,0.999702,0.3,0.7656,-0.969,0.1663,,0.51,0
1788867573.274082,5962891,26.77,0.999702,0.3,0.7656,-0.9897,0.1612,,0.51,0
1788867574.3227866,5962891,25.72,0.999702,0.3,0.7657,-1.0115,0.1559,,0.51,0
1788867575.3744528,5962891,24.67,0.999702,0.3,0.7652,-1.0348,0.1504,,0.51,0
1788867576.4331155,5962891,23.61,0.999702,0.3,0.7652,-1.0597,0.1446,,0.51,0
1788867577.4906368,5962891,22.55,0.999702,0.3,0.7911,-1.0822,0.1396,,0.51,0
1788867578.5422268,5962891,21.5,0.999702,0.3,0.7911,-1.1096,0.1336,,0.51,0
1788867579.5937762,5962891,20.45,0.999702,0.3,0.7916,-1.1402,0.1271,,0.51,0
1788867580.6649928,5962891,19.39,0.999702,0.3,0.7906,-1.1735,0.1203,,0.51,0
1788867581.7141697,5962891,18.33,0.999588,0.3,0.4786,-1.76,0.0392,,0.51,0
1788867582.775699,5962891,17.27,0.999588,0.3,0.4786,-1.8142,0.0348,,0.51,0
1788867583.8340697,5962891,16.21,0.999588,0.3,0.4786,-1.8742,0.0305,,0.51,0
1788867584.885103,5962891,15.16,0.999588,0.3,0.4699,-1.9405,0.0262,,0.51,0
1788867585.942435,5962891,14.1,0.999588,0.3,0.4699,-2.0133,0.022,,0.51,0
1788867586.9967933,5962891,13.05,0.999588,0.3,0.4699,-2.095,0.0181,,0.51,0
1788867588.0565474,5962891,11.99,0.999588,0.3,0.4579,-2.1888,0.0143,,0.51,0
1788867589.1012106,5962891,10.94,0.999588,0.3,0.4579,-2.293,0.0109,,0.51,0
1788867590.1614468,5962891,9.88,0.999588,0.3,-0.23,-2.4973,0.0063,,0.51,0
1788867591.2124474,5962891,8.83,0.999588,0.3,-0.23,-2.6249,0.0043,,0.51,0
1788867592.258728,5962891,7.79,0.999588,0.3,-0.2378,-2.7949,0.0026,,0.51,0
1788867593.3116386,5962891,6.73,0.999588,0.3,-0.238,-3.0033,0.0013,,0.51,0
1788867594.365597,5962891,5.68,0.999361,0.3,-0.6698,-5.1352,0.0,,0.51,0
1788867595.4229262,5962891,4.62,0.999361,0.3,-0.6649,-5.6782,0.0,,0.51,0
1788867596.4703217,5962891,3.57,0.999361,0.3,-0.6649,-6.4433,0.0,,0.51,0
1788867597.5265367,5962891,2.52,0.999361,0.3,-0.6635,-7.6579,0.0,,0.51,0
1788867598.5888917,5962891,1.46,0.999361,0.3,-0.6417,-10.0209,0.0,,0.51,0
1788867599.6575308,5962891,1.0,0.999361,0.3,-0.6417,-12.0832,0.0,,0.51,0
1788867601.110828,5962892,299.33,1.0,0.3,-0.9472,-0.1427,0.4432,,0.31,0
1788867602.1936543,5962892,297.88,1.0,0.3,-0.9472,-0.1427,0.4432,,0.31,0
1788867603.2521496,5962892,296.79,1.0,0.3,-0.947,-0.1427,0.4433,,0.31,0
1788867604.3082345,5962892,295.75,1.0,0.3,-0.9507,-0.1146,0.4544,,0.31,0
1788867605.3691876,5962892,294.68,1.0,0.3,-0.9506,-0.1146,0.4544,,0.31,0
1788867606.4305916,5962892,293.62,1.0,0.3,-0.9477,-0.1142,0.4545,,0.31,0
1788867607.4875147,5962892,292.56,1.0,0.3,-0.9479,-0.1143,0.4545,,0.31,0
1788867608.5356002,5962892,291.51,1.0,0.3,-0.9409,-0.1134,0.4548,,0.31,0
1788867609.5936918,5962892,290.46,1.0,0.3,-0.9548,-0.1151,0.4542,,0.28,0
1788867610.6711113,5962892,289.39,1.0,0.3,-0.9548,-0.1151,0.4542,,0.26,0
1788867611.7991548,5962892,288.32,0.999935,0.3,-0.9421,-0.193,0.4235,,0.26,0
1788867612.8568163,5962892,287.19,0.999935,0.3,-0.9421,-0.1931,0.4234,,0.25,0
1788867613.908653,5962892,286.13,0.999935,0.3,-0.9324,-0.1921,0.4238,,0.25,0
1788867614.9647357,5962892,285.08,0.999935,0.3,-0.9327,-0.1922,0.4238,,0.25,0
1788867616.0224528,5962892,284.03,0.999935,0.3,-0.9327,-0.1924,0.4237,,0.25,0
1788867617.1192462,5962892,282.98,0.999935,0.3,-0.9327,-0.1925,0.4237,,0.25,0
1788867618.1657462,5962892,281.88,0.999935,0.3,-0.9319,-0.1926,0.4237,,0.25,0
1788867619.221614,5962892,280.82,0.999935,0.3,-0.932,-0.1927,0.4236,,0.25,0
1788867620.2701228,5962892,279.78,0.999935,0.3,-0.9324,-0.1929,0.4235,,0.27,0
1788867621.321,5962892,278.72,0.999935,0.3,-0.9324,-0.1849,0.4266,,0.26,0
1788867622.377546,5962892,277.67,0.999935,0.3,-0.9324,-0.1851,0.4266,,0.26,0
1788867623.4334257,5962892,276.61,0.999935,0.3,-0.933,-0.1853,0.4265,,0.27,0
1788867624.4995165,5962892,275.56,0.999935,0.3,-0.595,-0.1448,0.4424,,0.27,0
1788867625.5733266,5962892,274.49,0.999884,0.3,-0.7098,-0.2233,0.4117,,0.24,0
1788867626.6222222,5962892,273.42,0.999884,0.3,-0.7098,-0.2235,0.4116,,0.24,0
1788867627.6732187,5962892,272.37,0.999884,0.3,-0.7098,-0.2238,0.4115,,0.24,0
1788867628.7328064,5962892,271.32,0.999884,0.3,-0.7169,-0.2249,0.411,,0.24,0
1788867629.7855477,5962892,270.26,0.999884,0.3,-0.7165,-0.2251,0.4109,,0.24,0
1788867630.8359675,5962892,269.21,0.999884,0.3,-0.7166,-0.2254,0.4108,,0.24,0
1788867631.891449,5962892,268.15,0.999884,0.3,-0.7435,-0.2289,0.4095,,0.24,0
1788867632.9968276,5962892,267.1,0.999884,0.3,-0.7435,-0.2291,0.4094,,0.24,0
1788867634.0432343,5962892,266.0,0.999884,0.3,-0.7446,-0.2295,0.4092,,0.24,0
1788867635.1020682,5962892,264.94,0.999884,0.3,0.0001,-0.134,0.4467,,0.26,0
1788867636.1558678,5962892,263.89,1.000043,0.3,0.3897,0.1156,0.546,,0.35,0
1788867637.2084916,5962892,262.84,1.000043,0.3,0.3723,0.1136,0.5452,,0.35,0
1788867638.2868326,5962892,261.78,1.000043,0.3,0.3723,0.1137,0.5453,,0.35,0
1788867639.338426,5962892,260.71,1.000043,0.3,0.3509,0.1112,0.5443,,0.35,0
1788867640.392711,5962892,259.66,1.000227,0.3,0.4943,0.3576,0.6397,,0.44,0
1788867641.4502325,5962892,258.6,1.000227,0.3,0.5859,0.3777,0.6472,,0.5,0
1788867642.5150065,5962892,257.54,1.000227,0.3,0.629,0.3835,0.6493,,0.52,0
1788867643.5725117,5962892,256.48,1.000349,0.3,0.7551,0.5418,0.706,,0.56,0
1788867644.6262774,5962892,255.42,1.000371,0.3,0.7756,0.5883,0.7218,,0.58,0
1788867645.6784945,5962892,254.37,1.000371,0.3,0.7754,0.5892,0.7221,,0.58,0
1788867646.7257333,5962892,253.32,1.000371,0.3,0.7756,0.5702,0.7157,,0.57,0
1788867647.77921,5962892,252.26,1.000371,0.3,0.7756,0.5711,0.716,,0.57,0
1788867648.8772085,5962892,251.21,1.00039,0.3,0.7933,0.5967,0.7247,,0.57,0
1788867649.926376,5962892,250.12,1.00039,0.3,0.7926,0.6,0.7258,,0.53,0
1788867651.0382357,5962892,249.07,1.00039,0.3,0.7884,0.586,0.7211,,0.53,0
1788867652.0902603,5962892,247.96,1.000271,0.3,0.1479,0.3453,0.6351,,0.53,0
1788867653.183807,5962892,246.9,1.000271,0.3,0.1369,0.3447,0.6348,,0.48,0
1788867654.241556,5962892,245.81,1.000271,0.3,0.1574,0.3299,0.6293,,0.48,0
1788867655.2965567,5962892,244.75,1.000271,0.3,0.1563,0.3305,0.6295,,0.49,0
1788867656.361426,5962892,243.69,1.000271,0.3,0.1563,0.3312,0.6297,,0.49,0
1788867657.43329,5962892,242.63,1.000271,0.3,0.1555,0.3318,0.63,,0.48,0
1788867658.4830265,5962892,241.56,1.000271,0.3,0.1512,0.332,0.63,,0.48,0
1788867659.539797,5962892,240.51,1.000271,0.3,0.1535,0.3306,0.6295,,0.48,0
1788867660.5992343,5962892,239.45,1.000271,0.3,0.1531,0.3313,0.6298,,0.47,0
1788867661.6559129,5962892,238.39,1.000271,0.3,0.1534,0.332,0.6301,,0.46,0
1788867662.7131708,5962892,237.34,1.000271,0.3,0.1534,0.3477,0.636,,0.46,0
1788867663.7799582,5962892,236.27,1.000271,0.3,0.1525,0.3483,0.6362,,0.46,0
1788867664.8795753,5962892,235.22,1.000271,0.3,0.0305,0.3344,0.631,,0.46,0
1788867665.938317,5962892,234.11,1.000271,0.3,0.0305,0.3352,0.6313,,0.46,0
1788867666.9913871,5962892,233.06,1.000271,0.3,-0.1223,0.3176,0.6246,,0.48,0
1788867668.042963,5962892,232.01,1.000229,0.3,-0.4565,0.2267,0.5897,,0.48,0
1788867669.1096232,5962892,230.95,1.000229,0.3,-0.4565,0.2221,0.5879,,0.46,0
1788867670.162531,5962892,229.89,1.000229,0.3,-0.4446,0.2241,0.5887,,0.46,0
1788867671.216218,5962892,228.84,1.000229,0.3,-0.5149,0.2164,0.5856,,0.45,0
1788867672.2671766,5962892,227.78,1.000229,0.3,-0.5316,0.215,0.5851,,0.44,0
1788867673.3173132,5962892,226.73,1.000229,0.3,-0.5316,0.2157,0.5854,,0.43,0
1788867674.3692555,5962892,225.68,1.000229,0.3,-0.8362,0.1798,0.5713,,0.43,0
1788867675.4313924,5962892,224.62,1.000229,0.3,-0.8367,0.1804,0.5716,,0.42,0
1788867676.4884238,5962892,223.56,1.000229,0.3,-0.8367,0.1811,0.5718,,0.42,0
1788867677.5608244,5962892,222.5,1.000229,0.3,-0.8256,0.1831,0.5726,,0.42,0
1788867678.6202426,5962892,221.43,1.000229,0.3,-0.8255,0.1891,0.575,,0.46,0
1788867679.6829054,5962892,220.36,1.000229,0.3,-0.8795,0.1833,0.5727,,0.46,0
1788867680.7876172,5962892,219.32,1.000229,0.3,-0.8834,0.1835,0.5728,,0.45,0
1788867681.8496501,5962892,218.2,1.000229,0.3,-0.8433,0.1891,0.575,,0.44,0
1788867682.907553,5962892,217.14,1.000229,0.3,-0.8458,0.1895,0.5751,,0.44,0
1788867683.9632046,5962892,216.09,1.000229,0.3,-0.8458,0.1902,0.5754,,0.45,0
1788867685.0162745,5962892,215.03,1.000229,0.3,-0.8458,0.1909,0.5757,,0.44,0
1788867686.0775712,5962892,213.98,1.000229,0.3,-0.8903,0.1863,0.5739,,0.44,0
1788867687.1275694,5962892,212.92,1.000229,0.3,-0.8905,0.187,0.5742,,0.44,0
1788867688.1713028,5962892,211.87,1.000229,0.3,-0.8905,0.1877,0.5744,,0.41,0
1788867689.2577908,5962892,210.82,1.000229,0.3,-0.887,0.1889,0.5749,,0.41,0
1788867690.310461,5962892,209.74,1.000229,0.3,-0.8922,0.189,0.575,,0.41,0
1788867691.3820682,5962892,208.69,1.000229,0.3,-0.8914,0.1898,0.5753,,0.41,0
1788867692.4327126,5962892,207.62,1.000229,0.3,-0.8914,0.1906,0.5756,,0.41,0
1788867693.4850516,5962892,206.56,1.000229,0.3,-0.8918,0.1913,0.5759,,0.41,0
1788867694.5450811,5962892,205.5,1.000102,0.3,-0.8974,0.0091,0.5036,,0.26,0
1788867695.6005294,5962892,204.45,1.000102,0.3,-0.8978,0.0094,0.5037,,0.26,0
1788867696.725722,5962892,203.4,1.000102,0.3,-0.9081,0.0085,0.5034,,0.27,0
1788867697.7822847,5962892,202.27,1.000102,0.3,-0.9081,0.0089,0.5035,,0.27,0
1788867698.8331635,5962892,201.22,1.000102,0.3,-0.6583,0.0392,0.5156,,0.27,0
1788867699.884276,5962892,200.16,1.000102,0.3,-0.6583,0.0396,0.5158,,0.27,0
1788867700.9413428,5962892,199.11,1.000035,0.3,-0.7357,-0.0587,0.4766,,0.22,0
1788867702.0009398,5962892,198.06,0.999884,0.3,-0.7089,-0.2719,0.3929,,0.16,0
1788867703.0566027,5962892,196.99,0.999884,0.3,-0.7089,-0.2837,0.3883,,0.15,0
1788867704.1314588,5962892,195.93,1.000153,0.3,0.5418,0.2754,0.6085,,0.46,0
1788867705.2086263,5962892,194.86,1.000182,0.3,0.5536,0.3167,0.6243,,0.48,0
1788867706.2798545,5962892,193.78,1.000182,0.3,0.5543,0.3212,0.626,,0.36,0
1788867707.3709853,5962892,192.71,1.000102,0.3,0.2005,0.1612,0.564,,0.32,0
1788867708.4287384,5962892,191.62,1.000102,0.3,0.1971,0.1612,0.564,,0.37,0
1788867709.4865742,5962892,190.56,1.000102,0.3,0.1971,0.1616,0.5642,,0.37,0
1788867710.5395467,5962892,189.51,1.000102,0.3,0.1972,0.1619,0.5643,,0.37,0
1788867711.6135104,5962892,188.45,1.000102,0.3,0.1982,0.1785,0.5708,,0.37,0
1788867712.737616,5962892,187.38,1.000102,0.3,0.198,0.1902,0.5754,,0.37,0
1788867713.7926192,5962892,186.26,1.000102,0.3,0.1983,0.1906,0.5756,,0.37,0
1788867714.8469481,5962892,185.21,1.000102,0.3,0.1983,0.1573,0.5625,,0.37,0
1788867715.914067,5962892,184.14,1.000102,0.3,0.1983,0.154,0.5612,,0.37,0
1788867716.974949,5962892,183.07,1.000102,0.3,0.198,0.1544,0.5614,,0.38,0
1788867718.0272152,5962892,182.02,1.000271,0.3,0.221,0.4026,0.6564,,0.46,0
1788867719.0799465,5962892,180.97,1.000331,0.3,0.229,0.517,0.6974,,0.54,0
1788867720.133281,5962892,179.92,1.000408,0.3,0.2522,0.6375,0.7381,,0.59,0
1788867721.191658,5962892,178.85,1.000408,0.3,0.252,0.6392,0.7386,,0.56,0
1788867722.2501853,5962892,177.8,1.000331,0.3,0.1895,0.5252,0.7003,,0.44,0
1788867723.30742,5962892,176.74,1.000246,0.3024,0.1595,0.3807,0.6483,,0.42,0
1788867724.363499,5962892,175.69,1.000246,0.3045,0.1595,0.3794,0.6478,,0.43,0
1788867725.4169025,5962892,174.63,1.000246,0.3045,0.3103,0.3985,0.6549,,0.43,0
1788867726.4684448,5962892,173.58,1.000246,0.3078,0.3174,0.3968,0.6542,,0.43,0
1788867727.527105,5962892,172.52,1.000246,0.3088,0.3179,0.3967,0.6542,,0.43,0
1788867728.6485775,5962892,171.45,1.000246,0.3097,0.3171,0.3754,0.6463,,0.44,0
1788867729.7098942,5962892,170.34,1.000246,0.3105,0.3114,0.3675,0.6434,,0.46,0
1788867730.7829952,5962892,169.28,1.000259,0.3111,0.3257,0.3778,0.6472,,0.51,0
1788867731.8325288,5962892,168.22,1.000259,0.3117,0.3257,0.3793,0.6478,,0.51,0
1788867732.8983998,5962892,167.17,1.000357,0.3122,0.3891,0.5251,0.7002,,0.58,0
1788867733.950988,5962892,166.1,1.000382,0.3138,-0.289,0.5098,0.6949,,0.62,0
1788867735.0373287,5962892,165.03,1.000382,0.3152,-0.3395,0.5063,0.6937,,0.61,0
1788867736.0927093,5962892,163.96,1.000382,0.3175,-0.3085,0.508,0.6943,,0.56,0
1788867737.1504045,5962892,162.9,1.000382,0.3175,0.2959,0.5822,0.7198,,0.56,0
1788867738.2121763,5962892,161.84,1.000382,0.3191,0.2957,0.5812,0.7194,,0.56,0
1788867739.2758336,5962892,160.77,1.000382,0.3191,0.3237,0.5863,0.7212,,0.56,0
1788867740.3311949,5962892,159.72,1.000382,0.3197,0.3156,0.586,0.7211,,0.56,0
1788867741.4077392,5962892,158.66,1.000382,0.3203,0.3156,0.5864,0.7212,,0.55,0
1788867742.461881,5962892,157.58,1.000382,0.3211,0.3297,0.5874,0.7215,,0.55,0
1788867743.518326,5962892,156.53,1.000382,0.3214,0.3294,0.5763,0.7178,,0.55,0
1788867744.646413,5962892,155.47,1.000382,0.3217,0.3258,0.574,0.717,,0.54,0
1788867745.7063966,5962892,154.35,1.000382,0.322,0.3258,0.5756,0.7176,,0.55,0
1788867746.7559288,5962892,153.29,1.000382,0.3222,0.3258,0.5771,0.7181,,0.55,0
1788867747.8199058,5962892,152.23,1.000382,0.3223,0.2566,0.5704,0.7158,,0.55,0
1788867748.871555,5962892,151.18,1.000382,0.3225,0.2263,0.5684,0.7151,,0.55,0
1788867749.92634,5962892,150.12,1.000382,0.3226,0.0921,0.554,0.7102,,0.55,0
1788867750.9853063,5962892,149.06,1.000382,0.3227,0.0932,0.5558,0.7108,,0.55,0
1788867752.035605,5962892,148.01,1.000382,0.3228,0.1234,0.5612,0.7127,,0.56,0
1788867753.0866272,5962892,146.96,1.000382,0.3229,0.8646,0.652,0.7428,,0.56,0
1788867754.1416636,5962892,145.91,1.000382,0.3189,0.8789,0.6626,0.7462,,0.56,0
1788867755.2066014,5962892,144.84,1.000331,0.3173,0.5897,0.5578,0.7115,,0.43,0
1788867756.269006,5962892,143.78,1.000331,0.3164,0.5875,0.5544,0.7104,,0.46,0
1788867757.3221276,5962892,142.73,1.000331,0.3156,0.5736,0.5558,0.7108,,0.49,0
1788867758.3835413,5962892,141.67,1.000331,0.315,0.581,0.5596,0.7121,,0.49,0
1788867759.443716,5962892,140.6,1.000331,0.3144,0.581,0.5624,0.7131,,0.49,0
1788867760.5418427,5962892,139.55,1.000331,0.3122,0.581,0.5677,0.7149,,0.49,0
1788867761.597247,5962892,138.45,1.000331,0.3104,0.581,0.5727,0.7166,,0.49,0
1788867762.651688,5962892,137.4,1.000331,0.3088,0.0512,0.5137,0.6963,,0.49,0
1788867763.7046323,5962892,136.34,1.000331,0.3075,-0.2744,0.4788,0.684,,0.49,0
1788867764.7558434,5962892,135.29,1.000331,0.3064,-0.3048,0.4791,0.6841,,0.49,0
1788867765.8217716,5962892,134.23,1.000331,0.3054,-0.3829,0.4735,0.6821,,0.56,0
1788867766.878288,5962892,133.17,1.000331,0.3054,-0.3829,0.4756,0.6828,,0.56,0
1788867767.9400427,5962892,132.12,1.000331,0.3039,-0.3829,0.4866,0.6867,,0.56,0
1788867769.0038624,5962892,131.05,1.000331,0.3033,-0.5123,0.4743,0.6824,,0.53,0
1788867770.0582688,5962892,129.99,1.000331,0.3024,-0.5837,0.4696,0.6807,,0.51,0
1788867771.111943,5962892,128.93,1.000331,0.302,-0.5839,0.4724,0.6817,,0.52,0
1788867772.1640978,5962892,127.88,1.000331,0.3017,-0.6556,0.4666,0.6796,,0.5,0
1788867773.2213655,5962892,126.83,1.000331,0.3015,-0.6557,0.4693,0.6806,,0.5,0
1788867774.2696965,5962892,125.78,1.000331,0.3015,-0.6564,0.4715,0.6814,,0.5,0
1788867775.3186665,5962892,124.73,1.000331,0.3013,-0.654,0.4745,0.6824,,0.5,0
1788867776.4226754,5962892,123.67,1.000331,0.3009,-0.6534,0.4776,0.6835,,0.52,0
1788867777.4785364,5962892,122.57,1.000331,0.3008,-0.6534,0.4804,0.6845,,0.53,0
1788867778.5355556,5962892,121.51,1.000331,0.3007,-0.6442,0.4841,0.6858,,0.54,0
1788867779.5970438,5962892,120.45,1.000331,0.3006,-0.6957,0.4806,0.6846,,0.54,0
1788867780.6686482,5962892,119.39,1.000331,0.3005,-0.6956,0.4832,0.6855,,0.55,0
1788867781.727441,5962892,118.32,1.000331,0.3004,-0.8554,0.4668,0.6797,,0.56,0
1788867782.7851229,5962892,117.26,1.000331,0.3003,-0.8554,0.4694,0.6806,,0.56,0
1788867783.8454099,5962892,116.21,1.000331,0.3003,-0.8554,0.4721,0.6816,,0.54,0
1788867784.909703,5962892,115.15,1.000331,0.3002,-0.8306,0.4778,0.6836,,0.55,0
1788867785.9718506,5962892,114.07,1.000331,0.3002,-0.837,0.4798,0.6843,,0.55,0
1788867787.029564,5962892,113.02,1.000331,0.3002,-0.7936,0.4878,0.6872,,0.54,0
1788867788.096687,5962892,111.96,1.000331,0.3002,-0.7916,0.4909,0.6882,,0.54,0
1788867789.1535532,5962892,110.9,1.000331,0.3001,-0.7925,0.4937,0.6892,,0.52,0
1788867790.2166286,5962892,109.83,1.000331,0.3001,-0.793,0.4965,0.6902,,0.52,0
1788867791.2804837,5962892,108.77,1.000331,0.3001,-0.793,0.4994,0.6912,,0.54,0
1788867792.4048576,5962892,107.71,1.000331,0.3001,-0.4098,0.5483,0.7083,,0.55,0
1788867793.467667,5962892,106.58,1.000331,0.3001,-0.4132,0.5511,0.7092,,0.56,0
1788867794.535878,5962892,105.52,1.000331,0.3001,-0.4136,0.5541,0.7102,,0.56,0
1788867795.595999,5962892,104.45,1.000331,0.3,-0.4158,0.5569,0.7112,,0.55,0
1788867796.656227,5962892,103.39,1.000404,0.3,0.353,0.7858,0.784,,0.65,0
1788867797.7238994,5962892,102.33,1.000561,0.3,0.5368,1.1306,0.8709,,0.84,0
1788867798.7779677,5962892,101.27,1.000561,0.3,0.5263,1.1348,0.8718,,0.82,0
1788867799.830696,5962892,100.22,1.000561,0.3,0.5239,1.14,0.8729,,0.82,0
1788867800.8961387,5962892,99.15,1.000561,0.3,0.5304,1.1464,0.8742,,0.82,0
1788867801.975997,5962892,98.1,1.000561,0.3,0.5734,1.1572,0.8764,,0.82,0
1788867803.0409186,5962892,97.01,1.000561,0.3,0.5791,1.1639,0.8778,,0.83,0
1788867804.0941164,5962892,95.95,1.000561,0.3,0.5802,1.1699,0.879,,0.83,0
1788867805.1418984,5962892,94.9,1.000561,0.3,0.5802,1.1758,0.8802,,0.84,0
1788867806.206774,5962892,93.85,1.000561,0.3,0.5802,1.1818,0.8814,,0.84,0
1788867807.2633479,5962892,92.78,1.000561,0.3,0.6047,1.1622,0.8774,,0.84,0
1788867808.3701246,5962892,91.72,1.000561,0.3,0.6087,1.1689,0.8788,,0.84,0
1788867809.4245062,5962892,90.62,1.000561,0.3,0.6088,1.1756,0.8801,,0.85,0
1788867810.4848452,5962892,89.57,1.000561,0.3,0.6114,1.1824,0.8815,,0.86,0
1788867811.548174,5962892,88.5,1.000561,0.3,0.6114,1.1891,0.8828,,0.85,0
1788867812.600128,5962892,87.44,1.000561,0.3,0.6114,1.1958,0.8841,,0.85,0
1788867813.6637423,5962892,86.38,1.000561,0.3,0.6135,1.2029,0.8855,,0.85,0
1788867814.7185833,5962892,85.33,1.000561,0.3,0.6115,1.2096,0.8868,,0.86,0
1788867815.7701743,5962892,84.28,1.000561,0.3,0.6115,1.2167,0.8881,,0.86,0
1788867816.8330128,5962892,83.23,1.000561,0.3,0.9586,1.2656,0.8972,,0.86,0
1788867817.8913262,5962892,82.16,1.000561,0.3,0.9671,1.274,0.8987,,0.84,0
1788867818.947671,5962892,81.11,1.00057,0.3,0.9894,1.303,0.9037,,0.89,0
1788867820.0096166,5962892,80.04,1.00057,0.3,0.9895,1.312,0.9052,,0.89,0
1788867821.0593116,5962892,78.99,1.00057,0.3,0.9876,1.3197,0.9065,,0.88,0
1788867822.1078506,5962892,77.94,1.00057,0.3,0.9876,1.3278,0.9079,,0.88,0
1788867823.1659648,5962892,76.88,1.00057,0.3,0.9876,1.336,0.9092,,0.88,0
1788867824.2613506,5962892,75.83,1.00057,0.3,0.988,1.3445,0.9106,,0.87,0
1788867825.3232982,5962892,74.73,1.00057,0.3,0.9877,1.3535,0.912,,0.94,0
1788867826.3822408,5962892,73.67,1.00057,0.3,0.9875,1.3623,0.9134,,0.92,0
1788867827.4319992,5962892,72.62,1.00057,0.3,0.9875,1.3713,0.9149,,0.86,0
1788867828.503793,5962892,71.55,1.00057,0.3,0.9844,1.3802,0.9162,,0.86,0
1788867829.5700758,5962892,70.48,1.00057,0.3,0.9844,1.3886,0.9175,,0.87,0
1788867830.6326802,5962892,69.43,1.000535,0.3,0.8468,1.2997,0.9032,,0.83,0
1788867831.6884072,5962892,68.36,1.000535,0.3,0.844,1.3087,0.9047,,0.87,0
1788867832.7483943,5962892,67.3,1.000535,0.3,0.8446,1.3183,0.9063,,0.85,0
1788867833.8001764,5962892,66.24,1.000535,0.3,0.8445,1.328,0.9079,,0.85,0
1788867834.8660934,5962892,65.19,1.000535,0.3,0.8436,1.3379,0.9095,,0.86,0
1788867835.9243426,5962892,64.12,1.000535,0.3,0.8438,1.3482,0.9112,,0.88,0
1788867836.9847224,5962892,63.06,1.000535,0.3,0.8438,1.3586,0.9129,,0.88,0
1788867838.0471156,5962892,62.0,1.000535,0.3,0.8394,1.3689,0.9145,,0.88,0
1788867839.1162107,5962892,60.94,1.000535,0.3,0.8394,1.3799,0.9162,,0.89,0
1788867840.2177467,5962892,59.87,1.000535,0.3,0.8387,1.3955,0.9186,,0.89,0
1788867841.267088,5962892,58.78,1.000535,0.3,0.8381,1.4074,0.9204,,0.9,0
1788867842.3348875,5962892,57.72,1.000535,0.3,0.8459,1.4203,0.9222,,0.91,0
1788867843.3886535,5962892,56.66,1.000535,0.3,0.8479,1.4328,0.924,,0.93,0
1788867844.4462626,5962892,55.6,1.000535,0.3,0.8483,1.4455,0.9258,,0.92,0
1788867845.5090127,5962892,54.55,1.000535,0.3,0.8483,1.4584,0.9276,,0.86,0
1788867846.57221,5962892,53.48,1.000307,0.3,0.4466,0.811,0.7913,,0.49,0
1788867847.6335227,5962892,52.42,1.00028,0.3,0.4124,0.7458,0.7721,,0.51,0
1788867848.694752,5962892,51.36,1.000229,0.3,-0.1504,0.5428,0.7064,,0.3,0
1788867849.753776,5962892,50.3,1.000229,0.3,-0.4403,0.5143,0.6965,,0.26,0
1788867850.810365,5962892,49.24,1.000229,0.3,-0.4411,0.5207,0.6987,,0.39,0
1788867851.875436,5962892,48.18,1.000229,0.3,-0.5491,0.5144,0.6965,,0.43,0
1788867852.9302883,5962892,47.12,1.000229,0.3,-0.5563,0.5205,0.6986,,0.53,0
1788867853.9845805,5962892,46.07,1.000229,0.3,-0.5788,0.5249,0.7002,,0.46,0
1788867855.03642,5962892,45.01,1.000229,0.3,-0.6269,0.5265,0.7007,,0.44,0
1788867856.1611943,5962892,43.96,1.000229,0.3,-0.6107,0.5647,0.7139,,0.36,0
1788867857.2130084,5962892,42.84,1.000229,0.3,-0.6077,0.5735,0.7168,,0.47,0
1788867858.2738204,5962892,41.78,1.000229,0.3,-0.6077,0.5818,0.7196,,0.4,0
1788867859.336412,5962892,40.72,1.000229,0.3,-0.5089,0.6119,0.7297,,0.39,0
1788867860.3955276,5962892,39.65,1.000229,0.3,-0.4672,0.626,0.7343,,0.37,0
1788867861.4853058,5962892,38.6,1.000158,0.3,-0.4866,0.4173,0.6618,,0.1,0
1788867862.5436933,5962892,37.51,1.000158,0.3,-0.486,0.4153,0.661,,0.2,0
1788867863.6051793,5962892,36.44,1.000158,0.3,-0.4845,0.4225,0.6637,,0.16,0
1788867864.6717367,5962892,35.39,1.000158,0.3,-0.4615,0.4325,0.6673,,0.13,0
1788867865.7249427,5962892,34.33,1.000158,0.3,-0.4387,0.4429,0.6711,,0.13,0
1788867866.780982,5962892,33.27,1.000158,0.3,-0.4026,0.4551,0.6755,,0.2,0
1788867867.8369465,5962892,32.21,1.000158,0.3,-0.4055,0.4631,0.6784,,0.13,0
1788867868.8952913,5962892,31.16,1.000158,0.3,-0.3866,0.4742,0.6823,,0.1,0
1788867869.9462385,5962892,30.1,1.000158,0.3,-0.3833,0.4838,0.6857,,0.03,0
1788867871.0087256,5962892,29.04,1.000158,0.3,-0.3855,0.4932,0.6891,,0.03,0
1788867872.0719209,5962892,27.98,1.000158,0.3,-0.3817,0.504,0.6929,,0.03,0
1788867873.1270206,5962892,26.92,1.000158,0.3,-0.4381,0.5171,0.6975,,0.03,0
1788867874.178749,5962892,25.87,1.000158,0.3,-0.4795,0.5236,0.6997,,0.03,0
1788867875.2403502,5962892,24.81,1.000158,0.3,-0.4795,0.5359,0.704,,0.02,0
1788867876.2919557,5962892,23.76,1.000158,0.3,-0.0732,0.5977,0.725,,0.02,0
1788867877.348884,5962892,22.7,1.000105,0.3,-0.4141,0.3572,0.6395,,0.02,0
1788867878.4091098,5962892,21.64,1.000105,0.3,-0.3767,0.3717,0.645,,0.51,0
1788867879.4606576,5962892,20.58,1.000105,0.3,-0.3756,0.3826,0.649,,0.51,0
1788867880.5170405,5962892,19.53,1.000105,0.3,-0.4124,0.3897,0.6516,,0.51,0
1788867881.5797422,5962892,18.47,1.000105,0.3,-0.4128,0.4022,0.6562,,0.51,0
1788867882.6316938,5962892,17.42,1.000105,0.3,-0.4113,0.4161,0.6613,,0.51,0
1788867883.6852148,5962892,16.36,1.000105,0.3,-0.4234,0.4297,0.6663,,0.51,0
1788867884.78793,5962892,15.3,1.000105,0.3,-0.4432,0.4439,0.6714,,0.51,0
1788867885.835825,5962892,14.21,1.000105,0.3,-0.4471,0.4624,0.6781,,0.51,0
1788867886.8867195,5962892,13.16,1.000105,0.3,-0.4475,0.4828,0.6854,,0.51,0
1788867887.938621,5962892,12.11,1.000105,0.3,-0.4475,0.5125,0.6959,,0.51,0
1788867888.9916258,5962892,11.05,1.000105,0.3,-0.5651,0.5249,0.7002,,0.51,0
1788867890.0415082,5962892,10.0,1.000105,0.3,-0.6064,0.5502,0.7089,,0.51,0
1788867891.0992758,5962892,8.95,1.000105,0.3,-0.5099,0.5975,0.7249,,0.51,0
1788867892.15496,5962892,7.89,1.000105,0.3,-0.5113,0.6401,0.739,,0.51,0
1788867893.2169695,5962892,6.84,1.000105,0.3,-0.5175,0.6912,0.7553,,0.51,0
1788867894.2768857,5962892,5.77,1.000105,0.3,-0.512,0.7587,0.776,,0.51,0
1788867895.3450081,5962892,4.71,1.000105,0.3,-0.5214,0.8458,0.8012,,0.51,0
1788867896.3996003,5962892,3.65,1.000105,0.3,-0.5905,0.9608,0.8317,,0.51,0
1788867897.4547515,5962892,2.59,1.000105,0.3,-0.5972,1.152,0.8753,,0.51,0
1788867898.506836,5962892,1.54,1.000105,0.3,-0.5972,1.5144,0.935,,0.51,0
1788867899.5739365,5962892,1.0,1.000105,0.3,-0.5972,1.8991,0.9712,,0.51,0
1788867901.5097108,5962893,299.42,1.0,0.3,-0.0614,-0.0079,0.4969,,0.51,0
1788867902.5582974,5962893,297.49,1.000048,0.3,-0.067,0.0496,0.5198,,0.5,0
1788867903.6215093,5962893,296.43,1.000048,0.3,-0.0354,0.0535,0.5213,,0.43,0
1788867904.6713884,5962893,295.38,1.000048,0.3,-0.0601,0.0507,0.5202,,0.43,0
1788867905.7369502,5962893,294.31,1.000048,0.3,-0.0595,0.0508,0.5203,,0.47,0
1788867906.797067,5962893,293.25,1.000048,0.3,-0.0592,0.051,0.5203,,0.48,0
1788867907.8480415,5962893,292.2,1.000048,0.3,0.632,0.134,0.5533,,0.48,0
1788867908.8979855,5962893,291.15,1.000048,0.3,0.714,0.1439,0.5572,,0.48,0
1788867909.9511378,5962893,290.1,1.000048,0.3,0.5048,0.1189,0.5473,,0.49,0
1788867911.0089815,5962893,289.04,1.000048,0.3,0.504,0.1189,0.5473,,0.5,0
1788867912.0623634,5962893,287.99,1.000048,0.3,0.4974,0.1182,0.5471,,0.5,0
1788867913.1160748,5962893,286.93,1.000048,0.3,0.4969,0.1122,0.5447,,0.5,0
1788867914.1703231,5962893,285.87,1.000048,0.3,0.5281,0.1161,0.5462,,0.5,0
1788867915.2234886,5962893,284.83,1.000048,0.3,0.6049,0.1254,0.5499,,0.5,0
1788867916.27862,5962893,283.77,0.999976,0.3,0.2678,0.0051,0.502,,0.52,0
1788867917.379275,5962893,282.72,0.999862,0.3,-0.5307,-0.2409,0.4048,,0.39,0
1788867918.4393198,5962893,281.61,0.999862,0.3,-0.5319,-0.2413,0.4047,,0.36,0
1788867919.5069244,5962893,280.55,0.999862,0.3,-0.5319,-0.2416,0.4045,,0.36,0
1788867920.6118574,5962893,279.48,0.999945,0.3,-0.4349,-0.1373,0.4454,,0.48,0
1788867921.6753757,5962893,278.37,0.999945,0.3,-0.4349,-0.127,0.4495,,0.46,0
1788867922.7394192,5962893,277.32,0.999945,0.3,-0.4344,-0.127,0.4495,,0.45,0
1788867923.794667,5962893,276.25,0.999945,0.3,-0.4397,-0.1278,0.4492,,0.45,0
1788867924.8567169,5962893,275.2,0.999945,0.3,-0.4394,-0.1279,0.4491,,0.45,0
1788867925.924467,5962893,274.13,0.999945,0.3,-0.4398,-0.128,0.4491,,0.43,0
1788867926.9890275,5962893,273.06,0.999945,0.3,-0.4476,-0.1291,0.4486,,0.42,0
1788867928.057214,5962893,271.99,0.999945,0.3,-0.4473,-0.1059,0.4578,,0.41,0
1788867929.106721,5962893,270.94,0.999945,0.3,-0.4409,-0.1052,0.4581,,0.41,0
1788867930.1735973,5962893,269.88,0.999945,0.3,-0.4408,-0.1053,0.4581,,0.41,0
1788867931.2287843,5962893,268.82,0.999945,0.3,-0.4407,-0.1159,0.4539,,0.41,0
1788867932.2844653,5962893,267.77,0.999945,0.3,-0.5832,-0.1331,0.4471,,0.41,0
1788867933.3818343,5962893,266.71,0.999945,0.3,-0.5968,-0.1348,0.4464,,0.39,0
1788867934.4709678,5962893,265.6,0.999945,0.3,-0.5985,-0.1352,0.4462,,0.44,0
1788867935.5420299,5962893,264.53,0.999945,0.3,-0.5986,-0.1353,0.4462,,0.44,0
1788867936.5950089,5962893,263.45,0.999945,0.3,-0.5984,-0.1354,0.4461,,0.43,0
1788867937.6518347,5962893,262.4,0.999945,0.3,-0.5892,-0.1344,0.4465,,0.43,0
1788867938.7051213,5962893,261.34,0.999945,0.3,-0.5999,-0.1358,0.446,,0.43,0
1788867939.758515,5962893,260.29,0.999945,0.3,-0.5941,-0.1353,0.4462,,0.41,0
1788867940.8146222,5962893,259.23,0.999945,0.3,-0.5941,-0.1354,0.4461,,0.41,0
1788867941.8739526,5962893,258.17,0.999895,0.3,-0.6023,-0.1955,0.4225,,0.34,0
1788867942.9321303,5962893,257.12,0.999895,0.3,-0.6027,-0.2022,0.4199,,0.34,0
1788867943.9918878,5962893,256.05,0.999895,0.3,-0.5982,-0.2019,0.42,,0.34,0
1788867945.0429642,5962893,255.01,0.999895,0.3,-0.6544,-0.2089,0.4173,,0.34,0
1788867946.1063035,5962893,253.94,0.999895,0.3,-0.6545,-0.2091,0.4172,,0.34,0
1788867947.174095,5962893,252.88,0.999895,0.3,0.2372,-0.1024,0.4592,,0.34,0
1788867948.2332177,5962893,251.82,0.999895,0.3,0.2453,-0.1017,0.4595,,0.33,0
1788867949.3296854,5962893,250.76,0.999895,0.3,0.2453,-0.1019,0.4594,,0.33,0
1788867950.3927143,5962893,249.66,0.999895,0.3,0.2705,-0.0992,0.4605,,0.33,0
1788867951.457971,5962893,248.59,0.999779,0.3,-0.662,-0.3637,0.358,,0.27,0
1788867952.5250247,5962893,247.52,0.999779,0.3,-0.6617,-0.3579,0.3602,,0.27,0
1788867953.5799377,5962893,246.47,0.999779,0.3,-0.6589,-0.3581,0.3601,,0.28,0
1788867954.632917,5962893,245.42,0.999779,0.3,-0.6523,-0.3579,0.3602,,0.29,0
1788867955.6889026,5962893,244.36,0.999779,0.3,-0.6539,-0.3587,0.3599,,0.29,0
1788867956.7541957,5962893,243.3,0.999779,0.3,-0.6539,-0.3592,0.3597,,0.3,0
1788867957.819991,5962893,242.23,0.999779,0.3,-0.6453,-0.3588,0.3599,,0.31,0
1788867958.8816917,5962893,241.17,0.999779,0.3,-0.6892,-0.3646,0.3577,,0.31,0
1788867959.945702,5962893,240.1,0.999779,0.3,-0.6889,-0.3652,0.3575,,0.3,0
1788867961.0029511,5962893,239.05,0.999779,0.3,-0.688,-0.3657,0.3573,,0.3,0
1788867962.0644016,5962893,237.99,0.999779,0.3,-0.7088,-0.3542,0.3616,,0.3,0
1788867963.1183038,5962893,236.93,0.999779,0.3,-0.7088,-0.3548,0.3614,,0.28,0
1788867964.181401,5962893,235.87,0.999779,0.3,-0.7081,-0.3553,0.3612,,0.28,0
1788867965.2868416,5962893,234.81,0.999779,0.3,-0.7081,-0.3559,0.3609,,0.29,0
1788867966.3425314,5962893,233.71,0.999779,0.3,-0.7127,-0.3571,0.3605,,0.31,0
1788867967.4030015,5962893,232.65,0.999779,0.3,-0.7139,-0.3579,0.3602,,0.28,0
1788867968.457414,5962893,231.59,0.999779,0.3,-0.6338,-0.3489,0.3636,,0.28,0
1788867969.5107064,5962893,230.54,0.999779,0.3,-0.6263,-0.3486,0.3637,,0.29,0
1788867970.575542,5962893,229.48,0.999746,0.3,-0.7481,-0.4045,0.3429,,0.25,0
1788867971.633393,5962893,228.41,0.999746,0.3,-0.7481,-0.4094,0.3411,,0.23,0
1788867972.6867502,5962893,227.37,0.999742,0.3,-0.6952,-0.4088,0.3413,,0.22,0
1788867973.7468784,5962893,226.31,0.999563,0.3,-0.7755,-0.6644,0.2532,,0.19,0
1788867974.8021271,5962893,225.25,0.999563,0.3,-0.776,-0.6657,0.2528,,0.19,0
1788867975.8493612,5962893,224.2,0.999563,0.3,-0.7759,-0.667,0.2524,,0.2,0
1788867976.8983896,5962893,223.15,0.999563,0.3,-0.7771,-0.6684,0.2519,,0.2,0
1788867977.9542856,5962893,222.09,0.999563,0.3,-0.7673,-0.6685,0.2519,,0.19,0
1788867979.0123975,5962893,221.04,0.999538,0.3,-0.7426,-0.699,0.2423,,0.17,0
1788867980.0653312,5962893,219.98,0.999538,0.3,-0.7439,-0.7037,0.2408,,0.17,0
1788867981.1708198,5962893,218.93,0.999538,0.3,-0.7365,-0.7001,0.2419,,0.19,0
1788867982.2362065,5962893,217.82,0.999538,0.3,-0.6047,-0.6858,0.2464,,0.19,0
1788867983.295112,5962893,216.76,0.999487,0.3,-0.7224,-0.7433,0.2286,,0.16,0
1788867984.3577878,5962893,215.7,0.999487,0.3,-0.7391,-0.7533,0.2256,,0.15,0
1788867985.4150476,5962893,214.64,0.999429,0.3,-0.7365,-0.8354,0.2018,,0.14,0
1788867986.4735944,5962893,213.58,0.999429,0.3,-0.7355,-0.8371,0.2013,,0.14,0
1788867987.5366805,5962893,212.51,0.999429,0.3,-0.7353,-0.8389,0.2008,,0.14,0
1788867988.6088138,5962893,211.45,0.999385,0.3,-0.7572,-0.9063,0.1824,,0.13,0
1788867989.6663158,5962893,210.38,0.999385,0.3,-0.7802,-0.9078,0.182,,0.13,0
1788867990.7305524,5962893,209.33,0.999385,0.3,-0.7873,-0.9107,0.1812,,0.13,0
1788867991.7832727,5962893,208.27,0.999385,0.3,-0.7773,-0.9115,0.181,,0.15,0
1788867992.8520362,5962893,207.2,0.999461,0.3,-0.4479,-0.7746,0.2193,,0.19,0
1788867993.9152112,5962893,206.13,0.999487,0.3,-0.4086,-0.7288,0.233,,0.19,0
1788867994.9782057,5962893,205.08,0.999512,0.3,-0.277,-0.6718,0.2508,,0.2,0
1788867996.033981,5962893,204.02,0.999512,0.3,-0.277,-0.6631,0.2536,,0.2,0
1788867997.2007148,5962893,202.96,0.999512,0.3,-0.2725,-0.6642,0.2533,,0.2,0
1788867998.2650008,5962893,201.79,0.999512,0.3,-0.275,-0.6664,0.2526,,0.2,0
1788867999.3266897,5962893,200.72,0.999584,0.3,-0.2027,-0.5591,0.2881,,0.23,0
1788868000.3864465,5962893,199.66,0.99966,0.3,-0.1196,-0.4306,0.3334,,0.24,0
1788868001.4380183,5962893,198.61,0.99966,0.3,0.006,-0.4167,0.3385,,0.24,0
1788868002.4949622,5962893,197.55,0.999691,0.3,0.0415,-0.3694,0.3559,,0.28,0
1788868003.5557013,5962893,196.49,0.999691,0.3,0.1354,-0.3688,0.3561,,0.22,0
1788868004.632433,5962893,195.43,0.999691,0.3,0.1354,-0.3731,0.3545,,0.21,0
1788868005.6995428,5962893,194.36,0.999614,0.3,-0.0331,-0.5005,0.3084,,0.16,0
1788868006.757999,5962893,193.29,0.999589,0.3,-0.0348,-0.5487,0.2916,,0.15,0
1788868007.8242366,5962893,192.23,0.999589,0.3,-0.0333,-0.55,0.2912,,0.15,0
1788868008.8784797,5962893,191.17,0.999589,0.3,-0.0333,-0.5516,0.2906,,0.15,0
1788868009.9333103,5962893,190.11,0.999589,0.3,-0.0401,-0.5539,0.2898,,0.15,0
1788868011.0249662,5962893,189.06,0.999589,0.3,-0.0424,-0.5743,0.2829,,0.15,0
1788868012.1044762,5962893,187.97,0.999589,0.3,-0.0751,-0.5841,0.2796,,0.13,0
1788868013.244836,5962893,186.88,0.999538,0.3,-0.046,-0.6585,0.2551,,0.13,0
1788868014.2974973,5962893,185.75,0.999538,0.3,-0.0192,-0.6572,0.2555,,0.12,0
1788868015.3613956,5962893,184.69,0.999339,0.3,-0.2238,-0.9645,0.1674,,0.1,0
1788868016.419102,5962893,183.63,0.999339,0.3,-0.2297,-0.9737,0.1651,,0.1,0
1788868017.475901,5962893,182.57,0.999339,0.3,-0.162,-0.9682,0.1665,,0.11,0
1788868018.5333107,5962893,181.52,0.999339,0.3,-0.0928,-0.9626,0.1679,,0.11,0
1788868019.58906,5962893,180.46,0.999339,0.3,-0.0907,-0.965,0.1673,,0.11,0
1788868020.646183,5962893,179.41,0.999339,0.3,-0.0754,-0.9659,0.1671,,0.11,0
1788868021.6980963,5962893,178.35,0.999433,0.3,0.0144,-0.8227,0.2053,,0.12,0
1788868022.7566693,5962893,177.29,0.999433,0.3,-0.1104,-0.8302,0.2032,,0.12,0
1788868023.8309789,5962893,176.23,0.999433,0.3,-0.1104,-0.8261,0.2044,,0.12,0
1788868024.897831,5962893,175.15,0.999433,0.3,-0.2225,-0.8421,0.1999,,0.12,0
1788868025.9548583,5962893,174.1,0.999433,0.3,-0.2225,-0.8381,0.201,,0.12,0
1788868027.0131114,5962893,173.04,0.999483,0.3,-0.1462,-0.7427,0.2288,,0.15,0
1788868028.1145422,5962893,171.97,0.999563,0.3,-0.0121,-0.6078,0.2717,,0.51,0
1788868029.2207718,5962893,170.88,0.999589,0.3,0.0194,-0.5562,0.289,,0.21,0
1788868030.2876117,5962893,169.77,0.999589,0.3,-0.0995,-0.5724,0.2835,,0.2,0
1788868031.3416724,5962893,168.71,0.999589,0.3,-0.0995,-0.5762,0.2822,,0.19,0
1788868032.4034073,5962893,167.64,0.999486,0.3,-0.7419,-0.826,0.2044,,0.14,0
1788868033.474252,5962893,166.59,0.999486,0.3,-0.7319,-0.8272,0.2041,,0.14,0
1788868034.532684,5962893,165.52,0.999486,0.3,-0.7318,-0.8296,0.2034,,0.13,0
1788868035.5952787,5962893,164.45,0.999486,0.3,-0.7318,-0.832,0.2027,,0.13,0
1788868036.6546857,5962893,163.4,0.999486,0.3,-0.7172,-0.8327,0.2025,,0.13,0
1788868037.708868,5962893,162.34,0.999486,0.3,-0.7192,-0.8415,0.2,,0.13,0
1788868038.7599342,5962893,161.29,0.999486,0.3,-0.7088,-0.8528,0.1969,,0.13,0
1788868039.8210127,5962893,160.23,0.999486,0.3,-0.7087,-0.8585,0.1953,,0.12,0
1788868040.8742852,5962893,159.18,0.999538,0.3,-0.6949,-0.7831,0.2168,,0.17,0
1788868041.9327517,5962893,158.12,0.999538,0.3,-0.6935,-0.7788,0.2181,,0.17,0
1788868042.9889495,5962893,157.06,0.999614,0.3,-0.6046,-0.6432,0.26,,0.21,0
1788868044.0520177,5962893,155.99,0.999614,0.3,-0.605,-0.6357,0.2625,,0.19,0
1788868045.1800275,5962893,154.93,0.999614,0.3,-0.6043,-0.6375,0.2619,,0.17,0
1788868046.239424,5962893,153.81,0.999614,0.3,-0.5709,-0.6356,0.2625,,0.17,0
1788868047.2955801,5962893,152.76,0.999614,0.3,-0.6059,-0.6419,0.2605,,0.16,0
1788868048.3555453,5962893,151.69,0.999614,0.3,-0.6051,-0.6438,0.2598,,0.16,0
1788868049.413786,5962893,150.63,0.999614,0.3,-0.5997,-0.6452,0.2594,,0.16,0
1788868050.4864247,5962893,149.57,0.999614,0.3,-0.5939,-0.6466,0.2589,,0.14,0
1788868051.5484,5962893,148.5,0.999614,0.3,-0.6495,-0.6619,0.254,,0.13,0
1788868052.6009123,5962893,147.45,0.999614,0.3,-0.6495,-0.664,0.2534,,0.12,0
1788868053.664236,5962893,146.39,0.999614,0.3,-0.6507,-0.6759,0.2496,,0.13,0
1788868054.7273314,5962893,145.33,0.999614,0.3,-0.6503,-0.678,0.2489,,0.12,0
1788868055.7773962,5962893,144.27,0.999614,0.3,-0.6503,-0.6802,0.2482,,0.12,0
1788868056.841326,5962893,143.21,0.999526,0.3,-0.6965,-0.8264,0.2043,,0.09,0
1788868057.909462,5962893,142.14,0.999526,0.3,-0.6965,-0.8403,0.2004,,0.09,0
1788868058.9595256,5962893,141.09,0.999526,0.3,-0.8087,-0.8566,0.1958,,0.09,0
1788868060.016219,5962893,140.04,0.999526,0.3,-0.8087,-0.8594,0.1951,,0.08,0
1788868061.15181,5962893,138.98,0.999487,0.3,-0.8134,-0.9295,0.1763,,0.07,0
1788868062.2053566,5962893,137.84,0.999487,0.3,-0.8134,-0.9328,0.1755,,0.07,0
1788868063.265085,5962893,136.79,0.999487,0.3,-0.8134,-0.936,0.1746,,0.07,0
1788868064.3167453,5962893,135.73,0.999487,0.3,0.3147,-0.8038,0.2108,,0.07,0
1788868065.3750675,5962893,134.68,0.999487,0.3,0.3173,-0.8067,0.2099,,0.06,0
1788868066.4508164,5962893,133.62,0.999461,0.3,0.2221,-0.8627,0.1941,,0.07,0
1788868067.5130641,5962893,132.54,0.999461,0.3,0.2221,-0.8584,0.1953,,0.06,0
1788868068.5701697,5962893,131.48,0.999461,0.3,0.2225,-0.8618,0.1944,,0.06,0
1788868069.6259892,5962893,130.42,0.999461,0.3,0.2225,-0.8654,0.1934,,0.06,0
1788868070.6870263,5962893,129.36,0.999461,0.3,0.1029,-0.8834,0.1885,,0.08,0
1788868071.753557,5962893,128.3,0.999435,0.3,-0.0917,-0.9494,0.1712,,0.07,0
1788868072.8120246,5962893,127.24,0.999435,0.3,-0.0923,-0.9567,0.1694,,0.07,0
1788868073.876865,5962893,126.17,0.999435,0.3,-0.6782,-1.0309,0.1513,,0.07,0
1788868074.9495714,5962893,125.12,0.999435,0.3,-0.6782,-1.0349,0.1504,,0.07,0
1788868076.011254,5962893,124.04,0.999435,0.3,-0.6778,-1.039,0.1494,,0.07,0
1788868077.1076632,5962893,122.99,0.999435,0.3,-0.649,-1.0395,0.1493,,0.07,0
1788868078.1643054,5962893,121.89,0.999435,0.3,-0.6489,-1.0406,0.149,,0.08,0
1788868079.2273102,5962893,120.83,0.999435,0.3,-0.6489,-1.0448,0.1481,,0.08,0
1788868080.2792635,5962893,119.77,0.999469,0.3,-0.1724,-0.9338,0.1752,,0.08,0
1788868081.3360438,5962893,118.71,0.999469,0.3,-0.206,-0.9376,0.1742,,0.09,0
1788868082.3963616,5962893,117.65,0.999469,0.3,-0.1231,-0.9285,0.1766,,0.09,0
1788868083.4572685,5962893,116.59,0.999469,0.3,-0.1528,-0.9362,0.1746,,0.09,0
1788868084.5327806,5962893,115.53,0.999611,0.3,0.1706,-0.6355,0.2625,,0.14,0
1788868085.5860403,5962893,114.46,0.999614,0.3,0.1686,-0.6336,0.2632,,0.13,0
1788868086.6391814,5962893,113.41,0.999614,0.3,0.1761,-0.6354,0.2626,,0.13,0
1788868087.7002544,5962893,112.35,0.999614,0.3,0.2991,-0.6239,0.2664,,0.13,0
1788868088.7583628,5962893,111.29,0.99964,0.3,0.3094,-0.5774,0.2818,,0.14,0
1788868089.815411,5962893,110.23,0.99964,0.3,0.3253,-0.5785,0.2815,,0.14,0
1788868090.875991,5962893,109.18,0.99964,0.3,0.3621,-0.5772,0.2819,,0.13,0
1788868091.927229,5962893,108.12,0.99964,0.3,0.377,-0.5828,0.28,,0.14,0
1788868093.0357478,5962893,107.06,0.99964,0.3,0.4104,-0.582,0.2803,,0.13,0
1788868094.1147344,5962893,105.95,0.99964,0.3,0.4214,-0.602,0.2736,,0.12,0
1788868095.1733344,5962893,104.88,0.99964,0.3,0.4213,-0.6054,0.2725,,0.12,0
1788868096.2263598,5962893,103.82,0.99964,0.3,0.4198,-0.6093,0.2712,,0.12,0
1788868097.2771158,5962893,102.77,0.99964,0.3,0.4732,-0.6062,0.2722,,0.11,0
1788868098.3415585,5962893,101.72,0.99964,0.3,0.4716,-0.6131,0.2699,,0.11,0
1788868099.3942227,5962893,100.65,0.99964,0.3,0.4441,-0.6199,0.2677,,0.1,0
1788868100.4606934,5962893,99.6,0.99964,0.3,0.4457,-0.6232,0.2666,,0.1,0
1788868101.5182452,5962893,98.53,0.99964,0.3,-0.2405,-0.7092,0.2391,,0.1,0
1788868102.5701947,5962893,97.48,0.99964,0.3,-0.2186,-0.7103,0.2388,,0.08,0
1788868103.634851,5962893,96.41,0.99964,0.3,-0.2197,-0.7142,0.2376,,0.07,0
1788868104.6866722,5962893,95.36,0.999716,0.3,0.0205,-0.5424,0.2938,,0.1,0
1788868105.739726,5962893,94.31,0.999716,0.3,0.0208,-0.5358,0.296,,0.09,0
1788868106.7917588,5962893,93.26,0.999716,0.3,0.0177,-0.5393,0.2949,,0.08,0
1788868107.8730528,5962893,92.2,0.999716,0.3,0.0175,-0.5424,0.2938,,0.08,0
1788868108.9788265,5962893,91.12,0.999716,0.3,0.0248,-0.5448,0.2929,,0.08,0
1788868110.0354848,5962893,90.01,0.999716,0.3,0.0246,-0.5483,0.2918,,0.08,0
1788868111.0942533,5962893,88.95,0.999716,0.3,-0.0523,-0.5608,0.2875,,0.08,0
1788868112.153111,5962893,87.9,0.999716,0.3,-0.0523,-0.5642,0.2863,,0.08,0
1788868113.203854,5962893,86.84,0.999716,0.3,-0.0758,-0.5704,0.2842,,0.08,0
1788868114.30159,5962893,85.79,0.999716,0.3,-0.0716,-0.5734,0.2832,,0.08,0
1788868115.3673682,5962893,84.69,0.999716,0.3,-0.2142,-0.6038,0.273,,0.08,0
1788868116.4354403,5962893,83.63,0.999716,0.3,-0.2698,-0.6142,0.2695,,0.08,0
1788868117.5131946,5962893,82.55,0.999716,0.3,-0.2698,-0.618,0.2683,,0.07,0
1788868118.5864735,5962893,81.48,0.999716,0.3,-0.2698,-0.6218,0.267,,0.07,0
1788868119.671682,5962893,80.4,0.999664,0.3,-0.3274,-0.7421,0.229,,0.07,0
1788868120.7406807,5962893,79.32,0.999538,0.3,-0.3465,-1.0266,0.1523,,0.03,0
1788868121.8039796,5962893,78.25,0.999538,0.3,-0.3644,-1.0453,0.1479,,0.03,0
1788868122.860761,5962893,77.19,0.999538,0.3,-0.37,-1.0526,0.1463,,0.03,0
1788868123.91521,5962893,76.13,0.999538,0.3,-0.4243,-1.0659,0.1432,,0.03,0
1788868125.0167933,5962893,75.07,0.999538,0.3,-0.4243,-1.0729,0.1417,,0.03,0
1788868126.0749347,5962893,73.98,0.999538,0.3,-0.4287,-1.0808,0.1399,,0.04,0
1788868127.1262248,5962893,72.92,0.999538,0.3,-0.4302,-1.0882,0.1382,,0.03,0
1788868128.1765022,5962893,71.87,0.999538,0.3,-0.43,-1.0956,0.1366,,0.04,0
1788868129.2399704,5962893,70.81,0.999538,0.3,-0.4302,-1.1033,0.135,,0.04,0
1788868130.2950907,5962893,69.76,0.999538,0.3,-0.4266,-1.098,0.1361,,0.04,0
1788868131.3521636,5962893,68.69,0.999589,0.3,-0.3576,-0.9665,0.1669,,0.05,0
1788868132.4091017,5962893,67.64,0.999589,0.3,-0.3586,-0.9739,0.1651,,0.05,0
1788868133.4622834,5962893,66.59,0.999589,0.3,0.3364,-0.8979,0.1846,,0.05,0
1788868134.5455565,5962893,65.52,0.999589,0.3,-0.1248,-0.9609,0.1683,,0.04,0
1788868135.6010056,5962893,64.45,0.999589,0.3,-0.2742,-0.9867,0.1619,,0.04,0
1788868136.6513252,5962893,63.39,0.999589,0.3,-0.252,-0.9919,0.1606,,0.04,0
1788868137.7110703,5962893,62.34,0.999589,0.3,-0.2508,-1.0,0.1587,,0.04,0
1788868138.7622077,5962893,61.28,0.999589,0.3,-0.2991,-1.0141,0.1553,,0.03,0
1788868139.810589,5962893,60.23,0.999589,0.3,-0.2777,-1.0201,0.1538,,0.03,0
1788868140.9694319,5962893,59.18,0.999589,0.3,-0.2855,-1.0299,0.1515,,0.02,0
1788868142.053785,5962893,58.02,0.999589,0.3,-0.3133,-1.0495,0.147,,0.51,0
1788868143.1107311,5962893,56.94,0.999589,0.3,-0.3133,-1.0591,0.1448,,0.51,0
1788868144.1723466,5962893,55.88,0.999589,0.3,-0.2648,-1.0629,0.1439,,0.51,0
1788868145.2228022,5962893,54.83,0.999589,0.3,-0.2656,-1.0728,0.1417,,0.51,0
1788868146.2842562,5962893,53.76,0.999589,0.3,-0.2653,-1.083,0.1394,,0.51,0
1788868147.343199,5962893,52.71,0.999589,0.3,-0.2109,-1.087,0.1385,,0.51,0
1788868148.396829,5962893,51.66,0.999554,0.3,-0.2744,-1.1961,0.1158,,0.51,0
1788868149.459491,5962893,50.59,0.999554,0.3,-0.2862,-1.214,0.1124,,0.51,0
1788868150.523567,5962893,49.53,0.999509,0.3,-0.4302,-1.3686,0.0856,,0.51,0
1788868151.5911312,5962893,48.46,0.999509,0.3,-0.4014,-1.3794,0.0839,,0.51,0
1788868152.64624,5962893,47.4,0.999509,0.3,-0.3282,-1.3853,0.083,,0.51,0
1788868153.7150037,5962893,46.34,0.999509,0.3,-0.3309,-1.4009,0.0806,,0.51,0
1788868154.7779324,5962893,45.27,0.999447,0.3,-0.3756,-1.595,0.0554,,0.51,0
1788868155.841574,5962893,44.21,0.999447,0.3,-0.3824,-1.6219,0.0524,,0.51,0
1788868156.8935683,5962893,43.15,0.999447,0.3,-0.381,-1.6407,0.0504,,0.51,0
1788868157.9586184,5962893,42.09,0.999447,0.3,-0.378,-1.6601,0.0484,,0.51,0
1788868159.02238,5962893,41.03,0.999447,0.3,-0.3894,-1.6821,0.0463,,0.51,0
1788868160.0724258,5962893,39.98,0.99941,0.3,-0.4649,-1.8157,0.0347,,0.51,0
1788868161.1236281,5962893,38.92,0.99941,0.3,-0.4652,-1.8392,0.0329,,0.51,0
1788868162.1742356,5962893,37.87,0.99941,0.3,-0.6773,-1.889,0.0294,,0.51,0
1788868163.2424817,5962893,36.81,0.999397,0.3,-0.7642,-1.9644,0.0247,,0.51,0
1788868164.3099496,5962893,35.74,0.999397,0.3,-0.7643,-1.9938,0.0231,,0.51,0
1788868165.3678367,5962893,34.68,0.999397,0.3,-0.8262,-2.0219,0.0216,,0.51,0
1788868166.4424334,5962893,33.63,0.999397,0.3,-0.8262,-2.0518,0.0201,,0.51,0
1788868167.507495,5962893,32.55,0.999397,0.3,-0.8433,-2.0859,0.0185,,0.51,0
1788868168.5620763,5962893,31.49,0.999397,0.3,-0.8151,-2.1154,0.0172,,0.51,0
1788868169.6357734,5962893,30.42,0.999397,0.3,-0.829,-2.1521,0.0157,,0.51,0
1788868170.7134056,5962893,29.35,0.999397,0.3,-0.8306,-2.1846,0.0145,,0.51,0
1788868171.7690234,5962893,28.28,0.999397,0.3,-0.8284,-2.2235,0.0131,,0.51,0
1788868172.825234,5962893,27.23,0.999397,0.3,-0.827,-2.264,0.0118,,0.51,0
1788868173.8837857,5962893,26.17,0.999397,0.3,-0.865,-2.3119,0.0104,,0.51,0
1788868174.9492412,5962893,25.11,0.999397,0.3,-0.8623,-2.3562,0.0092,,0.51,0
1788868176.0032163,5962893,24.05,0.999397,0.3,-0.8623,-2.4053,0.0081,,0.51,0
1788868177.0573366,5962893,22.99,0.999397,0.3,-0.862,-2.4573,0.007,,0.51,0
1788868178.1167746,5962893,21.93,0.999397,0.3,-0.8581,-2.5131,0.006,,0.51,0
1788868179.1700351,5962893,20.88,0.999397,0.3,-0.8012,-2.5663,0.0051,,0.51,0
1788868180.2318797,5962893,19.82,0.999397,0.3,-0.8012,-2.6314,0.0043,,0.51,0
1788868181.2985554,5962893,18.76,0.999741,0.3,0.6835,-0.9932,0.1603,,0.51,0
1788868182.3734279,5962893,17.7,0.999795,0.3,0.6952,-0.7809,0.2174,,0.51,0
1788868183.4257395,5962893,16.62,0.999795,0.3,0.6953,-0.8099,0.209,,0.51,0
1788868184.4775412,5962893,15.57,0.999844,0.3,0.7216,-0.6001,0.2742,,0.51,0
1788868185.5343466,5962893,14.52,0.99994,0.3,0.7297,-0.1495,0.4406,,0.51,0
1788868186.5919547,5962893,13.46,0.99994,0.3,0.7353,-0.148,0.4412,,0.51,0
1788868187.6438708,5962893,12.41,0.99994,0.3,0.7351,-0.1606,0.4362,,0.51,0
1788868188.7102976,5962893,11.34,0.99994,0.3,0.7349,-0.1751,0.4305,,0.51,0
1788868189.7661192,5962893,10.28,0.99994,0.3,0.7349,-0.1918,0.4239,,0.51,0
1788868190.8244643,5962893,9.23,0.99994,0.3,0.8134,-0.2017,0.4201,,0.51,0
1788868191.887126,5962893,8.16,0.999895,0.3,0.7574,-0.5749,0.2827,,0.51,0
1788868192.940403,5962893,7.11,0.999895,0.3,0.7576,-0.6365,0.2622,,0.51,0
1788868193.9947574,5962893,6.05,0.999895,0.3,0.9154,-0.6798,0.2483,,0.51,0
1788868195.0492423,5962893,5.0,0.999895,0.3,0.9155,-0.766,0.2218,,0.51,0
1788868196.1027591,5962893,3.94,0.999895,0.3,0.917,-0.8892,0.187,,0.51,0
1788868197.153714,5962893,2.9,0.999895,0.3,0.9172,-1.0552,0.1457,,0.51,0
1788868198.2171326,5962893,1.83,0.999895,0.3,0.9172,-1.3533,0.088,,0.51,0
1788868199.2770104,5962893,1.0,0.999895,0.3,0.9197,-1.8685,0.0308,,0.51,0
1788868716.829292,5962895,83.64,1.001035,0.65,-0.2632,0.9458,0.8279,,0.51,1
1788868717.8854527,5962895,82.16,1.000931,0.65,-0.9987,0.7671,0.7785,,0.51,1
1788868718.937841,5962895,81.11,1.000931,0.65,-0.9987,0.7599,0.7763,,0.51,1
1788868719.9895203,5962895,80.05,1.000931,0.65,-0.9987,0.7657,0.7781,,0.51,1
1788868721.0473902,5962895,79.0,1.000931,0.65,-0.9985,0.7717,0.7799,,0.51,1
1788868722.0952332,5962895,77.95,1.000931,0.65,-0.9881,0.7791,0.782,,0.51,1
1788868723.168818,5962895,76.89,1.000931,0.65,-0.9848,0.7853,0.7839,,0.51,1
1788868724.2177346,5962895,75.83,1.000931,0.65,-0.9646,0.7941,0.7864,,0.51,1
1788868725.2721956,5962895,74.77,1.000848,0.5975,-0.971,0.7854,0.7839,,0.51,1
1788868726.3241072,5962895,73.72,1.000848,0.5529,-0.9669,0.8631,0.806,,0.51,1
1788868727.3798292,5962895,72.67,1.000848,0.5149,-0.9649,0.9451,0.8277,,0.51,1
1788868728.431389,5962895,71.61,1.000848,0.4827,-0.9649,1.0391,0.8506,,0.51,1
1788868729.4814234,5962895,70.56,1.000848,0.4553,-0.9532,1.1198,0.8686,,0.51,1
1788868730.5301025,5962895,69.51,1.000848,0.432,-0.9531,1.1968,0.8843,,0.51,1
1788868731.5934765,5962895,68.46,1.000848,0.4122,-0.9528,1.2711,0.8981,,0.51,1
1788868732.6973455,5962895,67.39,1.000848,0.3954,-0.9528,1.342,0.9102,,0.51,1
1788868733.7529588,5962895,66.29,1.000848,0.3811,0.6789,1.6055,0.9458,,0.51,1
1788868734.8014908,5962895,65.24,1.000848,0.3689,0.6785,1.6687,0.9524,,0.51,1
1788868735.8536694,5962895,64.19,1.000848,0.3586,0.6784,1.7343,0.9586,,0.51,1
1788868736.9085546,5962895,63.14,1.000848,0.3498,0.6757,1.7941,0.9636,,0.51,1
1788868737.9672363,5962895,62.08,1.000848,0.3423,0.6756,1.8462,0.9676,,0.51,1
1788868739.0260363,5962895,61.02,1.000848,0.336,0.6756,1.8952,0.971,,0.51,1
1788868740.106187,5962895,59.97,1.000848,0.3306,0.6759,1.941,0.9739,,0.51,1
1788868741.162282,5962895,58.88,1.000848,0.3221,0.6708,2.0068,0.9776,,0.51,1
1788868742.2088296,5962895,57.84,1.000848,0.3188,0.67,2.0443,0.9795,,0.51,1
1788868743.2595654,5962895,56.79,1.000755,0.316,0.6325,1.8443,0.9674,,0.51,1
1788868744.3115704,5962895,55.74,1.000755,0.3136,0.6341,1.8749,0.9696,,0.51,1
1788868745.364717,5962895,54.69,1.000653,0.3115,0.5453,1.6352,0.949,,0.51,1
1788868746.6697981,5962895,53.62,1.000653,0.3115,0.5453,1.6509,0.9506,,0.51,1
1788868747.7795055,5962895,52.32,1.000653,0.3083,0.5453,1.6845,0.954,,0.51,1
1788868748.8292737,5962895,51.21,1.000653,0.3071,0.7443,1.7327,0.9584,,0.51,1
1788868749.8875234,5962895,50.17,1.000653,0.306,0.7347,1.7548,0.9604,,0.51,1
1788868750.9450345,5962895,49.1,1.000653,0.3051,0.7347,1.7781,0.9623,,0.51,1
1788868751.9985933,5962895,48.05,1.000653,0.3043,0.7347,1.8012,0.9642,,0.51,1
1788868753.0500138,5962895,46.99,1.000653,0.3037,0.7347,1.8243,0.9659,,0.51,1
1788868754.103124,5962895,45.95,1.000653,0.3031,0.7347,1.8592,0.9685,,0.51,1
1788868755.1669803,5962895,44.89,1.000678,0.3023,0.762,1.9714,0.9757,,0.51,1
1788868756.2290702,5962895,43.82,1.000747,0.3019,0.8297,2.2098,0.9864,,0.51,1
1788868757.2911756,5962895,42.76,1.000882,0.3016,0.8123,2.6377,0.9958,,0.51,1
1788868758.3384855,5962895,41.71,1.000882,0.3014,0.8123,2.6714,0.9962,,0.51,1
1788868759.405636,5962895,40.65,1.000882,0.3014,0.8123,2.7043,0.9966,,0.51,1
1788868760.4641066,5962895,39.58,1.000908,0.301,0.8135,2.8212,0.9976,,0.51,1
1788868761.5159256,5962895,38.53,1.000908,0.3009,0.8124,2.8588,0.9979,,0.51,1
1788868762.5641215,5962895,37.48,1.000908,0.3007,0.8125,2.898,0.9981,,0.51,1
1788868763.610435,5962895,36.43,1.000908,0.3006,0.4168,2.8911,0.9981,,0.51,1
1788868764.6650386,5962895,35.38,1.000908,0.3005,0.4168,2.9334,0.9983,,0.51,1
1788868765.7244246,5962895,34.33,1.000927,0.3004,0.4512,3.0399,0.9988,,0.51,1
1788868766.7823908,5962895,33.26,1.000927,0.3004,0.4008,3.0754,0.9989,,0.51,1
1788868767.834734,5962895,32.21,1.000927,0.3003,0.4008,3.1077,0.9991,,0.51,1
1788868768.8860204,5962895,31.16,1.000927,0.3003,0.4126,3.1606,0.9992,,0.51,1
1788868769.9381595,5962895,30.11,1.000927,0.3002,0.4123,3.2148,0.9993,,0.51,1
1788868770.9920835,5962895,29.05,1.000927,0.3002,0.4088,3.2684,0.9995,,0.51,1
1788868772.047088,5962895,28.0,1.000927,0.3002,0.4088,3.3285,0.9996,,0.51,1
1788868773.0941548,5962895,26.95,1.000927,0.3001,0.5017,3.4032,0.9997,,0.51,1
1788868774.1467493,5962895,25.9,1.000992,0.3001,0.6111,3.7294,0.9999,,0.51,1
1788868775.201913,5962895,24.84,1.001056,0.3001,0.626,4.0589,1.0,,0.51,1
1788868776.2922554,5962895,23.79,1.001056,0.3001,0.8268,4.1678,1.0,,0.51,1
1788868777.3385797,5962895,22.71,1.000857,0.3001,0.3327,3.3963,0.9997,,0.51,1
1788868778.3854697,5962895,21.66,1.000857,0.3001,0.333,3.4767,0.9997,,0.51,1
1788868779.4321353,5962895,20.61,1.000653,0.3,0.1475,2.6744,0.9963,,0.51,1
1788868780.4786599,5962895,19.57,1.000653,0.3,0.1475,2.7453,0.997,,0.51,1
1788868781.529864,5962895,18.51,1.000627,0.3,0.115,2.7048,0.9966,,0.51,1
1788868782.581745,5962895,17.46,1.000627,0.3,0.116,2.7859,0.9973,,0.51,1
1788868783.631134,5962895,16.41,1.000627,0.3,0.1161,2.8743,0.998,,0.51,1
1788868784.6868887,5962895,15.35,1.000627,0.3,0.1161,2.9654,0.9985,,0.51,1
1788868785.7490017,5962895,14.3,1.000627,0.3,0.0672,3.0593,0.9989,,0.51,1
1788868786.8047683,5962895,13.25,1.000627,0.3,-0.2207,3.1458,0.9992,,0.51,1
1788868787.8561726,5962895,12.19,1.000627,0.3,-0.2048,3.3098,0.9995,,0.51,1
1788868788.9118004,5962895,11.14,1.000627,0.3,-0.2048,3.4651,0.9997,,0.51,1
1788868789.9636075,5962895,10.09,1.000627,0.3,-0.2076,3.6689,0.9999,,0.51,1
1788868791.0137079,5962895,9.03,1.000627,0.3,-0.2242,3.8771,0.9999,,0.51,1
1788868792.0630236,5962895,7.98,1.000627,0.3,-0.2204,4.1302,1.0,,0.51,1
1788868793.1211889,5962895,6.92,1.000627,0.3,-0.2203,4.436,1.0,,0.51,1
1788868794.1804256,5962895,5.86,1.000627,0.3,-0.2134,4.8231,1.0,,0.51,1
1788868795.2528415,5962895,4.81,1.000627,0.3,-0.2134,5.3295,1.0,,0.51,1
1788868796.3028836,5962895,3.74,1.000627,0.3,-0.278,6.0368,1.0,,0.51,1
1788868797.3584878,5962895,2.69,1.000627,0.3,-0.259,7.1272,1.0,,0.51,1
1788868798.4138355,5962895,1.63,1.000627,0.3,-0.2581,9.1687,1.0,,0.51,1
1788868799.4629529,5962895,1.0,1.000627,0.3,-0.2719,11.7092,1.0,,0.51,1
1788869394.9757972,5962897,5.49,1.001474,0.65,1.0,5.5513,1.0,,0.51,1
1788869396.0431397,5962897,4.01,1.001474,0.65,0.9799,6.4715,1.0,,0.51,1
1788869397.0978258,5962897,2.95,1.001474,0.65,0.9806,7.5324,1.0,,0.51,1
1788869398.1612282,5962897,1.9,1.001474,0.65,0.6335,9.3147,1.0,,0.51,1
1788869399.2230635,5962897,1.0,1.00153,0.65,0.7595,13.3121,1.0,,0.51,1
1788869401.111448,5962898,299.76,1.000056,0.65,0.7585,0.1249,0.5497,,0.68,0
1788869402.1684475,5962898,297.88,1.000056,0.65,0.8215,0.1326,0.5527,,0.69,0
1788869403.2203732,5962898,296.83,1.000056,0.5529,0.8204,0.1375,0.5547,,0.69,0
1788869404.271442,5962898,295.78,1.000056,0.5149,0.8259,0.1408,0.556,,0.69,0
1788869405.3283076,5962898,294.72,1.000056,0.4827,0.8377,0.1446,0.5575,,0.69,0
1788869406.3983767,5962898,293.66,1.000056,0.4553,0.8478,0.1483,0.5589,,0.69,0
1788869407.472209,5962898,292.59,1.000058,0.432,0.856,0.153,0.5608,,0.7,0
1788869408.5394435,5962898,291.51,1.000116,0.4122,0.8617,0.2096,0.583,,0.72,0
1788869409.59688,5962898,290.45,1.000116,0.3954,0.8617,0.2068,0.5819,,0.72,0
1788869410.6514523,5962898,289.4,1.000116,0.3811,0.8771,0.2124,0.5841,,0.72,0
1788869411.7088907,5962898,288.34,1.000176,0.3689,0.8793,0.2699,0.6064,,0.74,0
1788869412.7625556,5962898,287.29,1.000176,0.3586,0.7944,0.2721,0.6072,,0.74,0
1788869413.8235917,5962898,286.22,1.000176,0.3498,0.7938,0.2764,0.6089,,0.75,0
1788869414.894208,5962898,285.16,1.000176,0.3423,0.7729,0.2778,0.6094,,0.75,0
1788869415.9568617,5962898,284.09,1.000176,0.336,0.7723,0.2813,0.6108,,0.75,0
1788869417.0757399,5962898,283.03,1.000176,0.3306,0.7722,0.2845,0.612,,0.75,0
1788869418.1343606,5962898,281.91,1.000176,0.3221,0.772,0.282,0.611,,0.75,0
1788869419.1928341,5962898,280.86,1.000176,0.3188,0.7712,0.2842,0.6119,,0.76,0
1788869420.2491314,5962898,279.8,1.000176,0.316,0.7689,0.2859,0.6125,,0.76,0
1788869421.3066971,5962898,278.74,1.000252,0.3136,0.7866,0.3736,0.6456,,0.78,0
1788869422.3704262,5962898,277.68,1.000252,0.3115,0.7847,0.3763,0.6466,,0.79,0
1788869423.421653,5962898,276.63,1.000252,0.3098,0.7847,0.3783,0.6474,,0.77,0
1788869424.4746976,5962898,275.57,1.000252,0.3083,0.4162,0.3359,0.6315,,0.77,0
1788869425.5320113,5962898,274.51,1.000252,0.3071,0.4108,0.337,0.6319,,0.76,0
1788869426.5960593,5962898,273.45,1.000252,0.306,0.3942,0.3365,0.6317,,0.76,0
1788869427.647152,5962898,272.4,1.000252,0.3051,0.3632,0.3341,0.6309,,0.76,0
1788869428.7030363,5962898,271.35,1.000252,0.3043,0.4077,0.3407,0.6333,,0.76,0
1788869429.759136,5962898,270.29,1.000171,0.3037,0.2032,0.2199,0.587,,0.7,0
1788869430.8150659,5962898,269.23,1.000162,0.3031,0.2014,0.2059,0.5816,,0.7,0
1788869431.8771932,5962898,268.17,1.000162,0.3027,0.1199,0.1941,0.577,,0.7,0
1788869432.9799168,5962898,267.12,1.000111,0.3023,-0.0324,0.1102,0.5439,,0.69,0
1788869434.0364926,5962898,266.01,1.000111,0.3019,-0.0432,0.1029,0.541,,0.69,0
1788869435.089403,5962898,264.96,1.000111,0.3014,-0.0687,0.1004,0.54,,0.69,0
1788869436.1461625,5962898,263.9,1.000111,0.3012,-0.0944,0.0976,0.5389,,0.69,0
1788869437.2028058,5962898,262.85,1.000111,0.3012,-0.0939,0.0979,0.539,,0.71,0
1788869438.266075,5962898,261.79,1.000111,0.3009,-0.2475,0.0799,0.5318,,0.72,0
1788869439.3333225,5962898,260.72,1.000111,0.3007,-0.2813,0.0825,0.5329,,0.72,0
1788869440.401749,5962898,259.65,1.000111,0.3006,-0.3251,0.0814,0.5324,,0.72,0
1788869441.4624336,5962898,258.58,1.000111,0.3005,-0.3251,0.0829,0.533,,0.72,0
1788869442.5310934,5962898,257.53,1.000111,0.3004,-0.5766,0.053,0.5211,,0.72,0
1788869443.580166,5962898,256.47,1.000111,0.3004,-0.553,0.0625,0.5249,,0.7,0
1788869444.6388147,5962898,255.41,1.000111,0.3003,-0.5463,0.0636,0.5254,,0.7,0
1788869445.6979136,5962898,254.35,1.000111,0.3003,-0.5501,0.0634,0.5253,,0.7,0
1788869446.7739406,5962898,253.29,0.999678,0.3002,-0.8762,-0.4848,0.3139,,0.62,0
1788869447.842933,5962898,252.21,0.999678,0.3078,-0.8737,-0.5302,0.298,,0.55,0
1788869448.9500356,5962898,251.14,0.999678,0.3138,-0.8718,-0.5237,0.3002,,0.56,0
1788869450.0030203,5962898,250.04,0.999678,0.3184,-0.8606,-0.5179,0.3023,,0.55,0
1788869451.0509052,5962898,248.99,0.999678,0.3243,-0.8606,-0.5121,0.3043,,0.55,0
1788869452.101165,5962898,247.94,0.999678,0.3243,-0.8606,-0.5129,0.304,,0.54,0
1788869453.1585777,5962898,246.9,0.999678,0.3274,-0.8906,-0.5139,0.3037,,0.53,0
1788869454.214768,5962898,245.83,0.999678,0.3286,-0.84,-0.5073,0.306,,0.52,0
1788869455.288931,5962898,244.77,0.99964,0.3297,-0.8335,-0.5513,0.2907,,0.49,0
1788869456.350448,5962898,243.7,0.99964,0.3307,-0.834,-0.551,0.2908,,0.49,0
1788869457.417694,5962898,242.63,0.99964,0.3315,-0.8358,-0.4969,0.3096,,0.49,0
1788869458.4810548,5962898,241.58,0.99964,0.3317,-0.84,-0.4979,0.3093,,0.48,0
1788869459.5512216,5962898,240.51,0.99964,0.3319,-0.84,-0.4986,0.309,,0.48,0
1788869460.6040225,5962898,239.44,0.99964,0.3321,-0.8359,-0.4988,0.309,,0.48,0
1788869461.6701689,5962898,238.38,0.99964,0.3323,-0.8217,-0.4978,0.3093,,0.48,0
1788869462.7232935,5962898,237.33,0.99964,0.3324,-0.8166,-0.4979,0.3093,,0.54,0
1788869463.8791442,5962898,236.27,0.99964,0.3325,-0.8185,-0.4989,0.3089,,0.54,0
1788869464.9439726,5962898,235.12,0.9996,0.3326,-0.8236,-0.5445,0.293,,0.44,0
1788869466.009404,5962898,234.04,0.9996,0.3328,-0.8236,-0.5456,0.2927,,0.45,0
1788869467.0650904,5962898,232.98,0.9996,0.3329,-0.8241,-0.5464,0.2924,,0.45,0
1788869468.1278157,5962898,231.93,0.999563,0.3322,-0.8252,-0.5904,0.2774,,0.44,0
1788869469.1978843,5962898,230.86,0.999473,0.3335,-0.8266,-0.7055,0.2402,,0.37,0
1788869470.2567427,5962898,229.8,0.999294,0.3365,-0.8319,-0.9165,0.1797,,0.29,0
1788869471.3222985,5962898,228.73,0.999294,0.3385,-0.8361,-0.9195,0.1789,,0.3,0
1788869472.378894,5962898,227.67,0.999294,0.3402,-0.8184,-0.9154,0.18,,0.3,0
1788869473.4343548,5962898,226.61,0.999294,0.3416,-0.8184,-0.9139,0.1804,,0.3,0
1788869474.4932406,5962898,225.56,0.999294,0.3428,-0.8185,-0.913,0.1806,,0.29,0
1788869475.5524895,5962898,224.5,0.999192,0.3447,-0.8093,-1.0283,0.1519,,0.29,0
1788869476.6233535,5962898,223.44,0.99912,0.3466,-0.1844,-1.0377,0.1497,,0.23,0
1788869477.6884198,5962898,222.36,0.99912,0.3482,-0.3134,-1.0512,0.1466,,0.2,0
1788869478.7432973,5962898,221.3,0.99912,0.3496,-0.2899,-1.0469,0.1476,,0.21,0
1788869479.805732,5962898,220.25,0.99912,0.3507,-0.2885,-1.0299,0.1515,,0.21,0
1788869480.9102983,5962898,219.19,0.999013,0.3517,-0.3582,-1.136,0.128,,0.2,0
1788869481.9675307,5962898,218.08,0.999013,0.3525,-0.358,-1.1442,0.1263,,0.21,0
1788869483.0275755,5962898,217.03,0.999013,0.3532,-0.358,-1.1446,0.1262,,0.21,0
1788869484.1121888,5962898,215.95,0.999013,0.3543,-0.6007,-1.173,0.1204,,0.22,0
1788869485.194429,5962898,214.87,0.999013,0.3548,-0.5958,-1.161,0.1228,,0.22,0
1788869486.2524478,5962898,213.79,0.999013,0.3548,-0.5935,-1.1634,0.1223,,0.21,0
1788869487.31557,5962898,212.73,0.999013,0.3555,-0.6014,-1.1559,0.1239,,0.21,0
1788869488.3706276,5962898,211.68,0.999013,0.3557,-0.4556,-1.1404,0.1271,,0.21,0
1788869489.4288156,5962898,210.62,0.999013,0.3559,-0.4417,-1.1408,0.127,,0.21,0
1788869490.4898927,5962898,209.56,0.999013,0.3561,-0.4407,-1.1427,0.1266,,0.21,0
1788869491.5606737,5962898,208.49,0.999013,0.3563,-0.4413,-1.1316,0.1289,,0.2,0
1788869492.617284,5962898,207.43,0.999013,0.3564,-0.4815,-1.139,0.1274,,0.2,0
1788869493.670656,5962898,206.38,0.999013,0.3564,-0.4746,-1.1407,0.127,,0.2,0
1788869494.7376769,5962898,205.31,0.999013,0.3565,-0.4016,-1.1346,0.1283,,0.2,0
1788869495.7969868,5962898,204.25,0.999013,0.3565,-0.3965,-1.1366,0.1278,,0.2,0
1788869496.927598,5962898,203.2,0.999013,0.3566,-0.3876,-1.1383,0.1275,,0.2,0
1788869497.9862504,5962898,202.06,0.999013,0.3566,-0.3444,-1.136,0.128,,0.2,0
1788869499.0574756,5962898,201.01,0.999013,0.3566,-0.2383,-1.1261,0.1301,,0.2,0
1788869500.1189423,5962898,199.94,0.999013,0.3567,-0.1806,-1.1219,0.1309,,0.2,0
1788869501.2130435,5962898,198.87,0.999013,0.3567,0.3099,-1.066,0.1432,,0.2,0
1788869502.2718878,5962898,197.78,0.9991,0.3579,0.4514,-0.9399,0.1736,,0.22,0
1788869503.3287392,5962898,196.72,0.9991,0.359,0.409,-0.9448,0.1724,,0.21,0
1788869504.4051194,5962898,195.66,0.9991,0.3599,0.4094,-0.945,0.1723,,0.21,0
1788869505.4901223,5962898,194.59,0.9991,0.3606,0.5669,-0.9267,0.177,,0.2,0
1788869506.545173,5962898,193.5,0.9991,0.3515,0.687,-0.9412,0.1733,,0.21,0
1788869507.6066995,5962898,192.45,0.9991,0.3438,0.687,-0.9673,0.1667,,0.21,0
1788869508.6785436,5962898,191.39,0.9991,0.3372,0.6899,-0.9906,0.1609,,0.21,0
1788869509.7456858,5962898,190.31,0.9991,0.3317,0.6688,-1.0145,0.1552,,0.21,0
1788869510.8050442,5962898,189.25,0.9991,0.3269,0.6775,-1.0326,0.1509,,0.21,0
1788869511.8772962,5962898,188.19,0.9991,0.3229,0.8879,-1.0246,0.1528,,0.21,0
1788869512.944476,5962898,187.11,0.9991,0.3194,0.888,-1.0511,0.1466,,0.21,0
1788869514.0063949,5962898,186.04,0.9991,0.3165,0.8875,-1.0652,0.1434,,0.21,0
1788869515.0732412,5962898,184.98,0.9991,0.314,0.8816,-1.0785,0.1404,,0.21,0
1788869516.1454487,5962898,183.92,0.9991,0.3119,0.8831,-1.0898,0.1379,,0.2,0
1788869517.205293,5962898,182.84,0.9991,0.3086,0.9137,-1.1025,0.1351,,0.19,0
1788869518.2694426,5962898,181.78,0.9991,0.3073,0.8922,-1.1137,0.1327,,0.19,0
1788869519.3265836,5962898,180.72,0.9991,0.3062,0.8852,-1.1225,0.1308,,0.19,0
1788869520.3822024,5962898,179.67,0.9991,0.3053,0.8849,-1.1299,0.1293,,0.19,0
1788869521.4421957,5962898,178.61,0.9991,0.3045,0.8935,-1.1358,0.128,,0.19,0
1788869522.5084264,5962898,177.54,0.9991,0.3038,0.8935,-1.1423,0.1267,,0.19,0
1788869523.5665302,5962898,176.48,0.9991,0.3033,0.8231,-1.1568,0.1237,,0.18,0
1788869524.6490192,5962898,175.42,0.9991,0.3028,0.8241,-1.1625,0.1225,,0.18,0
1788869525.7013295,5962898,174.35,0.9991,0.3024,-0.1184,-1.2812,0.1001,,0.18,0
1788869526.7643545,5962898,173.29,0.9991,0.302,-0.1237,-1.2872,0.099,,0.19,0
1788869527.8390324,5962898,172.23,0.9991,0.3017,-0.1237,-1.2924,0.0981,,0.19,0
1788869528.8979552,5962898,171.15,0.9991,0.3014,-0.1593,-1.3018,0.0965,,0.16,0
1788869529.9613435,5962898,170.09,0.9991,0.3012,-0.1865,-1.3099,0.0951,,0.16,0
1788869531.018109,5962898,169.03,0.999084,0.301,-0.3499,-1.3576,0.0873,,0.15,0
1788869532.074865,5962898,167.97,0.999068,0.3008,-0.8167,-1.4467,0.074,,0.15,0
1788869533.133936,5962898,166.92,0.999068,0.3006,-0.8053,-1.4501,0.0735,,0.14,0
1788869534.188266,5962898,165.86,0.999068,0.3005,-0.8039,-1.4547,0.0729,,0.13,0
1788869535.252177,5962898,164.8,0.999068,0.3005,-0.8014,-1.4591,0.0723,,0.13,0
1788869536.3116617,5962898,163.73,0.999035,0.3004,-0.8105,-1.5162,0.0647,,0.13,0
1788869537.3699071,5962898,162.68,0.998809,0.3003,-0.8913,-1.8659,0.031,,0.09,0
1788869538.4237387,5962898,161.63,0.998809,0.3003,-0.9141,-1.9002,0.0287,,0.1,0
1788869539.521778,5962898,160.57,0.998809,0.3002,-0.7752,-1.8896,0.0294,,0.1,0
1788869540.583887,5962898,159.46,0.998809,0.3002,-0.7674,-1.895,0.029,,0.09,0
1788869541.6915889,5962898,158.41,0.998772,0.3002,-0.8685,-1.9704,0.0244,,0.07,0
1788869542.7511048,5962898,157.3,0.998758,0.3001,-0.8689,-1.9984,0.0228,,0.07,0
1788869543.8819983,5962898,156.24,0.998758,0.3001,-0.8689,-2.0048,0.0225,,0.07,0
1788869544.9604158,5962898,155.11,0.998758,0.3001,-0.8621,-2.0109,0.0222,,0.08,0
1788869546.039315,5962898,154.03,0.998758,0.3001,-0.8553,-2.0167,0.0219,,0.09,0
1788869547.1001122,5962898,152.95,0.998809,0.3001,-0.7836,-1.924,0.0272,,0.1,0
1788869548.1553085,5962898,151.89,0.998809,0.3001,-0.7836,-1.9047,0.0284,,0.1,0
1788869549.2159433,5962898,150.84,0.998885,0.3,-0.6755,-1.7742,0.038,,0.11,0
1788869550.2962704,5962898,149.77,0.998911,0.3,-0.6157,-1.7287,0.0419,,0.1,0
1788869551.3576455,5962898,148.69,0.998911,0.3,-0.6672,-1.7363,0.0413,,0.08,0
1788869552.4115472,5962898,147.64,0.998911,0.3,-0.6681,-1.7406,0.0409,,0.08,0
1788869553.471003,5962898,146.58,0.998879,0.3,-0.6724,-1.7968,0.0362,,0.07,0
1788869554.5455167,5962898,145.52,0.998879,0.3,-0.6721,-1.8071,0.0354,,0.07,0
1788869555.6092079,5962898,144.44,0.998879,0.3,-0.6729,-1.8139,0.0348,,0.07,0
1788869556.675926,5962898,143.38,0.998879,0.3,-0.638,-1.8162,0.0347,,0.06,0
1788869557.7374377,5962898,142.31,0.998879,0.3,-0.6381,-1.8293,0.0337,,0.06,0
1788869558.8033836,5962898,141.24,0.99886,0.3,-0.645,-1.8663,0.031,,0.05,0
1788869559.9608872,5962898,140.19,0.99886,0.3,-0.5656,-1.8733,0.0305,,0.05,0
1788869561.0245247,5962898,139.03,0.99886,0.3,-0.5621,-1.8857,0.0297,,0.05,0
1788869562.0826066,5962898,137.97,0.998859,0.3,-0.5686,-1.8948,0.0291,,0.05,0
1788869563.1429574,5962898,136.91,0.998715,0.3,-0.5665,-2.1453,0.016,,0.05,0
1788869564.202524,5962898,135.85,0.998715,0.3,-0.5796,-2.1568,0.0155,,0.05,0
1788869565.259655,5962898,134.79,0.998707,0.3,-0.5798,-2.1777,0.0147,,0.04,0
1788869566.3251014,5962898,133.73,0.998707,0.3,-0.5743,-2.1862,0.0144,,0.04,0
1788869567.389642,5962898,132.66,0.998707,0.3,-0.5743,-2.1947,0.0141,,0.04,0
1788869568.4509366,5962898,131.6,0.998707,0.3,-0.2133,-2.1599,0.0154,,0.04,0
1788869569.513489,5962898,130.53,0.998707,0.3,0.0336,-2.1365,0.0163,,0.04,0
1788869570.573564,5962898,129.47,0.998707,0.3,0.1128,-2.1356,0.0164,,0.04,0
1788869571.6278207,5962898,128.42,0.998707,0.3,0.5576,-2.091,0.0183,,0.04,0
1788869572.6888666,5962898,127.36,0.998707,0.3,0.5995,-2.0947,0.0181,,0.04,0
1788869573.7504504,5962898,126.31,0.998707,0.3,0.6476,-2.0857,0.0185,,0.04,0
1788869574.804654,5962898,125.24,0.998707,0.3,0.685,-2.0844,0.0186,,0.04,0
1788869575.865619,5962898,124.18,0.998707,0.3,0.7128,-2.0903,0.0183,,0.04,0
1788869576.9731658,5962898,123.12,0.998707,0.3,0.7087,-2.0991,0.0179,,0.04,0
1788869578.0277886,5962898,122.02,0.998707,0.3,0.7078,-2.1091,0.0175,,0.04,0
1788869579.0808284,5962898,120.97,0.998707,0.3,0.7046,-2.119,0.017,,0.04,0
1788869580.1401937,5962898,119.91,0.998707,0.3,0.6946,-2.1299,0.0166,,0.04,0
1788869581.1990116,5962898,118.85,0.998707,0.3,0.8544,-2.1206,0.017,,0.04,0
1788869582.2654343,5962898,117.79,0.998707,0.3,0.8565,-2.1303,0.0166,,0.03,0
1788869583.3186316,5962898,116.73,0.998707,0.3,0.855,-2.1406,0.0162,,0.03,0
1788869584.3735502,5962898,115.68,0.998707,0.3,0.8739,-2.1485,0.0158,,0.03,0
1788869585.4430063,5962898,114.61,0.998707,0.3,0.8726,-2.1592,0.0154,,0.03,0
1788869586.5114398,5962898,113.54,0.998707,0.3,0.8725,-2.1698,0.015,,0.04,0
1788869587.573203,5962898,112.47,0.998707,0.3,0.867,-2.1812,0.0146,,0.03,0
1788869588.6341023,5962898,111.42,0.998707,0.3,0.869,-2.1917,0.0142,,0.03,0
1788869589.6903698,5962898,110.36,0.998707,0.3,0.8695,-2.2026,0.0138,,0.03,0
1788869590.7463489,5962898,109.3,0.998707,0.3,0.8694,-2.2138,0.0134,,0.03,0
1788869591.816336,5962898,108.24,0.998707,0.3,0.8694,-2.2252,0.013,,0.03,0
1788869592.8738062,5962898,107.17,0.998707,0.3,0.9088,-2.232,0.0128,,0.03,0
1788869593.9420712,5962898,106.12,0.998707,0.3,0.9088,-2.2436,0.0124,,0.03,0
1788869595.011314,5962898,105.04,0.998707,0.3,0.9598,-2.2495,0.0122,,0.03,0
1788869596.0694911,5962898,103.98,0.998707,0.3,0.9616,-2.2613,0.0119,,0.03,0
1788869597.123642,5962898,102.92,0.998707,0.3,0.9594,-2.2737,0.0115,,0.03,0
1788869598.1825192,5962898,101.87,0.998707,0.3,0.9522,-2.287,0.0111,,0.02,0
1788869599.239912,5962898,100.81,0.998707,0.3,0.9396,-2.301,0.0107,,0.02,0
1788869600.3156981,5962898,99.74,0.998707,0.3,0.9322,-2.3149,0.0103,,0.02,0
1788869601.3908887,5962898,98.66,0.998707,0.3,0.9318,-2.3281,0.01,,0.02,0
1788869602.4668686,5962898,97.58,0.998707,0.3,0.9261,-2.3423,0.0096,,0.02,0
1788869603.5390522,5962898,96.51,0.998707,0.3,0.9017,-2.3588,0.0092,,0.02,0
1788869604.5950975,5962898,95.46,0.998707,0.3,0.8669,-2.3765,0.0087,,0.02,0
1788869605.6488965,5962898,94.4,0.998707,0.3,0.7943,-2.3991,0.0082,,0.51,0
1788869606.7139502,5962898,93.34,0.998707,0.3,0.7946,-2.4132,0.0079,,0.51,0
1788869607.7739427,5962898,92.27,0.998707,0.3,0.7938,-2.4277,0.0076,,0.51,0
1788869608.828455,5962898,91.22,0.998707,0.3,0.7766,-2.4443,0.0073,,0.51,0
1788869609.8919587,5962898,90.16,0.998707,0.3,0.7568,-2.4615,0.0069,,0.51,0
1788869610.958633,5962898,89.1,0.998707,0.3,0.7568,-2.4767,0.0066,,0.51,0
1788869612.0161977,5962898,88.03,0.998824,0.3,0.866,-2.2457,0.0124,,0.51,0
1788869613.0714443,5962898,86.97,0.998824,0.3,0.9184,-2.239,0.0126,,0.51,0
1788869614.1259887,5962898,85.92,0.998824,0.3,0.488,-2.3051,0.0106,,0.51,0
1788869615.1826208,5962898,84.86,0.998824,0.3,0.4878,-2.3199,0.0102,,0.51,0
1788869616.2378402,5962898,83.81,0.998824,0.3,0.4916,-2.3344,0.0098,,0.51,0
1788869617.2901366,5962898,82.76,0.998824,0.3,0.5027,-2.3484,0.0094,,0.51,0
1788869618.349363,5962898,81.7,0.998824,0.3,0.5028,-2.3639,0.009,,0.51,0
1788869619.4064293,5962898,80.64,0.998824,0.3,0.5502,-2.3742,0.0088,,0.51,0
1788869620.4680762,5962898,79.58,0.998791,0.3,0.2952,-2.4885,0.0064,,0.51,0
1788869621.5370004,5962898,78.51,0.998758,0.3,0.2431,-2.5915,0.0048,,0.51,0
1788869622.6024685,5962898,77.45,0.998732,0.3,0.2336,-2.6828,0.0037,,0.51,0
1788869623.6567254,5962898,76.39,0.998707,0.3,0.211,-2.759,0.0029,,0.51,0
1788869624.7143667,5962898,75.33,0.998707,0.3,0.2096,-2.7817,0.0027,,0.51,0
1788869625.767461,5962898,74.28,0.998707,0.3,0.2142,-2.8009,0.0025,,0.51,0
1788869626.8256772,5962898,73.23,0.998707,0.3,0.2142,-2.821,0.0024,,0.51,0
1788869627.8830736,5962898,72.17,0.998707,0.3,0.2142,-2.8417,0.0022,,0.51,0
1788869628.9376729,5962898,71.11,0.998651,0.3,0.1355,-3.0033,0.0013,,0.51,0
1788869630.0178523,5962898,70.04,0.998651,0.3,0.1375,-3.0258,0.0012,,0.51,0
1788869631.0730822,5962898,68.98,0.998651,0.3,0.1375,-3.0408,0.0012,,0.51,0
1788869632.1352136,5962898,67.92,0.998651,0.3,0.138,-3.0611,0.0011,,0.51,0
1788869633.1999204,5962898,66.85,0.998651,0.3,0.1388,-3.0855,0.001,,0.51,0
1788869634.262437,5962898,65.79,0.998651,0.3,0.1393,-3.107,0.0009,,0.51,0
1788869635.3189366,5962898,64.73,0.998651,0.3,0.0567,-3.1423,0.0008,,0.51,0
1788869636.3789194,5962898,63.67,0.998651,0.3,0.2174,-3.149,0.0008,,0.51,0
1788869637.445848,5962898,62.6,0.998651,0.3,0.3314,-3.1623,0.0008,,0.51,0
1788869638.5064273,5962898,61.54,0.998651,0.3,0.3844,-3.1764,0.0007,,0.51,0
1788869639.560229,5962898,60.49,0.998651,0.3,0.438,-3.1979,0.0007,,0.51,0
1788869640.6552448,5962898,59.43,0.998651,0.3,0.4954,-3.2198,0.0006,,0.51,0
1788869641.7142437,5962898,58.33,0.998579,0.3,0.2951,-3.46,0.0003,,0.51,0
1788869642.7744138,5962898,57.27,0.998579,0.3,0.3043,-3.4909,0.0002,,0.51,0
1788869643.8351364,5962898,56.22,0.998454,0.3,0.2293,-3.8611,0.0001,,0.51,0
1788869644.9036825,5962898,55.15,0.998454,0.3,0.3499,-3.8838,0.0001,,0.51,0
1788869645.9646313,5962898,54.09,0.998454,0.3,0.3494,-3.9219,0.0,,0.51,0
1788869647.0242724,5962898,53.02,0.9984,0.3,0.3097,-4.1045,0.0,,0.51,0
1788869648.0970545,5962898,51.96,0.9984,0.3,0.3097,-4.1533,0.0,,0.51,0
1788869649.153726,5962898,50.89,0.9984,0.3,0.3122,-4.1962,0.0,,0.51,0
1788869650.20994,5962898,49.84,0.9984,0.3,0.2841,-4.2437,0.0,,0.51,0
1788869651.2624686,5962898,48.79,0.9984,0.3,0.4135,-4.2648,0.0,,0.51,0
1788869652.3253083,5962898,47.72,0.9984,0.3,0.4134,-4.3124,0.0,,0.51,0
1788869653.3872988,5962898,46.66,0.9984,0.3,0.437,-4.3429,0.0,,0.51,0
1788869654.454285,5962898,45.59,0.9984,0.3,0.4378,-4.394,0.0,,0.51,0
1788869655.5075223,5962898,44.54,0.9984,0.3,0.4376,-4.4461,0.0,,0.51,0
1788869656.5701017,5962898,43.48,0.9984,0.3,0.4377,-4.5003,0.0,,0.51,0
1788869657.6409292,5962898,42.41,0.9984,0.3,0.447,-4.5499,0.0,,0.51,0
1788869658.703844,5962898,41.35,0.9984,0.3,0.5043,-4.6013,0.0,,0.51,0
1788869659.76481,5962898,40.29,0.9984,0.3,0.5511,-4.6568,0.0,,0.51,0
1788869660.8224573,5962898,39.22,0.9984,0.3,0.5508,-4.7206,0.0,,0.51,0
1788869661.897884,5962898,38.17,0.9984,0.3,0.5493,-4.7864,0.0,,0.51,0
1788869662.9538584,5962898,37.1,0.9984,0.3,0.5491,-4.856,0.0,,0.51,0
1788869664.0173903,5962898,36.03,0.9984,0.3,0.5481,-4.9284,0.0,,0.51,0
1788869665.0859227,5962898,34.96,0.9984,0.3,0.5459,-5.0045,0.0,,0.51,0
1788869666.1550436,5962898,33.89,0.9984,0.3,0.4598,-5.0941,0.0,,0.51,0
1788869667.2135692,5962898,32.84,0.9984,0.3,0.4084,-5.1825,0.0,,0.51,0
1788869668.2683275,5962898,31.78,0.9984,0.3,0.3485,-5.2758,0.0,,0.51,0
1788869669.3243618,5962898,30.72,0.9984,0.3,0.2811,-5.3747,0.0,,0.51,0
1788869670.3926198,5962898,29.66,0.9984,0.3,0.1282,-5.4892,0.0,,0.51,0
1788869671.444803,5962898,28.6,0.9984,0.3,0.3524,-5.563,0.0,,0.51,0
1788869672.5128198,5962898,27.54,0.9984,0.3,0.2632,-5.6809,0.0,,0.51,0
1788869673.5725217,5962898,26.47,0.9984,0.3,0.2637,-5.7945,0.0,,0.51,0
1788869674.6534066,5962898,25.4,0.9984,0.3,0.4378,-5.8959,0.0,,0.51,0
1788869675.7207198,5962898,24.33,0.9984,0.3,0.4369,-6.0255,0.0,,0.51,0
1788869676.8191981,5962898,23.25,0.9984,0.3,0.346,-6.1762,0.0,,0.51,0
1788869677.8753252,5962898,22.17,0.9984,0.3,0.6052,-6.2939,0.0,,0.51,0
1788869678.934857,5962898,21.11,0.9984,0.3,0.6024,-6.4518,0.0,,0.51,0
1788869679.9910333,5962898,20.06,0.9984,0.3,0.5974,-6.6222,0.0,,0.51,0
1788869681.0452948,5962898,19.0,0.9984,0.3,0.5941,-6.806,0.0,,0.51,0
1788869682.0985253,5962898,17.95,0.9984,0.3,0.4925,-7.0172,0.0,,0.51,0
1788869683.1486945,5962898,16.9,0.9984,0.3,0.489,-7.2345,0.0,,0.51,0
1788869684.2083728,5962898,15.84,0.9984,0.3,0.4841,-7.4737,0.0,,0.51,0
1788869685.275609,5962898,14.77,0.9984,0.3,0.4779,-7.7419,0.0,,0.51,0
1788869686.3394716,5962898,13.71,0.9984,0.3,0.4883,-8.0378,0.0,,0.51,0
1788869687.4057739,5962898,12.64,0.9984,0.3,0.439,-8.378,0.0,,0.51,0
1788869688.4759493,5962898,11.57,0.9984,0.3,0.4683,-8.7553,0.0,,0.51,0
1788869689.5403125,5962898,10.51,0.9984,0.3,-0.0293,-9.2509,0.0,,0.51,0
1788869690.6220746,5962898,9.44,0.9984,0.3,-0.0005,-9.7564,0.0,,0.51,0
1788869691.6769457,5962898,8.37,0.9984,0.3,0.0012,-10.3616,0.0,,0.51,0
1788869692.7489402,5962898,7.31,0.9984,0.3,0.006,-11.089,0.0,,0.51,0
1788869693.804342,5962898,6.24,0.9984,0.3,-0.0151,-11.9977,0.0,,0.51,0
1788869694.8644495,5962898,5.19,0.9984,0.3,-0.0103,-13.1648,0.0,,0.51,0
1788869695.9206042,5962898,4.13,0.9984,0.3,0.037,-14.7503,0.0,,0.51,0
1788869696.9871287,5962898,3.06,0.9984,0.3,0.0331,-17.1374,0.0,,0.51,0
1788869698.0477014,5962898,2.0,0.9984,0.3,0.0088,-21.1955,0.0,,0.51,0
1788869699.1159506,5962898,1.0,0.9984,0.3,-0.0589,-29.9843,0.0,,0.51,0
1788869701.284244,5962899,299.88,1.0,0.3,-0.0866,-0.0109,0.4956,,0.47,1
1788869702.3490407,5962899,297.7,1.0,0.3,-0.0594,-0.0077,0.4969,,0.48,1
1788869703.4016113,5962899,296.65,1.0,0.3,0.0267,0.0027,0.5011,,0.51,1
1788869704.4510276,5962899,295.59,1.0,0.3,0.0269,0.0027,0.5011,,0.51,1
1788869705.5178583,5962899,294.53,1.0,0.3,0.0355,0.0037,0.5015,,0.51,1
1788869706.5881398,5962899,293.46,1.0,0.3,0.0348,0.0037,0.5015,,0.51,1
1788869707.666339,5962899,292.4,1.0,0.3,0.2922,0.0345,0.5138,,0.49,1
1788869708.7276845,5962899,291.33,1.0,0.3,0.449,0.0534,0.5213,,0.47,1
1788869709.7884023,5962899,290.26,1.0,0.3,0.5727,0.0682,0.5272,,0.5,1
1788869710.844373,5962899,289.21,1.0,0.3,0.675,0.0805,0.5321,,0.5,1
1788869711.9073098,5962899,288.14,1.0,0.3,0.813,0.097,0.5386,,0.49,1
1788869712.997056,5962899,287.07,1.0,0.3,0.836,0.0998,0.5397,,0.49,1
1788869714.060927,5962899,286.0,1.0,0.3,0.8297,0.099,0.5394,,0.49,1
1788869715.127288,5962899,284.92,1.0,0.3,0.8337,0.0995,0.5396,,0.49,1
1788869716.1773841,5962899,283.87,1.0,0.3,0.8223,0.0982,0.5391,,0.49,1
1788869717.2853203,5962899,282.82,1.0,0.3,0.8226,0.0982,0.5391,,0.49,1
1788869718.3483875,5962899,281.7,1.0,0.3,0.8192,0.0978,0.5389,,0.49,1
1788869719.40145,5962899,280.65,1.0,0.3,0.8123,0.097,0.5386,,0.5,1
1788869720.4678032,5962899,279.59,1.0,0.3,0.7387,0.0881,0.5351,,0.49,1
1788869721.5252569,5962899,278.53,1.0,0.3,0.7384,0.0881,0.5351,,0.49,1
1788869722.5879827,5962899,277.46,1.0,0.3,0.7383,0.0881,0.5351,,0.49,1
1788869723.646468,5962899,276.4,1.0,0.3,0.7404,0.0883,0.5352,,0.49,1
1788869724.7107456,5962899,275.34,1.0,0.3,0.7613,0.0908,0.5362,,0.49,1
1788869725.7803714,5962899,274.27,1.0,0.3,0.7639,0.0911,0.5363,,0.49,1
1788869726.84447,5962899,273.21,1.0,0.3,0.7626,0.091,0.5363,,0.49,1
1788869727.9063337,5962899,272.14,1.0,0.3,0.7793,0.093,0.537,,0.49,1
1788869728.9768121,5962899,271.07,1.0,0.3,0.7889,0.0942,0.5375,,0.49,1
1788869730.0393581,5962899,270.01,1.0,0.3,0.7928,0.0946,0.5377,,0.49,1
1788869731.0957434,5962899,268.95,1.0,0.3,0.7926,0.0946,0.5377,,0.49,1
1788869732.1643975,5962899,267.89,1.0,0.3,0.7927,0.0946,0.5377,,0.48,1
1788869733.2657838,5962899,266.83,1.0,0.3,0.789,0.0942,0.5375,,0.49,1
1788869734.3173406,5962899,265.73,1.0,0.3,0.7621,0.0909,0.5362,,0.49,1
1788869735.3812547,5962899,264.67,1.0,0.3,0.7713,0.0921,0.5367,,0.49,1
1788869736.4928093,5962899,263.6,1.0,0.3,0.7715,0.0921,0.5367,,0.5,1
1788869737.571517,5962899,262.49,1.0,0.3,0.7463,0.0891,0.5355,,0.48,1
1788869738.86192,5962899,261.42,1.0,0.3,0.7427,0.0886,0.5353,,0.5,1
1788869739.9395134,5962899,260.12,1.0,0.3,0.6842,0.0816,0.5325,,0.51,1
1788869740.9973278,5962899,259.05,1.000125,0.3,0.8009,0.2423,0.5957,,0.57,1
1788869742.105012,5962899,257.99,1.000125,0.3,0.7612,0.2526,0.5997,,0.57,1
1788869743.1671941,5962899,256.88,1.000125,0.3,0.6963,0.2451,0.5968,,0.57,1
1788869744.2235332,5962899,255.83,1.000125,0.3,0.686,0.2442,0.5964,,0.57,1
1788869745.2879133,5962899,254.76,1.000125,0.3,0.6949,0.2455,0.597,,0.57,1
1788869746.346522,5962899,253.7,1.000125,0.3,0.6957,0.2459,0.5971,,0.57,1
1788869747.4212613,5962899,252.63,1.000125,0.3,0.6628,0.2423,0.5957,,0.57,1
1788869748.5315406,5962899,251.56,1.000125,0.3,0.4357,0.2154,0.5853,,0.57,1
1788869749.5914943,5962899,250.46,1.000125,0.3,0.4185,0.2136,0.5846,,0.57,1
1788869750.662879,5962899,249.39,1.000125,0.3,0.4867,0.2212,0.5875,,0.58,1
1788869751.7349923,5962899,248.32,1.000125,0.3,0.4859,0.2067,0.5819,,0.58,1
1788869752.7903676,5962899,247.26,1.000125,0.3,0.482,0.2065,0.5818,,0.58,1
1788869753.8607557,5962899,246.19,1.000125,0.3,0.482,0.2069,0.5819,,0.59,1
1788869754.9297225,5962899,245.13,1.00023,0.3,0.6903,0.3574,0.6396,,0.61,1
1788869755.9989476,5962899,244.06,1.000352,0.3,0.7713,0.5272,0.701,,0.66,1
1788869757.0572443,5962899,242.99,1.000352,0.3,0.7696,0.5428,0.7064,,0.7,1
1788869758.1247191,5962899,241.92,1.000352,0.3,0.7685,0.5436,0.7066,,0.7,1
1788869759.1928086,5962899,240.86,1.000204,0.3,0.2606,0.2875,0.6131,,0.66,1
1788869760.2571766,5962899,239.79,1.000204,0.3,0.2559,0.2875,0.6131,,0.66,1
1788869761.3455436,5962899,238.73,1.000281,0.3,0.3358,0.4001,0.6555,,0.69,1
1788869762.431356,5962899,237.63,1.000282,0.3,0.3583,0.4043,0.657,,0.69,1
1788869763.5301595,5962899,236.56,1.000333,0.3,0.3802,0.4761,0.683,,0.72,1
1788869764.5961432,5962899,235.46,1.000352,0.3,0.3857,0.5034,0.6927,,0.73,1
1788869765.6666377,5962899,234.39,1.000352,0.3,0.4006,0.4927,0.6889,,0.73,1
1788869766.7405117,5962899,233.31,1.000352,0.3,0.3958,0.4782,0.6838,,0.73,1
1788869767.7977593,5962899,232.25,1.000352,0.3,0.4362,0.4841,0.6858,,0.73,1
1788869768.8648863,5962899,231.18,1.000352,0.3,0.4528,0.4871,0.6869,,0.71,1
1788869769.9479012,5962899,230.12,1.000352,0.3,0.4537,0.5066,0.6938,,0.7,1
1788869771.0250473,5962899,229.03,1.000352,0.3,0.3662,0.4971,0.6904,,0.7,1
1788869772.0910008,5962899,227.97,1.000352,0.3,0.3646,0.4884,0.6873,,0.7,1
1788869773.160331,5962899,226.89,1.000352,0.3,0.3717,0.4902,0.688,,0.7,1
1788869774.228189,5962899,225.82,1.000352,0.3,0.402,0.4861,0.6865,,0.72,1
1788869775.2933254,5962899,224.76,1.000352,0.3,0.4315,0.4907,0.6882,,0.73,1
1788869776.352788,5962899,223.7,1.000352,0.3,0.447,0.4936,0.6892,,0.72,1
1788869777.415438,5962899,222.63,1.000352,0.3,0.4496,0.4949,0.6897,,0.72,1
1788869778.4883692,5962899,221.57,1.000352,0.3,0.5116,0.5034,0.6927,,0.72,1
1788869779.597818,5962899,220.51,1.000358,0.3,0.5479,0.5173,0.6975,,0.72,1
1788869780.6561553,5962899,219.39,1.000358,0.3,0.5487,0.5191,0.6982,,0.72,1
1788869781.7203774,5962899,218.33,1.000358,0.3,0.5489,0.5202,0.6986,,0.7,1
1788869782.7826865,5962899,217.27,1.000358,0.3,0.5561,0.5222,0.6992,,0.7,1
1788869783.8566668,5962899,216.2,1.000358,0.3,0.5664,0.5246,0.7001,,0.7,1
1788869784.9421217,5962899,215.13,1.000358,0.3,0.5678,0.5259,0.7005,,0.71,1
1788869786.0062926,5962899,214.05,1.000358,0.3,0.397,0.5065,0.6938,,0.71,1
1788869787.05997,5962899,212.99,1.000358,0.3,0.4,0.508,0.6943,,0.71,1
1788869788.1136053,5962899,211.93,1.000358,0.3,0.3999,0.5092,0.6947,,0.72,1
1788869789.178988,5962899,210.87,1.000358,0.3,0.9445,0.5749,0.7173,,0.72,1
1788869790.2563574,5962899,209.8,1.000359,0.3,0.9361,0.5756,0.7176,,0.72,1
1788869791.337334,5962899,208.73,1.000406,0.3,0.94,0.645,0.7405,,0.73,1
1788869792.400644,5962899,207.65,1.000406,0.3,0.9263,0.6447,0.7404,,0.73,1
1788869793.4683726,5962899,206.58,1.000406,0.3,0.9265,0.6461,0.7409,,0.72,1
1788869794.5359216,5962899,205.51,1.000406,0.3,0.9009,0.6444,0.7403,,0.72,1
1788869795.6406713,5962899,204.45,1.000406,0.3,0.8998,0.6456,0.7407,,0.72,1
1788869796.7011726,5962899,203.35,1.000406,0.3,0.8949,0.6465,0.741,,0.72,1
1788869797.7685156,5962899,202.28,1.000406,0.3,0.9003,0.6486,0.7417,,0.72,1
1788869798.8350163,5962899,201.21,1.000406,0.3,0.8964,0.6495,0.742,,0.75,1
1788869799.8937585,5962899,200.16,1.000406,0.3,0.852,0.6456,0.7407,,0.75,1
1788869800.9490166,5962899,199.1,1.000406,0.3,0.8527,0.6471,0.7412,,0.75,1
1788869802.0108287,5962899,198.04,1.000422,0.3,0.9017,0.669,0.7482,,0.75,1
1788869803.0731518,5962899,196.98,1.000422,0.3,0.9096,0.6734,0.7496,,0.76,1
1788869804.1303995,5962899,195.92,1.000422,0.3,0.8973,0.6734,0.7497,,0.76,1
1788869805.198413,5962899,194.86,1.000422,0.3,0.8849,0.6735,0.7497,,0.76,1
1788869806.2532754,5962899,193.8,1.000422,0.3,0.8778,0.6742,0.7499,,0.78,1
1788869807.3192847,5962899,192.73,1.000422,0.3,0.8765,0.6756,0.7503,,0.78,1
1788869808.3839602,5962899,191.66,1.000422,0.3,0.8801,0.6776,0.751,,0.78,1
1788869809.447409,5962899,190.6,1.000422,0.3,0.8789,0.679,0.7514,,0.78,1
1788869810.5418348,5962899,189.54,1.000537,0.3,0.8986,0.8504,0.8025,,0.82,1
1788869811.6604633,5962899,188.44,1.000422,0.3,0.6482,0.6546,0.7436,,0.72,1
1788869812.7180822,5962899,187.33,1.000358,0.3,0.4984,0.541,0.7057,,0.68,1
1788869813.7915611,5962899,186.27,1.000358,0.3,0.4902,0.5414,0.7059,,0.69,1
1788869814.8501315,5962899,185.2,1.000358,0.3,0.4736,0.5408,0.7057,,0.69,1
1788869815.9154387,5962899,184.14,1.000358,0.3,0.4657,0.5413,0.7059,,0.71,1
1788869816.9797988,5962899,183.07,1.000358,0.3,0.4575,0.5418,0.706,,0.72,1
1788869818.0453675,5962899,182.0,1.000358,0.3,0.4573,0.5432,0.7065,,0.73,1
1788869819.1038384,5962899,180.95,1.000358,0.3,0.4505,0.5438,0.7067,,0.68,1
1788869820.1603074,5962899,179.89,1.000358,0.3,0.449,0.5451,0.7072,,0.72,1
1788869821.228298,5962899,178.83,1.000358,0.3,0.4127,0.5422,0.7062,,0.72,1
1788869822.3094327,5962899,177.76,1.000358,0.3,0.4135,0.5518,0.7095,,0.73,1
1788869823.3747828,5962899,176.67,1.000358,0.3,0.3904,0.5506,0.709,,0.74,1
1788869824.4395173,5962899,175.61,1.000358,0.3,0.394,0.5526,0.7097,,0.76,1
1788869825.5238693,5962899,174.54,1.000358,0.3,0.4083,0.5558,0.7108,,0.77,1
1788869826.5945787,5962899,173.46,1.000358,0.3,0.4087,0.5574,0.7114,,0.77,1
1788869827.7195177,5962899,172.4,1.000358,0.3,0.4423,0.563,0.7133,,0.77,1
1788869828.780509,5962899,171.27,1.000358,0.3,0.4523,0.5659,0.7143,,0.8,1
1788869829.8404562,5962899,170.21,1.000537,0.3,0.5141,0.8379,0.799,,0.85,1
1788869830.9002717,5962899,169.15,1.000537,0.3,0.5163,0.8566,0.8042,,0.85,1
1788869831.9689343,5962899,168.08,1.000345,0.3,0.2773,0.5537,0.7101,,0.67,1
1788869833.0536911,5962899,167.02,1.000345,0.3,0.0718,0.5066,0.6938,,0.69,1
1788869834.1207545,5962899,165.93,1.000345,0.3,0.0305,0.5033,0.6926,,0.75,1
1788869835.191904,5962899,164.87,1.000345,0.3,0.0293,0.5048,0.6931,,0.75,1
1788869836.2590623,5962899,163.8,1.000345,0.3,0.0295,0.5064,0.6937,,0.75,1
1788869837.3204718,5962899,162.73,1.000345,0.3,0.0423,0.5096,0.6948,,0.73,1
1788869838.3844838,5962899,161.67,1.000345,0.3,0.044,0.5115,0.6955,,0.73,1
1788869839.4523046,5962899,160.6,1.000345,0.3,0.0448,0.5069,0.6939,,0.73,1
1788869840.5212278,5962899,159.53,1.000345,0.3,-0.3309,0.4475,0.6728,,0.74,1
1788869841.5769742,5962899,158.47,1.000345,0.3,-0.1897,0.4662,0.6795,,0.74,1
1788869842.6374784,5962899,157.41,1.000345,0.3,-0.1965,0.4671,0.6798,,0.74,1
1788869843.7544515,5962899,156.35,1.000345,0.3,-0.061,0.5091,0.6947,,0.74,1
1788869844.817038,5962899,155.23,1.000345,0.3,-0.0573,0.5114,0.6955,,0.74,1
1788869845.8737426,5962899,154.18,1.000345,0.3,-0.0511,0.5139,0.6963,,0.74,1
1788869846.9323418,5962899,153.12,1.000345,0.3,-0.0357,0.5175,0.6976,,0.74,1
1788869847.990796,5962899,152.06,1.000345,0.3,-0.0553,0.517,0.6974,,0.74,1
1788869849.0509167,5962899,151.0,1.000345,0.3,-0.0453,0.52,0.6985,,0.73,1
1788869850.1043775,5962899,149.94,1.000216,0.3,-0.5315,0.2502,0.5988,,0.72,1
1788869851.1636043,5962899,148.88,1.000216,0.3,-0.5329,0.2512,0.5992,,0.65,1
1788869852.219752,5962899,147.83,1.000216,0.3,-0.5364,0.252,0.5995,,0.65,1
1788869853.28406,5962899,146.77,1.000216,0.3,-0.536,0.2532,0.5999,,0.65,1
1788869854.360547,5962899,145.69,1.000216,0.3,-0.5452,0.2533,0.6,,0.66,1
1788869855.442862,5962899,144.62,1.000216,0.3,-0.5471,0.2544,0.6004,,0.66,1
1788869856.511912,5962899,143.54,1.000216,0.3,-0.548,0.2555,0.6008,,0.64,1
1788869857.5708568,5962899,142.48,1.000216,0.3,-0.548,0.2568,0.6013,,0.7,1
1788869858.8694704,5962899,141.42,1.000216,0.3,-0.6402,0.247,0.5975,,0.68,1
1788869859.9875748,5962899,140.12,1.000216,0.3,-0.7935,0.2302,0.591,,0.65,1
1788869861.0447302,5962899,139.0,1.000216,0.3,-0.9067,0.2341,0.5925,,0.71,1
1788869862.1139772,5962899,137.94,1.000216,0.3,-0.9067,0.2354,0.5931,,0.71,1
1788869863.1815076,5962899,136.87,1.000216,0.3,-0.883,0.2396,0.5947,,0.68,1
1788869864.2463698,5962899,135.8,1.000216,0.3,-0.8461,0.2454,0.5969,,0.68,1
1788869865.311448,5962899,134.73,1.000216,0.3,-0.8451,0.2469,0.5975,,0.68,1
1788869866.392884,5962899,133.67,1.000216,0.3,-0.8451,0.2483,0.598,,0.71,1
1788869867.4615004,5962899,132.59,1.000216,0.3,-0.8849,0.2449,0.5967,,0.71,1
1788869868.5383296,5962899,131.53,1.000216,0.3,-0.8902,0.2457,0.597,,0.68,1
1788869869.5947738,5962899,130.45,1.000216,0.3,-0.9106,0.2447,0.5967,,0.68,1
1788869870.656353,5962899,129.39,1.000216,0.3,-0.9072,0.2466,0.5974,,0.67,1
1788869871.715449,5962899,128.33,1.000216,0.3,-0.9068,0.2481,0.598,,0.69,1
1788869872.7820966,5962899,127.27,1.000216,0.3,-0.9067,0.2496,0.5985,,0.69,1
1788869873.8501866,5962899,126.2,1.000216,0.3,-0.9067,0.2511,0.5991,,0.67,1
1788869874.9223328,5962899,125.14,1.000216,0.3,-0.8657,0.2575,0.6016,,0.69,1
1788869876.067134,5962899,124.06,1.000216,0.3,-0.8748,0.258,0.6018,,0.69,1
1788869877.1322765,5962899,122.92,1.000216,0.3,-0.8747,0.2597,0.6025,,0.68,1
1788869878.1931825,5962899,121.86,1.000216,0.3,-0.8353,0.266,0.6049,,0.69,1
1788869879.245868,5962899,120.8,1.000216,0.3,-0.8424,0.2668,0.6052,,0.69,1
1788869880.3132017,5962899,119.75,1.000216,0.3,0.5872,0.4399,0.67,,0.77,1
1788869881.3678167,5962899,118.68,1.000216,0.3,0.6157,0.445,0.6718,,0.8,1
1788869882.4331472,5962899,117.62,1.000216,0.3,0.7,0.4568,0.6761,,0.78,1
1788869883.491338,5962899,116.56,1.000216,0.3,0.728,0.4619,0.6779,,0.78,1
1788869884.5467207,5962899,115.5,1.000216,0.3,0.5117,0.4376,0.6692,,0.79,1
1788869885.5995812,5962899,114.45,1.000216,0.3,0.5359,0.4423,0.6709,,0.78,1
1788869886.6623769,5962899,113.39,1.000216,0.3,0.6331,0.4557,0.6757,,0.78,1
1788869887.7152698,5962899,112.33,1.000216,0.3,0.6331,0.4575,0.6763,,0.78,1
1788869888.7835267,5962899,111.27,1.000216,0.3,0.6205,0.4578,0.6764,,0.78,1
1788869889.8500886,5962899,110.2,1.000216,0.3,0.64,0.462,0.678,,0.8,1
1788869890.9194117,5962899,109.13,1.000216,0.3,0.6387,0.4637,0.6786,,0.8,1
1788869891.984649,5962899,108.06,1.000216,0.3,0.6436,0.4662,0.6795,,0.8,1
1788869893.041159,5962899,107.01,1.000216,0.3,0.6455,0.4683,0.6802,,0.8,1
1788869894.0990806,5962899,105.95,1.000216,0.3,0.6456,0.4703,0.6809,,0.79,1
1788869895.178376,5962899,104.9,1.000216,0.3,0.6388,0.4715,0.6813,,0.78,1
1788869896.2312367,5962899,103.82,1.000216,0.3,0.6833,0.4789,0.684,,0.76,1
1788869897.2836704,5962899,102.76,1.000216,0.3,0.7064,0.4837,0.6857,,0.75,1
1788869898.340099,5962899,101.71,1.000216,0.3,0.7071,0.4858,0.6864,,0.75,1
1788869899.390715,5962899,100.65,1.000216,0.3,0.7144,0.4888,0.6875,,0.75,1
1788869900.4563098,5962899,99.59,1.000216,0.3,0.7454,0.4947,0.6896,,0.63,1
1788869901.5117726,5962899,98.54,1.000216,0.3,0.734,0.4955,0.6899,,0.62,1
1788869902.5744014,5962899,97.48,1.000064,0.3,0.3274,0.1596,0.5634,,0.51,1
1788869903.645008,5962899,96.42,1.000064,0.3,0.3214,0.1405,0.5559,,0.5,1
1788869904.700869,5962899,95.35,1.000064,0.3,0.3214,0.1412,0.5561,,0.57,1
1788869905.7691872,5962899,94.29,1.000064,0.3,0.3214,0.1419,0.5564,,0.52,1
1788869906.8280337,5962899,93.22,1.000064,0.3,0.3098,0.1412,0.5561,,0.53,1
1788869907.8845778,5962899,92.16,1.000064,0.3,0.3106,0.142,0.5565,,0.52,1
1788869908.954838,5962899,91.1,1.000064,0.3,0.3163,0.1434,0.557,,0.55,1
1788869910.014123,5962899,90.04,1.000064,0.3,0.314,0.1438,0.5572,,0.54,1
1788869911.0829935,5962899,88.97,1.000064,0.3,0.314,0.1446,0.5575,,0.55,1
1788869912.1633422,5962899,87.9,1.000064,0.3,0.2363,0.136,0.5541,,0.56,1
1788869913.2313251,5962899,86.83,1.000064,0.3,0.2362,0.1559,0.5619,,0.61,1
1788869914.2866888,5962899,85.76,1.000183,0.3,0.5965,0.4568,0.6761,,0.66,1
1788869915.346004,5962899,84.7,1.000183,0.3,0.5523,0.4538,0.675,,0.67,1
1788869916.400671,5962899,83.65,1.000183,0.3,0.5244,0.4528,0.6747,,0.68,1
1788869917.4709957,5962899,82.59,1.000183,0.3,0.6427,0.4694,0.6806,,0.74,1
1788869918.531923,5962899,81.52,1.000183,0.3,0.6427,0.4719,0.6815,,0.74,1
1788869919.5978854,5962899,80.45,1.000183,0.3,0.6596,0.4764,0.6831,,0.74,1
1788869920.6493883,5962899,79.4,1.000183,0.3,0.6385,0.4764,0.6831,,0.75,1
1788869921.720054,5962899,78.34,1.000183,0.3,0.6508,0.4805,0.6846,,0.75,1
1788869922.7846618,5962899,77.26,1.000183,0.3,0.6466,0.4827,0.6853,,0.75,1
1788869923.841814,5962899,76.21,1.000183,0.3,0.648,0.4856,0.6864,,0.75,1
1788869924.8976555,5962899,75.15,1.000183,0.3,0.6451,0.473,0.6819,,0.77,1
1788869925.977192,5962899,74.09,1.000183,0.3,0.6348,0.4746,0.6825,,0.73,1
1788869927.028497,5962899,73.02,1.000183,0.3,0.6346,0.4775,0.6835,,0.75,1
1788869928.08848,5962899,71.97,1.000183,0.3,0.6187,0.4785,0.6839,,0.75,1
1788869929.142907,5962899,70.91,1.000434,0.3,0.6644,1.0769,0.8592,,0.97,1
1788869930.2028258,5962899,69.85,1.000449,0.3,0.6572,1.1175,0.8681,,0.97,1
1788869931.2606218,5962899,68.79,1.00047,0.3,0.6687,1.1768,0.8804,,0.97,1
1788869932.3189754,5962899,67.73,1.00047,0.3,0.8418,1.2058,0.8861,,0.97,1
1788869933.3897822,5962899,66.66,1.00047,0.3,0.7765,1.2065,0.8862,,0.91,1
1788869934.4478557,5962899,65.6,1.00047,0.3,0.7616,1.2134,0.8875,,0.94,1
1788869935.5220938,5962899,64.54,1.00047,0.3,0.7615,1.2223,0.8892,,0.94,1
1788869936.5884492,5962899,63.47,1.00047,0.3,0.7615,1.2315,0.8909,,0.95,1
1788869937.6529665,5962899,62.4,1.00047,0.3,0.6268,1.2248,0.8897,,0.96,1
1788869938.7120223,5962899,61.34,1.000409,0.3,0.4022,1.0617,0.8558,,0.92,1
1788869939.7770095,5962899,60.28,1.000409,0.3,0.402,1.0312,0.8488,,0.98,1
1788869940.8441596,5962899,59.21,1.000409,0.3,0.402,1.0383,0.8504,,0.98,1
1788869941.9020786,5962899,58.15,1.000409,0.3,0.4028,1.0447,0.8519,,0.98,1
1788869942.9690673,5962899,57.08,1.000409,0.3,0.4029,1.0541,0.8541,,0.98,1
1788869944.0277672,5962899,56.02,1.000409,0.3,0.2002,1.0393,0.8507,,0.98,1
1788869945.0819714,5962899,54.97,1.000409,0.3,0.2149,1.0508,0.8533,,0.98,1
1788869946.1409023,5962899,53.91,1.000409,0.3,0.2196,1.0614,0.8558,,0.97,1
1788869947.2108493,5962899,52.85,1.000409,0.3,-0.0503,1.0395,0.8507,,0.98,1
1788869948.2650082,5962899,51.78,1.000409,0.3,-0.0502,1.0503,0.8532,,0.98,1
1788869949.3322966,5962899,50.72,1.000409,0.3,-0.0502,1.0691,0.8575,,0.99,1
1788869950.4052315,5962899,49.65,1.000409,0.3,-0.0631,1.079,0.8597,,0.98,1
1788869951.463859,5962899,48.59,1.000409,0.3,-0.0574,1.0915,0.8625,,0.99,1
1788869952.5287552,5962899,47.52,1.000409,0.3,-0.1186,1.0965,0.8636,,0.99,1
1788869953.592107,5962899,46.46,1.000409,0.3,-0.1187,1.109,0.8663,,0.51,1
1788869954.6608424,5962899,45.39,1.000332,0.3,-0.1812,0.902,0.8165,,0.51,1
1788869955.7209263,5962899,44.33,1.000332,0.3,-0.1812,0.9033,0.8168,,0.51,1
1788869956.776166,5962899,43.27,1.000271,0.3,-0.2107,0.7362,0.7692,,0.97,1
1788869957.8347292,5962899,42.22,1.000271,0.3,-0.2108,0.738,0.7698,,0.98,1
1788869958.8935127,5962899,41.15,1.000271,0.3,-0.4383,0.7208,0.7645,,0.97,1
1788869959.9676836,5962899,40.09,1.000271,0.3,-0.5195,0.7214,0.7647,,0.98,1
1788869961.0224118,5962899,39.02,1.000271,0.3,-0.6385,0.718,0.7636,,0.98,1
1788869962.0849748,5962899,37.97,1.000271,0.3,-0.6614,0.7265,0.7662,,0.98,1
1788869963.1502078,5962899,36.9,1.000271,0.3,-0.7042,0.7332,0.7683,,0.98,1
1788869964.223035,5962899,35.83,1.000271,0.3,-0.8517,0.7279,0.7667,,0.51,1
1788869965.2875948,5962899,34.76,1.000271,0.3,-0.8517,0.7504,0.7735,,0.51,1
1788869966.3493967,5962899,33.7,1.000271,0.3,-0.8475,0.7644,0.7777,,0.51,1
1788869967.4212058,5962899,32.63,1.000271,0.3,-0.8475,0.7862,0.7841,,0.51,1
1788869968.48592,5962899,31.57,1.000271,0.3,-0.3392,0.8621,0.8057,,0.51,1
1788869969.5429518,5962899,30.5,1.000271,0.3,-0.3359,0.8781,0.8101,,0.51,1
1788869970.5979023,5962899,29.45,1.000271,0.3,-0.3475,0.893,0.8141,,0.51,1
1788869971.661748,5962899,28.39,1.000271,0.3,-0.3577,0.9091,0.8184,,0.51,1
1788869972.7167752,5962899,27.33,1.000271,0.3,-0.3969,0.9226,0.8219,,0.51,1
1788869973.7908244,5962899,26.27,1.000271,0.3,-0.3781,0.9444,0.8275,,0.51,1
1788869974.8532617,5962899,25.2,1.000271,0.3,-0.3923,0.9634,0.8323,,0.51,1
1788869975.9138975,5962899,24.13,1.000271,0.3,-0.3888,0.9859,0.8379,,0.51,1
1788869976.9848907,5962899,23.08,1.000271,0.3,-0.3663,1.0119,0.8442,,0.51,1
1788869978.0448012,5962899,22.01,1.000271,0.3,-0.3276,1.042,0.8513,,0.51,1
1788869979.1265457,5962899,20.94,1.000271,0.3,-0.3256,1.0695,0.8576,,0.51,1
1788869980.1843328,5962899,19.87,1.000271,0.3,-0.3255,1.099,0.8641,,0.51,1
1788869981.2479367,5962899,18.81,1.000271,0.3,-0.3742,1.1248,0.8697,,0.51,1
1788869982.3021219,5962899,17.75,1.00046,0.3,0.5827,2.1142,0.9828,,0.51,1
1788869983.3582144,5962899,16.69,1.000578,0.3004,0.6196,2.7573,0.9971,,0.51,1
1788869984.4163966,5962899,15.63,1.000578,0.3008,0.5728,2.8359,0.9977,,0.51,1
1788869985.4762921,5962899,14.57,1.000578,0.3011,0.7423,2.9512,0.9984,,0.51,1
1788869986.540466,5962899,13.51,1.000578,0.3014,0.8453,3.0699,0.9989,,0.51,1
1788869987.5921621,5962899,12.45,1.000578,0.3016,0.8422,3.189,0.9993,,0.51,1
1788869988.656957,5962899,11.39,1.000578,0.3013,0.8468,3.3306,0.9996,,0.51,1
1788869989.7133968,5962899,10.34,1.000578,0.3011,0.8468,3.4922,0.9998,,0.51,1
1788869990.7870448,5962899,9.28,1.000588,0.301,0.8643,3.7429,0.9999,,0.51,1
1788869991.848436,5962899,8.2,1.000588,0.3008,0.8651,3.9758,1.0,,0.51,1
1788869992.926513,5962899,7.12,1.000588,0.3007,0.8693,4.2573,1.0,,0.51,1
1788869993.984728,5962899,6.07,1.000613,0.3006,0.8708,4.7591,1.0,,0.51,1
1788869995.0553372,5962899,5.0,1.000666,0.3005,0.8807,5.6716,1.0,,0.51,1
1788869996.1194494,5962899,3.93,1.000666,0.3004,0.8808,6.3917,1.0,,0.51,1
1788869997.1814451,5962899,2.87,1.000666,0.3003,0.8792,7.461,1.0,,0.51,1
1788869998.246497,5962899,1.8,1.000618,0.3003,0.4414,8.6574,1.0,,0.51,1
1788869999.306042,5962899,1.0,1.000618,0.3002,0.4341,11.6108,1.0,,0.51,1
1788872543.464323,5962908,176.91,1.000459,0.5975,0.7449,0.4257,0.6648,,0.51,1
1788872556.499709,5962908,155.53,1.000586,0.336,0.8108,0.8828,0.8113,,0.51,1
1788872569.510542,5962908,142.5,1.00051,0.3043,0.4189,0.8382,0.7991,,0.51,1
1788872582.5467775,5962908,129.48,1.000637,0.3005,-0.1527,1.0441,0.8518,,0.51,1
1788872595.5544305,5962908,116.45,1.000709,0.3001,-0.167,1.2188,0.8885,,0.51,1
1788872612.6010149,5962908,103.44,1.000562,0.3,0.2472,1.045,0.852,,0.51,1
1788872625.6208384,5962908,86.39,1.000562,0.3,-0.5001,1.0713,0.858,,0.51,1
1788872638.660197,5962908,73.37,1.00051,0.3,-0.8055,1.0176,0.8456,,0.51,1
1788872651.701439,5962908,60.33,1.000484,0.3,-0.7084,1.0792,0.8597,,0.51,1
1788872664.7818975,5962908,47.29,1.000331,0.3,-0.6315,0.8424,0.8002,,0.51,1
1788872681.8381417,5962908,34.22,1.000331,0.3,-0.4616,1.0141,0.8447,,0.51,1
1788872694.871184,5962908,17.16,1.000459,0.3,0.8815,2.1875,0.9856,,0.51,1
1788872707.906691,5962908,4.12,1.000535,0.3,0.9136,5.045,1.0,,0.51,1
1788870001.202146,5962900,299.68,1.0,0.3002,0.3977,0.0509,0.5203,,0.63,1
1788870002.2682967,5962900,297.78,1.0,0.3001,0.3977,0.0509,0.5203,,0.64,1
1788870003.3267953,5962900,296.72,1.0,0.3001,0.4076,0.0521,0.5208,,0.63,1
1788870004.3859751,5962900,295.66,1.0,0.3001,0.4127,0.0495,0.5197,,0.63,1
1788870005.45106,5962900,294.6,1.0,0.3001,0.4012,0.0416,0.5166,,0.63,1
1788870006.5077126,5962900,293.54,0.99997,0.3001,0.2902,-0.0041,0.4984,,0.6,1
1788870007.5655403,5962900,292.48,0.99997,0.3001,0.2909,-0.0078,0.4969,,0.6,1
1788870008.652405,5962900,291.41,0.99997,0.3001,0.2956,-0.0013,0.4995,,0.6,1
1788870009.7066925,5962900,290.34,0.999894,0.3,0.1976,-0.0973,0.4612,,0.6,1
1788870010.764018,5962900,289.28,0.99994,0.3,0.2048,-0.0491,0.4804,,0.62,1
1788870011.8202665,5962900,288.23,0.99994,0.3,0.2048,-0.0492,0.4804,,0.61,1
1788870012.9011407,5962900,287.16,0.99994,0.3,-0.286,-0.1082,0.4569,,0.61,1
1788870013.9636004,5962900,286.09,0.99994,0.3,-0.2954,-0.1095,0.4564,,0.61,1
1788870015.027483,5962900,285.02,0.99994,0.3,-0.3041,-0.1107,0.4559,,0.62,1
1788870016.103013,5962900,283.95,0.99994,0.3,-0.3158,-0.1122,0.4553,,0.63,1
1788872725.2568247,5962909,291.09,0.999746,0.3009,-0.2436,-0.2999,0.3821,,0.51,0
1788872746.285553,5962909,273.74,1.000083,0.3,0.8959,0.2116,0.5838,,0.51,0
1788872782.7579238,5962909,241.58,1.000102,0.4827,0.8999,0.2536,0.6001,,0.51,0
1788872803.8091602,5962909,216.23,1.000433,0.3143,0.0505,0.5322,0.7027,,0.51,0
1788872824.847566,5962909,195.19,1.000357,0.3005,0.1928,0.5097,0.6949,,0.51,0
1788872849.8864102,5962909,174.15,1.000452,0.3,-0.4212,0.5844,0.7205,,0.51,0
1788872870.9321358,5962909,149.11,1.000681,0.3,0.4189,1.0995,0.8642,,0.51,0
1788872891.9971545,5962909,128.06,1.000287,0.3468,-0.6381,0.3336,0.6306,,0.51,0
1788873041.0811584,5962910,295.33,1.0,0.3221,0.8779,0.1048,0.5417,,0.51,1
1788873058.127717,5962910,257.9,0.999807,0.3014,-0.5142,-0.3098,0.3784,,0.51,1
1788873075.1776996,5962910,240.86,1.000178,0.3001,-0.2078,0.2341,0.5926,,0.51,1
1788873104.230551,5962910,223.82,1.000686,0.3319,0.5166,0.8366,0.7986,,0.51,1
1788873121.2530763,5962910,194.77,1.000686,0.3105,-0.0737,0.8794,0.8104,,0.51,1
1788873138.2877302,5962910,177.74,1.000561,0.3008,0.1262,0.7851,0.7838,,0.51,1
1788873167.3492274,5962910,160.71,1.000501,0.3,-0.3208,0.6864,0.7538,,0.51,1
1788873184.3844695,5962910,131.65,1.000101,0.3,-0.6622,0.0626,0.525,,0.51,1
1788873201.4192662,5962910,114.61,1.000101,0.3,-0.5735,0.1082,0.5431,,0.51,1
1788873230.4762752,5962910,97.58,1.000204,0.3,0.3925,0.4312,0.6669,,0.51,1
1788873247.517006,5962910,68.52,0.999928,0.3,-0.6307,-0.239,0.4056,,0.51,1
1788873268.5871978,5962910,51.47,1.000165,0.3,-0.1515,0.4135,0.6604,,0.51,1
1788873293.6446936,5962910,30.4,0.999926,0.3,-0.5887,-0.2973,0.3831,,0.51,1
1788873306.6765695,5962910,5.34,1.000165,0.3,0.9728,1.4614,0.928,,0.51,1
1788873324.0356767,5962911,292.31,1.0,0.3,0.9853,0.1177,0.5469,,0.51,0
1788873345.0834038,5962911,274.95,1.00014,0.3,0.9667,0.2852,0.6123,,0.51,0
1788873374.1340766,5962911,253.91,0.999926,0.3,-0.8776,-0.1922,0.4238,,0.51,0
1788873391.1757748,5962911,224.86,0.999738,0.3,-0.7711,-0.4196,0.3374,,0.51,0
1788873412.206318,5962911,207.82,0.99957,0.3,-0.3492,-0.6258,0.2657,,0.51,0
1788873441.2829585,5962911,186.78,0.999376,0.3,0.2005,-0.8474,0.1984,,0.51,0
1788873458.341483,5962911,157.7,0.999427,0.3,0.667,-0.7751,0.2191,,0.51,0
1788873479.4132767,5962911,140.64,0.999427,0.3,0.6055,-0.8329,0.2025,,0.51,0
1788873508.4706168,5962911,119.58,0.999427,0.3,-0.5347,-1.0462,0.1477,,0.51,0
1788873525.4928024,5962911,90.53,0.99934,0.3,-0.2163,-1.331,0.0916,,0.51,0
1788873546.537289,5962911,73.5,0.99934,0.3,0.366,-1.393,0.0818,,0.51,0
1788873575.6065655,5962911,52.45,0.999389,0.3,0.0537,-1.573,0.0579,,0.51,0
1788873596.7304986,5962911,23.38,0.999325,0.3,-0.0226,-2.6182,0.0044,,0.51,0
1788873613.7903345,5962911,2.25,0.99907,0.3,-0.3635,-11.658,0.0,,0.51,0
1788873643.1885343,5962912,285.2,1.000229,0.3,0.5926,0.324,0.627,,0.51,0
1788873664.245276,5962912,255.8,1.000229,0.3,-0.8221,0.1398,0.5556,,0.51,0
1788873685.306447,5962912,234.75,0.999709,0.3,-0.541,-0.4229,0.3362,,0.51,0
1788873714.3789628,5962912,213.69,0.999654,0.3,-0.698,-0.5543,0.2897,,0.51,0
1788873735.4204736,5962912,184.61,0.999133,0.3,-0.5155,-1.2722,0.1017,,0.51,0
1788873756.4765851,5962912,163.57,0.998967,0.3,-0.2647,-1.536,0.0623,,0.51,0
1788873785.5256748,5962912,142.52,0.999312,0.3,0.8831,-0.9448,0.1724,,0.51,0
1788873806.576648,5962912,113.46,0.999789,0.3,-0.3232,-0.4065,0.3422,,0.51,0
1788873827.619551,5962912,92.41,0.999413,0.3,-0.6148,-1.2174,0.1117,,0.51,0
1788873856.6938372,5962912,71.38,0.999513,0.3,0.6836,-0.9936,0.1602,,0.51,0
1788873881.7725472,5962912,42.3,0.999515,0.3,-0.1878,-1.4318,0.0761,,0.51,0
1788873898.8055081,5962912,17.22,0.999362,0.3,-0.7506,-2.9775,0.0015,,0.51,0
1788873923.8636487,5962912,1.0,0.999133,0.3,0.5262,-16.1196,0.0,,0.51,0
1788873949.214685,5962913,275.13,1.000613,0.3296,0.9892,0.7467,0.7724,,0.51,0
1788873970.2689025,5962913,249.78,1.000516,0.3375,-0.0506,0.5201,0.6985,,0.51,0
1788873999.3446553,5962913,228.73,1.000357,0.3006,0.7248,0.5411,0.7058,,0.51,0
1788874024.3964076,5962913,199.65,1.000628,0.3,0.8024,0.9258,0.8227,,0.51,0
1788874045.439196,5962913,174.59,1.000612,0.3,0.2855,0.9013,0.8163,,0.51,0
1788874142.1649432,5962913,98.19,1.000036,0.3285,0.7197,0.5921,0.7231,,0.51,0
1788874159.1886327,5962913,56.83,1.000245,0.3196,-0.5108,0.9778,0.8359,,0.51,0
1788874176.2263045,5962913,39.8,1.000188,0.319,-0.8098,1.3476,0.9111,,0.51,0
1788874335.5024989,5962914,212.85,0.999384,0.8962,-0.6065,-0.6233,0.2665,0.51,0
1788874352.5560188,5962914,163.48,0.998969,0.7798,-0.4249,-0.8163,0.2072,0.51,0
1788874397.6507978,5962914,146.44,0.998298,0.7909,-0.538,-2.0153,0.0219,0.51,0
1788874414.6745527,5962914,101.34,0.997766,0.9652,-0.4056,-1.0616,0.1442,0.51,0
1788874459.7510564,5962914,84.32,0.998272,0.8482,-0.2011,-1.5901,0.0559,0.51,0
1788874476.7818007,5962914,39.24,0.997832,0.6633,-0.3521,-7.515,0.0,0.51,0
1788874521.8640742,5962914,22.21,0.997389,0.602,-0.3599,-21.315,0.0,0.51,0
1788874543.2915168,5962915,277.13,1.00022,0.6869,-0.4781,-0.3122,0.3775,0.51,0
1788874596.411628,5962915,255.7,1.000661,0.6664,-0.197,0.0016,0.5007,0.51,0
1788874613.4431837,5962915,202.58,0.999697,0.6319,-0.347,-0.2043,0.4191,0.51,0
1788874662.5255203,5962915,185.55,0.999658,0.7709,-0.7524,-0.457,0.3238,0.51,0
1788874679.5633495,5962915,136.46,0.999041,0.8246,-0.392,-0.5368,0.2957,0.51,0
1788874728.6264374,5962915,119.43,0.998895,0.6691,-0.2088,-1.2899,0.0985,0.51,0
1788874745.6849525,5962915,70.36,0.998433,0.6139,0.1311,-1.9659,0.0247,0.51,0
1788874794.7560518,5962915,53.31,0.997594,0.6116,-0.6008,-7.5652,0.0,0.51,0
1788874815.816902,5962915,4.24,0.996749,0.645,-0.609,-304.1664,0.0,0.51,0
1788874865.2131066,5962916,283.18,0.999293,0.5976,-0.866,-0.7955,0.2132,0.51,0
1788874886.2867532,5962916,233.77,0.998249,0.5711,-0.7806,-1.419,0.078,0.51,0
1788874935.3690841,5962916,212.71,0.997947,0.3846,-0.2689,-2.1645,0.0152,0.51,0
1788874956.3960683,5962916,163.63,0.998069,0.4258,-0.7967,-2.435,0.0074,0.51,0
1788875005.46196,5962916,142.6,0.997834,0.6416,-0.4942,-1.1348,0.1282,0.51,0
1788875026.4930565,5962916,93.53,0.997764,0.6729,-0.4478,-1.9143,0.0278,0.51,0
1788875075.5763366,5962916,72.5,0.998051,0.5055,-0.3321,-2.3085,0.0105,0.51,0
1788875100.629561,5962916,23.42,0.999215,0.6024,0.544,-8.3202,0.0,0.51,0
1788875150.2566679,5962917,298.36,0.99978,0.6088,0.1914,0.1248,0.5497,0.51,0
1788875175.2901545,5962917,248.74,0.999528,0.611,-0.1857,-0.5333,0.2969,0.51,0
1788875224.3622696,5962917,223.7,0.999165,0.4845,-0.1386,-0.7563,0.2247,0.51,0
1788875249.430341,5962917,174.61,0.999303,0.533,0.4687,-0.0741,0.4705,0.51,0
1788875298.527127,5962917,149.56,0.999894,0.5879,0.6424,1.0936,0.8629,0.51,0
1788875323.5639317,5962917,100.46,1.000845,0.564,0.2471,0.4458,0.6721,0.51,0
1788875372.6514747,5962917,75.43,1.000231,0.4392,-0.4134,-0.7417,0.2291,0.51,0
1788875401.7294173,5962917,26.35,0.999714,0.4742,0.0693,1.3272,0.9078,0.51,0
1788875451.1264112,5962918,297.25,0.999872,0.4688,-0.2297,-0.9787,0.1639,0.51,0
1788875480.1717083,5962918,247.87,0.998408,0.4352,-0.4095,-1.6742,0.047,0.51,0
1788875529.2636056,5962918,218.82,0.997854,0.5828,-0.7276,-1.5784,0.0572,0.51,0
1788875558.311312,5962918,169.73,0.997594,0.6097,-0.778,-2.1525,0.0157,0.51,0
1788875607.3936906,5962918,140.68,0.997302,0.6182,-0.2438,-2.162,0.0153,0.51,0
1788875636.4534848,5962918,91.6,0.997423,0.5578,0.3424,-2.0285,0.0213,0.51,0
1788875685.5263195,5962918,62.54,0.997885,0.45,-0.1219,-2.5366,0.0056,0.51,0
1788875718.5995886,5962918,13.47,0.998905,0.4152,0.148,-29.9439,0.0,0.51,0
1788875767.9551785,5962919,280.39,1.000618,0.5936,-0.3307,1.0468,0.8524,0.51,1
1788875801.0098188,5962919,231.04,1.00183,0.6289,-0.041,0.8412,0.7999,0.51,1
1788875850.0900264,5962919,197.98,1.001799,0.4032,0.9271,2.5876,0.9952,0.51,1
1788875883.1696293,5962919,148.91,1.002866,0.3478,0.519,4.4538,1.0,0.51,1
1788875932.2412832,5962919,115.83,1.002876,0.5051,-0.5962,1.6319,0.9487,0.51,1
1788875965.3007638,5962919,66.75,1.001676,0.5191,-0.3911,1.6887,0.9544,0.51,1
1788876018.416715,5962919,33.68,1.001206,0.4249,-0.2408,14.864,1.0,0.51,1
1788876051.7662883,5962920,280.58,1.000415,0.584,-0.3598,0.3644,0.6422,0.51,1
1788876104.8262722,5962920,247.23,1.000261,0.5242,-0.599,-0.1606,0.4362,0.51,1
1788876137.8656852,5962920,194.17,0.999466,0.3607,-0.3957,-0.8463,0.1987,0.51,1
1788876186.9382644,5962920,161.13,0.998799,0.5592,-0.1498,-0.0537,0.4786,0.51,1
1788876219.9684136,5962920,112.06,1.000312,0.5542,-0.375,0.1195,0.5475,0.51,1
1788876269.037731,5962920,79.02,0.999697,0.4667,-0.3301,-0.9079,0.182,0.51,1
1788876306.1257136,5962920,29.95,1.00003,0.4202,0.3681,3.9476,1.0,0.51,1
1788876355.5121706,5962921,292.87,1.000307,0.3726,0.9222,0.8771,0.8098,,0.51,1
1788876394.4115613,5962921,243.47,1.000811,0.372,-0.6707,-0.3626,0.3585,,0.51,1
1788876443.4849675,5962921,204.58,0.999718,0.5689,-0.5666,-0.351,0.3628,,0.51,1
1788876480.568498,5962921,155.51,0.999427,0.5289,0.7887,0.4488,0.6732,,0.51,1
1788876529.6722567,5962921,118.42,1.000231,0.381,0.4821,1.194,0.8838,,0.51,1
1788876566.7238877,5962921,69.32,1.001092,0.3395,0.1351,1.1612,0.8772,,0.51,1
1788876619.8310838,5962921,32.27,1.000556,0.3493,-0.1754,5.3237,1.0,,0.51,1
1788876657.211171,5962922,279.16,0.999923,0.3482,0.0081,0.1298,0.5516,,0.51,1
1788876702.3041563,5962922,241.79,1.00025,0.4408,0.2305,1.152,0.8753,,0.51,1
1788876805.804819,5962922,158.55,1.000727,0.3783,-0.4231,1.056,0.8545,0.7979,0.51,1
1788876870.9469984,5962922,93.19,1.000666,0.3192,0.7286,2.322,0.9899,0.9218,0.51,1
1788876936.0857706,5962922,28.04,1.000934,0.3797,0.65,16.8885,1.0,0.9972,0.51,1
1788877001.4642007,5962923,262.91,1.001692,0.4346,0.2628,1.0505,0.8532,0.9144,0.51,1
1788877120.940767,5962923,143.45,1.001304,0.3635,-0.1652,1.1491,0.8747,0.9527,0.51,1
1788877186.0252905,5962923,78.05,1.00108,0.4298,-0.4918,2.0861,0.9815,0.9317,0.51,1
