timestamp,window_id,tau_sec,outcome,z,p_model,direct_ask,direct_spread,real_edge,hurdle,status,size_usd
1788865397.7140675,5962884,102.43,NONE,-0.1206,0.452,0.0,0.0,0.0,0.0,BLOCKED_NOISE,0.0
1788865398.771609,5962884,101.28,NONE,-0.0899,0.4642,0.0,0.0,0.0,0.0,BLOCKED_NOISE,0.0
1788865399.8219044,5962884,100.23,NONE,-0.0898,0.4642,0.0,0.0,0.0,0.0,BLOCKED_NOISE,0.0
1788865400.870225,5962884,99.18,NONE,-0.0913,0.4636,0.0,0.0,0.0,0.0,BLOCKED_NOISE,0.0
1788865401.918993,5962884,98.12,NONE,-0.1565,0.4378,0.0,0.0,0.0,0.0,BLOCKED_NOISE,0.0
1788865402.9671338,5962884,97.08,NONE,-0.1989,0.4212,0.0,0.0,0.0,0.0,BLOCKED_NOISE,0.0
1788865404.0244708,5962884,96.02,NONE,-0.1985,0.4213,0.0,0.0,0.0,0.0,BLOCKED_NOISE,0.0
1788865405.0931504,5962884,94.97,NONE,-0.2055,0.4186,0.0,0.0,0.0,0.0,BLOCKED_NOISE,0.0
1788865406.1398733,5962884,93.91,NONE,-0.2127,0.4158,0.0,0.0,0.0,0.0,BLOCKED_NOISE,0.0
1788865407.1925445,5962884,92.85,NONE,-0.2131,0.4156,0.0,0.0,0.0,0.0,BLOCKED_NOISE,0.0
1788865408.2487273,5962884,91.8,NONE,-0.2266,0.4104,0.0,0.0,0.0,0.0,BLOCKED_NOISE,0.0
1788865409.3004506,5962884,90.74,NONE,-0.2177,0.4138,0.0,0.0,0.0,0.0,BLOCKED_NOISE,0.0
1788865410.3542006,5962884,89.69,NONE,-0.2222,0.4121,0.0,0.0,0.0,0.0,BLOCKED_NOISE,0.0
1788865411.4171424,5962884,88.64,NO,-0.4101,0.6591,0.0,0.0,0.0,0.035,BLOCKED_PHANTOM,0.0
1788865412.4671805,5962884,87.58,NO,-0.401,0.6558,0.0,0.0,0.0,0.035,BLOCKED_PHANTOM,0.0
1788865413.521786,5962884,86.53,NO,-0.412,0.6598,0.0,0.0,0.0,0.035,BLOCKED_PHANTOM,0.0
1788865414.5750568,5962884,85.48,NO,-0.4227,0.6637,0.0,0.0,0.0,0.035,BLOCKED_PHANTOM,0.0
1788865415.6610832,5962884,84.42,NO,-0.4382,0.6694,0.0,0.0,0.0,0.035,BLOCKED_PHANTOM,0.0
1788865416.713282,5962884,83.34,NO,-0.4487,0.6732,0.0,0.0,0.0,0.035,BLOCKED_PHANTOM,0.0
1788865417.7697124,5962884,82.28,NO,-0.4583,0.6766,0.0,0.0,0.0,0.035,BLOCKED_PHANTOM,0.0
1788865418.8283684,5962884,81.22,NO,-0.4509,0.674,0.0,0.0,0.0,0.035,BLOCKED_PHANTOM,0.0
1788865419.8763497,5962884,80.17,NO,-0.4592,0.677,0.0,0.0,0.0,0.035,BLOCKED_PHANTOM,0.0
1788865420.929348,5962884,79.12,NO,-0.6322,0.7364,0.0,0.0,0.0,0.035,BLOCKED_PHANTOM,0.0
1788865421.9792545,5962884,78.07,NO,-0.6401,0.739,0.0,0.0,0.0,0.035,BLOCKED_PHANTOM,0.0
1788865423.0266917,5962884,77.02,NO,-0.6475,0.7414,0.0,0.0,0.0,0.035,BLOCKED_PHANTOM,0.0
1788865424.075318,5962884,75.97,NO,-0.6563,0.7442,0.0,0.0,0.0,0.035,BLOCKED_PHANTOM,0.0
1788865425.127017,5962884,74.92,NO,-0.6646,0.7469,0.0,0.0,0.0,0.035,BLOCKED_PHANTOM,0.0
1788865426.1738582,5962884,73.87,NO,-0.6724,0.7493,0.0,0.0,0.0,0.035,BLOCKED_PHANTOM,0.0
1788865427.2244809,5962884,72.82,NO,-0.6822,0.7524,0.0,0.0,0.0,0.035,BLOCKED_PHANTOM,0.0
1788865428.2755756,5962884,71.77,NO,-0.6889,0.7546,0.0,0.0,0.0,0.035,BLOCKED_PHANTOM,0.0
1788865429.3486025,5962884,70.71,NO,-0.6955,0.7566,0.0,0.0,0.0,0.035,BLOCKED_PHANTOM,0.0
1788865430.3937747,5962884,69.65,NO,-0.7001,0.7581,0.0,0.0,0.0,0.035,BLOCKED_PHANTOM,0.0
1788865431.4505618,5962884,68.6,NO,-0.6981,0.7574,0.0,0.0,0.0,0.035,BLOCKED_PHANTOM,0.0
1788865432.5200212,5962884,67.54,NO,-0.7042,0.7593,0.0,0.0,0.0,0.035,BLOCKED_PHANTOM,0.0
1788865433.5703678,5962884,66.48,NO,-0.4842,0.6859,0.0,0.0,0.0,0.035,BLOCKED_PHANTOM,0.0
1788865434.6390874,5962884,65.42,NO,-0.4853,0.6863,0.0,0.0,0.0,0.035,BLOCKED_PHANTOM,0.0
1788865435.6966033,5962884,64.35,NO,-0.4897,0.6878,0.0,0.0,0.0,0.035,BLOCKED_PHANTOM,0.0
1788865436.7582784,5962884,63.29,NO,-0.4928,0.6889,0.0,0.0,0.0,0.035,BLOCKED_PHANTOM,0.0
1788865437.8096998,5962884,62.24,NO,-0.4546,0.6753,0.0,0.0,0.0,0.035,BLOCKED_PHANTOM,0.0
1788865438.8541644,5962884,61.19,NO,-0.4611,0.6776,0.0,0.0,0.0,0.035,BLOCKED_PHANTOM,0.0
1788865439.9062645,5962884,60.14,NO,-0.465,0.679,0.0,0.0,0.0,0.035,BLOCKED_PHANTOM,0.0
1788865440.9628081,5962884,59.08,NO,-0.4703,0.6809,0.0,0.0,0.0,0.035,BLOCKED_PHANTOM,0.0
1788865442.0275905,5962884,58.03,NO,-0.4528,0.6746,0.0,0.0,0.0,0.035,BLOCKED_PHANTOM,0.0
1788865443.0865855,5962884,56.96,NO,-0.4574,0.6763,0.0,0.0,0.0,0.035,BLOCKED_PHANTOM,0.0
1788865444.136331,5962884,55.91,NO,-0.4691,0.6805,0.0,0.0,0.0,0.035,BLOCKED_PHANTOM,0.0
1788865445.1958194,5962884,54.85,NO,-0.4836,0.6857,0.0,0.0,0.0,0.035,BLOCKED_PHANTOM,0.0
1788865446.2561386,5962884,53.79,NO,-0.478,0.6837,0.0,0.0,0.0,0.035,BLOCKED_PHANTOM,0.0
1788865447.3106108,5962884,52.74,NO,-0.4843,0.6859,0.0,0.0,0.0,0.035,BLOCKED_PHANTOM,0.0
1788865448.3652644,5962884,51.68,NO,-0.4927,0.6889,0.0,0.0,0.0,0.035,BLOCKED_PHANTOM,0.0
1788865449.4230769,5962884,50.62,NO,-0.5096,0.6948,0.0,0.0,0.0,0.035,BLOCKED_PHANTOM,0.0
1788865450.474159,5962884,49.57,NO,-0.5146,0.6966,0.0,0.0,0.0,0.035,BLOCKED_PHANTOM,0.0
1788865451.5289435,5962884,48.52,NO,-0.4876,0.6871,0.0,0.0,0.0,0.035,BLOCKED_PHANTOM,0.0
1788865452.5977552,5962884,47.47,NO,-0.4924,0.6888,0.0,0.0,0.0,0.035,BLOCKED_PHANTOM,0.0
1788865453.6641333,5962884,46.39,NO,-0.4816,0.6849,0.0,0.0,0.0,0.035,BLOCKED_PHANTOM,0.0
1788865454.7186708,5962884,45.33,NO,-0.4879,0.6872,0.0,0.0,0.0,0.035,BLOCKED_PHANTOM,0.0
1788865455.7700713,5962884,44.28,NO,-0.4923,0.6888,0.0,0.0,0.0,0.035,BLOCKED_PHANTOM,0.0
1788865456.8147688,5962884,43.23,NO,-0.4985,0.6909,0.0,0.0,0.0,0.035,BLOCKED_PHANTOM,0.0
1788865457.8772027,5962884,42.17,NO,-0.5085,0.6944,0.0,0.0,0.0,0.035,BLOCKED_PHANTOM,0.0
1788865458.9407353,5962884,41.1,NO,-0.5151,0.6968,0.0,0.0,0.0,0.035,BLOCKED_PHANTOM,0.0
1788865459.9868364,5962884,40.06,NO,-0.5213,0.6989,0.0,0.0,0.0,0.035,BLOCKED_PHANTOM,0.0
1788865461.0378532,5962884,39.01,NO,-0.5284,0.7014,0.0,0.0,0.0,0.035,BLOCKED_PHANTOM,0.0
1788865462.0863411,5962884,37.96,NO,-0.5352,0.7037,0.0,0.0,0.0,0.035,BLOCKED_PHANTOM,0.0
1788865463.1394725,5962884,36.91,NO,-0.5429,0.7064,0.0,0.0,0.0,0.035,BLOCKED_PHANTOM,0.0
1788865464.1945472,5962884,35.86,NO,-0.5942,0.7238,0.0,0.0,0.0,0.035,BLOCKED_PHANTOM,0.0
1788865465.2389174,5962884,34.8,NO,-0.578,0.7184,0.0,0.0,0.0,0.035,BLOCKED_PHANTOM,0.0
1788865466.300068,5962884,33.75,NO,-0.5881,0.7218,0.0,0.0,0.0,0.035,BLOCKED_PHANTOM,0.0
1788865467.3695447,5962884,32.68,NO,-0.6151,0.7307,0.0,0.0,0.0,0.035,BLOCKED_PHANTOM,0.0
1788865468.4183557,5962884,31.63,NO,-0.6181,0.7317,0.0,0.0,0.0,0.035,BLOCKED_PHANTOM,0.0
1788865469.466893,5962884,30.58,NO,-0.6376,0.7381,0.0,0.0,0.0,0.035,BLOCKED_PHANTOM,0.0
1788865470.52104,5962884,29.53,NO,-0.6457,0.7408,0.0,0.0,0.0,0.035,BLOCKED_PHANTOM,0.0
1788865471.5828502,5962884,28.46,NO,-0.6506,0.7423,0.0,0.0,0.0,0.035,BLOCKED_PHANTOM,0.0
1788865472.6370053,5962884,27.41,NO,-0.6626,0.7462,0.0,0.0,0.0,0.035,BLOCKED_PHANTOM,0.0
1788865473.703409,5962884,26.36,NO,-0.6755,0.7503,0.0,0.0,0.0,0.035,BLOCKED_PHANTOM,0.0
1788865474.7541096,5962884,25.29,NO,-1.1159,0.8678,0.0,0.0,0.0,0.035,BLOCKED_PHANTOM,0.0
1788865475.833396,5962884,24.22,NO,-1.1443,0.8738,0.0,0.0,0.0,0.035,BLOCKED_PHANTOM,0.0
1788865476.8896499,5962884,23.16,NO,-1.1669,0.8784,0.0,0.0,0.0,0.035,BLOCKED_PHANTOM,0.0
1788865477.9462698,5962884,22.1,NO,-1.1924,0.8834,0.0,0.0,0.0,0.035,BLOCKED_PHANTOM,0.0
1788865479.0051916,5962884,21.04,NO,-1.2132,0.8875,0.0,0.0,0.0,0.035,BLOCKED_PHANTOM,0.0
1788865480.0588317,5962884,19.99,NO,-1.3934,0.9183,0.0,0.0,0.0,0.035,BLOCKED_PHANTOM,0.0
1788865481.1074386,5962884,18.94,NO,-1.5695,0.9417,0.0,0.0,0.0,0.035,BLOCKED_PHANTOM,0.0
1788865482.1622615,5962884,17.88,NO,-1.6144,0.9468,0.0,0.0,0.0,0.035,BLOCKED_PHANTOM,0.0
1788865483.2111964,5962884,16.84,NO,-1.6605,0.9516,0.0,0.0,0.0,0.035,BLOCKED_PHANTOM,0.0
1788865484.2626445,5962884,15.78,NO,-1.7093,0.9563,0.0,0.0,0.0,0.035,BLOCKED_PHANTOM,0.0
1788865485.3082101,5962884,14.74,NO,-1.7575,0.9606,0.0,0.0,0.0,0.035,BLOCKED_PHANTOM,0.0
1788865486.368624,5962884,13.69,NO,-1.8206,0.9657,0.0,0.0,0.0,0.035,BLOCKED_PHANTOM,0.0
1788865487.434855,5962884,12.62,NO,-1.8909,0.9707,0.0,0.0,0.0,0.035,BLOCKED_PHANTOM,0.0
1788865488.4786496,5962884,11.56,NO,-1.9708,0.9756,0.0,0.0,0.0,0.035,BLOCKED_PHANTOM,0.0
1788865489.5320597,5962884,10.51,NO,-2.0624,0.9804,0.0,0.0,0.0,0.035,BLOCKED_PHANTOM,0.0
1788865490.5813954,5962884,9.46,NO,-2.1643,0.9848,0.0,0.0,0.0,0.035,BLOCKED_PHANTOM,0.0
1788865491.6323972,5962884,8.41,NO,-2.2907,0.989,0.0,0.0,0.0,0.035,BLOCKED_PHANTOM,0.0
1788865492.6825714,5962884,7.37,NO,-2.4418,0.9927,0.0,0.0,0.0,0.035,BLOCKED_PHANTOM,0.0
1788865493.7315602,5962884,6.31,NO,-2.6297,0.9957,0.0,0.0,0.0,0.035,BLOCKED_PHANTOM,0.0
1788865494.7851603,5962884,5.26,NO,-2.8734,0.998,0.0,0.0,0.0,0.035,BLOCKED_PHANTOM,0.0
1788865495.8336148,5962884,4.21,NO,-3.201,0.9993,0.0,0.0,0.0,0.035,BLOCKED_PHANTOM,0.0
1788865496.8932037,5962884,3.15,NO,-3.6836,0.9999,0.0,0.0,0.0,0.035,BLOCKED_PHANTOM,0.0
1788865497.9506483,5962884,2.1,NO,-4.4974,1.0,0.0,0.0,0.0,0.035,BLOCKED_PHANTOM,0.0
1788865499.0059826,5962884,1.04,NO,-6.3422,1.0,0.0,0.0,0.0,0.035,BLOCKED_PHANTOM,0.0
1788865500.1440916,5962885,299.99,NONE,-0.0924,0.4632,0.0,0.0,0.0,0.0,BLOCKED_NOISE,0.0
1788865501.193185,5962885,298.85,NONE,-0.0924,0.4632,0.0,0.0,0.0,0.0,BLOCKED_NOISE,0.0
1788865502.2382736,5962885,297.81,NONE,-0.0924,0.4632,0.0,0.0,0.0,0.0,BLOCKED_NOISE,0.0
1788865503.2906363,5962885,296.75,NONE,-0.1011,0.4597,0.0,0.0,0.0,0.0,BLOCKED_NOISE,0.0
1788865504.3394053,5962885,295.71,NONE,-0.0955,0.4619,0.0,0.0,0.0,0.0,BLOCKED_NOISE,0.0
1788865505.3869214,5962885,294.66,NONE,-0.0955,0.4619,0.0,0.0,0.0,0.0,BLOCKED_NOISE,0.0
1788865506.443282,5962885,293.61,NONE,-0.0956,0.4619,0.0,0.0,0.0,0.0,BLOCKED_NOISE,0.0
1788865507.497329,5962885,292.55,NONE,-0.0963,0.4616,0.0,0.0,0.0,0.0,BLOCKED_NOISE,0.0
1788865508.5530329,5962885,291.49,NONE,-0.1006,0.46,0.0,0.0,0.0,0.0,BLOCKED_NOISE,0.0
1788865509.6074646,5962885,290.44,NONE,-0.1005,0.46,0.0,0.0,0.0,0.0,BLOCKED_NOISE,0.0
1788865510.6709263,5962885,289.39,NONE,-0.0965,0.4616,0.0,0.0,0.0,0.0,BLOCKED_NOISE,0.0
1788865511.7238607,5962885,288.33,NONE,-0.4652,0.3209,0.0,0.0,0.0,0.0,NO_SIGNAL,0.0
1788865512.7890577,5962885,287.27,NONE,-0.5055,0.3066,0.0,0.0,0.0,0.0,NO_SIGNAL,0.0
1788865513.8442588,5962885,286.2,NONE,-0.1415,0.4437,0.0,0.0,0.0,0.0,BLOCKED_NOISE,0.0
1788865514.8999412,5962885,285.15,NONE,-0.3639,0.358,0.0,0.0,0.0,0.0,NO_SIGNAL,0.0
1788865516.0005596,5962885,284.09,NONE,-0.359,0.3598,0.0,0.0,0.0,0.0,NO_SIGNAL,0.0
1788865517.0493512,5962885,283.0,NONE,-0.3532,0.362,0.0,0.0,0.0,0.0,NO_SIGNAL,0.0
1788865518.0958037,5962885,281.95,NONE,-0.3537,0.3618,0.0,0.0,0.0,0.0,NO_SIGNAL,0.0
1788865519.1580265,5962885,280.89,NONE,-0.3518,0.3625,0.0,0.0,0.0,0.0,NO_SIGNAL,0.0
1788865520.207108,5962885,279.84,NONE,-0.328,0.3715,0.0,0.0,0.0,0.0,BLOCKED_NOISE,0.0
1788865521.2644427,5962885,278.78,NONE,-0.3871,0.3494,0.0,0.0,0.0,0.0,NO_SIGNAL,0.0
1788865522.3122563,5962885,277.73,NONE,-0.3462,0.3646,0.0,0.0,0.0,0.0,BLOCKED_NOISE,0.0
1788865525.4899602,5962885,274.56,NONE,-0.3542,0.3616,0.0,0.0,0.0,0.0,NO_SIGNAL,0.0
1788865530.799459,5962885,269.26,NONE,-0.3606,0.3592,0.0,0.0,0.0,0.0,NO_SIGNAL,0.0
1788865531.913,5962885,268.19,NONE,-0.3199,0.3745,0.0,0.0,0.0,0.0,BLOCKED_NOISE,0.0
1788865532.9894726,5962885,267.08,NONE,-0.3158,0.3761,0.0,0.0,0.0,0.0,BLOCKED_NOISE,0.0
1788865534.0543876,5962885,266.0,NONE,-0.567,0.2854,0.0,0.0,0.0,0.0,NO_SIGNAL,0.0
1788865535.1073296,5962885,264.94,NONE,-0.5135,0.3038,0.0,0.0,0.0,0.0,NO_SIGNAL,0.0
1788865536.1640325,5962885,263.88,NONE,-0.4921,0.3113,0.0,0.0,0.0,0.0,NO_SIGNAL,0.0
1788865537.2101212,5962885,262.84,NONE,-0.4881,0.3127,0.0,0.0,0.0,0.0,NO_SIGNAL,0.0
1788865538.2576685,5962885,261.79,NONE,-0.4849,0.3139,0.0,0.0,0.0,0.0,NO_SIGNAL,0.0
1788865539.3187487,5962885,260.72,NONE,-0.4812,0.3152,0.0,0.0,0.0,0.0,NO_SIGNAL,0.0
1788865540.3754642,5962885,259.67,NONE,-0.4771,0.3166,0.0,0.0,0.0,0.0,NO_SIGNAL,0.0
1788865541.4281185,5962885,258.62,NONE,-0.4749,0.3174,0.0,0.0,0.0,0.0,NO_SIGNAL,0.0
1788865543.5363512,5962885,256.51,NONE,-0.498,0.3092,0.0,0.0,0.0,0.0,NO_SIGNAL,0.0
1788865559.3747914,5962885,240.69,NONE,-0.2893,0.3862,0.0,0.0,0.0,0.0,BLOCKED_NOISE,0.0
1788865560.4416082,5962885,239.61,YES,-0.3597,0.3595,0.33,0.02,0.0295,0.035,BLOCKED_HURDLE,0.0
1788865561.4960794,5962885,238.56,NONE,-0.3594,0.3597,0.0,0.0,0.0,0.0,NO_SIGNAL,0.0
1788865576.3069603,5962885,223.74,NONE,-0.4408,0.3297,0.0,0.0,0.0,0.0,NO_SIGNAL,0.0
1788865577.3679228,5962885,222.68,NONE,-0.6221,0.2669,0.0,0.0,0.0,0.0,NO_SIGNAL,0.0
1788865578.4214034,5962885,221.62,NONE,-0.6306,0.2641,0.0,0.0,0.0,0.0,NO_SIGNAL,0.0
1788865579.5226321,5962885,220.58,NONE,-0.6383,0.2616,0.0,0.0,0.0,0.0,NO_SIGNAL,0.0
1788865580.5759015,5962885,219.47,NONE,-0.6451,0.2594,0.0,0.0,0.0,0.0,NO_SIGNAL,0.0
1788865581.631053,5962885,218.41,NONE,-0.6511,0.2575,0.0,0.0,0.0,0.0,NO_SIGNAL,0.0
1788865582.6946871,5962885,217.36,NONE,-0.8433,0.1995,0.0,0.0,0.0,0.0,NO_SIGNAL,0.0
1788865583.7452636,5962885,216.3,NONE,-0.8683,0.1926,0.0,0.0,0.0,0.0,NO_SIGNAL,0.0
1788865584.810884,5962885,215.25,NONE,-0.8748,0.1908,0.0,0.0,0.0,0.0,NO_SIGNAL,0.0
1788865585.8788664,5962885,214.18,NONE,-0.8818,0.189,0.0,0.0,0.0,0.0,NO_SIGNAL,0.0
1788865586.9322827,5962885,213.12,NONE,-0.8869,0.1876,0.0,0.0,0.0,0.0,NO_SIGNAL,0.0
1788865587.9919891,5962885,212.06,NONE,-0.875,0.1908,0.0,0.0,0.0,0.0,NO_SIGNAL,0.0
1788865589.0405164,5962885,211.01,NONE,-0.8785,0.1898,0.0,0.0,0.0,0.0,NO_SIGNAL,0.0
1788865590.0908737,5962885,209.95,NONE,-0.8958,0.1852,0.0,0.0,0.0,0.0,NO_SIGNAL,0.0
1788865591.148045,5962885,208.9,NONE,-0.8977,0.1847,0.0,0.0,0.0,0.0,NO_SIGNAL,0.0
1788865592.2050323,5962885,207.84,NONE,-0.9,0.1841,0.0,0.0,0.0,0.0,NO_SIGNAL,0.0
1788865593.2537048,5962885,206.79,NONE,-0.8848,0.1881,0.0,0.0,0.0,0.0,NO_SIGNAL,0.0
1788865594.310313,5962885,205.73,NONE,-0.8871,0.1875,0.0,0.0,0.0,0.0,NO_SIGNAL,0.0
1788865595.4152896,5962885,204.68,NONE,-0.8899,0.1868,0.0,0.0,0.0,0.0,NO_SIGNAL,0.0
1788865596.4715672,5962885,203.57,NONE,-0.8931,0.1859,0.0,0.0,0.0,0.0,NO_SIGNAL,0.0
1788865597.5323734,5962885,202.52,NONE,-0.8957,0.1852,0.0,0.0,0.0,0.0,NO_SIGNAL,0.0
1788865598.5788167,5962885,201.47,NONE,-0.8982,0.1845,0.0,0.0,0.0,0.0,NO_SIGNAL,0.0
1788865599.6363702,5962885,200.42,NONE,-0.9012,0.1837,0.0,0.0,0.0,0.0,NO_SIGNAL,0.0
1788865600.685787,5962885,199.36,NONE,-0.9037,0.1831,0.0,0.0,0.0,0.0,NO_SIGNAL,0.0
1788865601.7385902,5962885,198.31,NONE,-1.0665,0.1431,0.0,0.0,0.0,0.0,NO_SIGNAL,0.0
1788865602.785635,5962885,197.26,NONE,-1.1967,0.1157,0.0,0.0,0.0,0.0,NO_SIGNAL,0.0
1788865603.8358057,5962885,196.21,NONE,-1.2085,0.1134,0.0,0.0,0.0,0.0,NO_SIGNAL,0.0
1788865604.8884907,5962885,195.16,NONE,-1.2115,0.1129,0.0,0.0,0.0,0.0,NO_SIGNAL,0.0
1788865605.9508529,5962885,194.1,NONE,-1.2146,0.1123,0.0,0.0,0.0,0.0,NO_SIGNAL,0.0
1788865607.0002375,5962885,193.05,NONE,-1.2197,0.1113,0.0,0.0,0.0,0.0,NO_SIGNAL,0.0
1788865608.0609756,5962885,191.98,NONE,-1.2235,0.1106,0.0,0.0,0.0,0.0,NO_SIGNAL,0.0
1788865609.1202173,5962885,190.93,NONE,-1.2241,0.1104,0.0,0.0,0.0,0.0,NO_SIGNAL,0.0
1788865610.1819365,5962885,189.87,NONE,-1.227,0.1099,0.0,0.0,0.0,0.0,NO_SIGNAL,0.0
1788865611.2878573,5962885,188.8,NONE,-1.23,0.1093,0.0,0.0,0.0,0.0,NO_SIGNAL,0.0
1788865612.347899,5962885,187.7,NONE,-1.2163,0.1119,0.0,0.0,0.0,0.0,NO_SIGNAL,0.0
1788865613.4002147,5962885,186.65,NONE,-1.1801,0.119,0.0,0.0,0.0,0.0,NO_SIGNAL,0.0
1788865614.4587173,5962885,185.59,NONE,-1.1883,0.1174,0.0,0.0,0.0,0.0,NO_SIGNAL,0.0
1788865615.5103514,5962885,184.54,NONE,-1.1907,0.1169,0.0,0.0,0.0,0.0,NO_SIGNAL,0.0
1788865616.5609746,5962885,183.48,NONE,-1.1937,0.1163,0.0,0.0,0.0,0.0,NO_SIGNAL,0.0
1788865617.6165395,5962885,182.43,NONE,-1.1969,0.1157,0.0,0.0,0.0,0.0,NO_SIGNAL,0.0
1788865618.6748664,5962885,181.38,NONE,-1.2002,0.115,0.0,0.0,0.0,0.0,NO_SIGNAL,0.0
1788865619.7493496,5962885,180.32,NONE,-1.2095,0.1132,0.0,0.0,0.0,0.0,NO_SIGNAL,0.0
1788865620.8025584,5962885,179.24,NONE,-1.1013,0.1354,0.0,0.0,0.0,0.0,NO_SIGNAL,0.0
1788865643.9897313,5962885,156.15,NONE,0.0054,0.5021,0.0,0.0,0.0,0.0,BLOCKED_NOISE,0.0
1788865645.0382748,5962885,155.01,NONE,0.1074,0.5427,0.0,0.0,0.0,0.0,BLOCKED_NOISE,0.0
1788865646.0863712,5962885,153.96,NONE,0.1083,0.5431,0.0,0.0,0.0,0.0,BLOCKED_NOISE,0.0
1788865647.1441572,5962885,152.9,NONE,-0.2293,0.4093,0.0,0.0,0.0,0.0,BLOCKED_NOISE,0.0
1788865648.1978974,5962885,151.85,NONE,-0.2258,0.4107,0.0,0.0,0.0,0.0,BLOCKED_NOISE,0.0
1788865649.2566147,5962885,150.79,NONE,-0.2178,0.4138,0.0,0.0,0.0,0.0,BLOCKED_NOISE,0.0
1788865650.3104029,5962885,149.74,NONE,-0.218,0.4137,0.0,0.0,0.0,0.0,BLOCKED_NOISE,0.0
1788865651.3639314,5962885,148.68,NONE,-0.3231,0.3733,0.0,0.0,0.0,0.0,BLOCKED_NOISE,0.0
1788865652.4219353,5962885,147.63,NONE,-0.3385,0.3675,0.0,0.0,0.0,0.0,BLOCKED_NOISE,0.0
1788865653.4856277,5962885,146.56,YES,-0.3547,0.3614,0.03,0.01,0.3314,0.03,EXECUTED,25.0
1788865654.533821,5962885,145.51,YES,-0.3707,0.3554,0.02,0.01,0.3354,0.03,BLOCKED_COOLDOWN,0.0
1788865655.618622,5962885,144.46,YES,-0.3866,0.3495,0.03,0.01,0.3195,0.03,BLOCKED_COOLDOWN,0.0
1788865656.6652505,5962885,143.38,YES,-0.4797,0.3157,0.03,0.01,0.2857,0.03,BLOCKED_COOLDOWN,0.0
1788865657.722228,5962885,142.33,YES,-0.4903,0.3119,0.03,0.01,0.2819,0.03,BLOCKED_COOLDOWN,0.0
1788865658.769191,5962885,141.27,YES,-0.5081,0.3057,0.03,0.01,0.2757,0.03,BLOCKED_COOLDOWN,0.0
1788865659.8300073,5962885,140.23,YES,-0.5254,0.2996,0.03,0.02,0.2696,0.035,BLOCKED_COOLDOWN,0.0
1788865660.8856316,5962885,139.16,YES,-0.5409,0.2943,0.02,0.01,0.2743,0.03,BLOCKED_COOLDOWN,0.0
1788865661.9379413,5962885,138.11,YES,-0.5417,0.294,0.02,0.01,0.274,0.03,BLOCKED_COOLDOWN,0.0
1788865662.9963827,5962885,137.06,YES,-0.5553,0.2893,0.02,0.01,0.2693,0.03,BLOCKED_COOLDOWN,0.0
1788865664.049601,5962885,136.0,YES,-0.5678,0.2851,0.02,0.01,0.2651,0.03,BLOCKED_COOLDOWN,0.0
1788865665.13314,5962885,134.94,YES,-0.5881,0.2782,0.02,0.01,0.2582,0.03,BLOCKED_COOLDOWN,0.0
1788865666.1796863,5962885,133.87,YES,-0.5992,0.2745,0.02,0.01,0.2545,0.03,BLOCKED_COOLDOWN,0.0
1788865667.2250216,5962885,132.82,YES,-0.6549,0.2563,0.02,0.01,0.2363,0.03,BLOCKED_COOLDOWN,0.0
1788865668.2745564,5962885,131.77,YES,-0.6617,0.2541,0.02,0.01,0.2341,0.03,BLOCKED_COOLDOWN,0.0
1788865669.3286855,5962885,130.72,YES,-0.6662,0.2527,0.02,0.01,0.2327,0.03,EXECUTED,25.0
1788865670.3851986,5962885,129.66,YES,-0.6718,0.2508,0.02,0.01,0.2308,0.03,BLOCKED_COOLDOWN,0.0
1788865671.4602234,5962885,128.6,YES,-0.6781,0.2488,0.02,0.01,0.2288,0.03,BLOCKED_COOLDOWN,0.0
1788865672.505425,5962885,127.54,YES,-0.6843,0.2469,0.02,0.01,0.2269,0.03,BLOCKED_COOLDOWN,0.0
1788865673.5595918,5962885,126.49,YES,-0.6893,0.2453,0.02,0.01,0.2253,0.03,BLOCKED_COOLDOWN,0.0
1788865674.6080368,5962885,125.44,YES,-0.6945,0.2437,0.02,0.01,0.2237,0.03,BLOCKED_COOLDOWN,0.0
1788865675.667051,5962885,124.38,YES,-0.6993,0.2422,0.02,0.01,0.2222,0.03,BLOCKED_COOLDOWN,0.0
1788865676.722215,5962885,123.32,YES,-0.7049,0.2404,0.02,0.01,0.2204,0.03,BLOCKED_COOLDOWN,0.0
1788865677.7834349,5962885,122.26,YES,-0.6953,0.2434,0.02,0.01,0.2234,0.03,BLOCKED_COOLDOWN,0.0
1788865678.834259,5962885,121.21,YES,-0.6999,0.242,0.02,0.01,0.222,0.03,BLOCKED_COOLDOWN,0.0
1788865679.8847444,5962885,120.16,YES,-0.7037,0.2408,0.02,0.01,0.2208,0.03,BLOCKED_COOLDOWN,0.0
1788865680.935412,5962885,119.11,YES,-0.7075,0.2396,0.02,0.01,0.2196,0.03,BLOCKED_COOLDOWN,0.0
1788865681.9852445,5962885,118.06,YES,-0.6639,0.2534,0.02,0.01,0.2334,0.03,BLOCKED_COOLDOWN,0.0
1788865683.0354931,5962885,117.01,YES,-0.6675,0.2522,0.02,0.01,0.2322,0.03,BLOCKED_COOLDOWN,0.0
1788865684.086542,5962885,115.96,NO,-0.6707,0.7488,0.0,0.0,0.0,0.035,BLOCKED_PHANTOM,0.0
1788865685.1542003,5962885,114.9,NO,-0.6739,0.7498,0.0,0.0,0.0,0.035,BLOCKED_PHANTOM,0.0
1788865686.201751,5962885,113.84,NO,-0.6783,0.7512,0.0,0.0,0.0,0.035,BLOCKED_PHANTOM,0.0
1788865687.2605557,5962885,112.79,NO,-0.6816,0.7523,0.0,0.0,0.0,0.035,BLOCKED_PHANTOM,0.0
1788865688.3322804,5962885,111.73,NO,-0.6837,0.7529,0.0,0.0,0.0,0.035,BLOCKED_PHANTOM,0.0
1788865689.3934417,5962885,110.66,NO,-0.6879,0.7542,0.0,0.0,0.0,0.035,BLOCKED_PHANTOM,0.0
1788865690.4398484,5962885,109.6,NO,-0.6927,0.7557,0.0,0.0,0.0,0.035,BLOCKED_PHANTOM,0.0
1788865691.4892466,5962885,108.56,NO,-0.6945,0.7563,0.0,0.0,0.0,0.035,BLOCKED_PHANTOM,0.0
1788865692.533432,5962885,107.51,NO,-0.4999,0.6914,0.0,0.0,0.0,0.035,BLOCKED_PHANTOM,0.0
1788865693.6094363,5962885,106.45,NO,-0.4959,0.69,0.0,0.0,0.0,0.035,BLOCKED_PHANTOM,0.0
1788865694.6682258,5962885,105.38,NONE,-0.1123,0.4553,0.0,0.0,0.0,0.0,BLOCKED_NOISE,0.0
1788865695.7172272,5962885,104.33,NONE,-0.0457,0.4818,0.0,0.0,0.0,0.0,BLOCKED_NOISE,0.0
1788865696.781482,5962885,103.27,NONE,0.0131,0.5052,0.0,0.0,0.0,0.0,BLOCKED_NOISE,0.0
1788865697.8425756,5962885,102.2,NONE,0.0159,0.5063,0.0,0.0,0.0,0.0,BLOCKED_NOISE,0.0
1788865698.901705,5962885,101.15,NO,-0.4013,0.6559,0.0,0.0,0.0,0.035,BLOCKED_PHANTOM,0.0
1788865699.9605942,5962885,100.08,NO,-0.4244,0.6644,0.0,0.0,0.0,0.035,BLOCKED_PHANTOM,0.0
1788865701.026692,5962885,99.03,NO,-0.4272,0.6654,0.0,0.0,0.0,0.035,BLOCKED_PHANTOM,0.0
1788865702.078561,5962885,97.97,NONE,-0.3319,0.37,0.0,0.0,0.0,0.0,BLOCKED_NOISE,0.0
1788865703.1260896,5962885,96.92,NONE,-0.3401,0.3669,0.0,0.0,0.0,0.0,BLOCKED_NOISE,0.0
1788865704.1876943,5962885,95.87,NONE,0.166,0.5659,0.0,0.0,0.0,0.0,BLOCKED_NOISE,0.0
1788865705.2317088,5962885,94.81,NONE,0.1402,0.5558,0.0,0.0,0.0,0.0,BLOCKED_NOISE,0.0
1788865706.2944357,5962885,93.76,NONE,-0.2587,0.3979,0.0,0.0,0.0,0.0,BLOCKED_NOISE,0.0
1788865707.3498356,5962885,92.7,NONE,-0.2624,0.3965,0.0,0.0,0.0,0.0,BLOCKED_NOISE,0.0
1788865708.395485,5962885,91.65,NONE,-0.2641,0.3959,0.0,0.0,0.0,0.0,BLOCKED_NOISE,0.0
1788865709.4654012,5962885,90.58,NONE,-0.2442,0.4035,0.0,0.0,0.0,0.0,BLOCKED_NOISE,0.0
1788865710.5310743,5962885,89.51,NONE,-0.2444,0.4034,0.0,0.0,0.0,0.0,BLOCKED_NOISE,0.0
1788865711.5859306,5962885,88.46,NONE,-0.2462,0.4028,0.0,0.0,0.0,0.0,BLOCKED_NOISE,0.0
1788865712.6570513,5962885,87.41,NONE,-0.2596,0.3976,0.0,0.0,0.0,0.0,BLOCKED_NOISE,0.0
1788865713.723322,5962885,86.33,NONE,-0.2615,0.3969,0.0,0.0,0.0,0.0,BLOCKED_NOISE,0.0
1788865714.783013,5962885,85.27,NONE,-0.2929,0.3848,0.0,0.0,0.0,0.0,BLOCKED_NOISE,0.0
1788865715.8473957,5962885,84.2,NONE,-0.2949,0.384,0.0,0.0,0.0,0.0,BLOCKED_NOISE,0.0
1788865716.9047978,5962885,83.14,NONE,-0.2752,0.3916,0.0,0.0,0.0,0.0,BLOCKED_NOISE,0.0
1788865717.9550822,5962885,82.09,NONE,-0.2825,0.3888,0.0,0.0,0.0,0.0,BLOCKED_NOISE,0.0
1788865719.0220685,5962885,81.03,NONE,-0.2842,0.3881,0.0,0.0,0.0,0.0,BLOCKED_NOISE,0.0
1788865720.0738943,5962885,79.97,NONE,-0.2864,0.3873,0.0,0.0,0.0,0.0,BLOCKED_NOISE,0.0
1788865721.119994,5962885,78.92,NONE,-0.2886,0.3864,0.0,0.0,0.0,0.0,BLOCKED_NOISE,0.0
1788865722.1728604,5962885,77.87,NONE,-0.291,0.3855,0.0,0.0,0.0,0.0,BLOCKED_NOISE,0.0
1788865723.2437222,5962885,76.82,NONE,-0.2931,0.3847,0.0,0.0,0.0,0.0,BLOCKED_NOISE,0.0
1788865724.2914872,5962885,75.75,NONE,-0.3299,0.3708,0.0,0.0,0.0,0.0,BLOCKED_NOISE,0.0
1788865725.3416398,5962885,74.71,NONE,-0.3375,0.3679,0.0,0.0,0.0,0.0,BLOCKED_NOISE,0.0
1788865726.3932214,5962885,73.66,NONE,-0.3399,0.367,0.0,0.0,0.0,0.0,BLOCKED_NOISE,0.0
1788865727.4514203,5962885,72.6,NONE,-0.3428,0.3659,0.0,0.0,0.0,0.0,BLOCKED_NOISE,0.0
1788865728.505287,5962885,71.55,NONE,-0.3446,0.3652,0.0,0.0,0.0,0.0,BLOCKED_NOISE,0.0
1788865729.5575764,5962885,70.49,NO,-0.9507,0.8291,0.0,0.0,0.0,0.035,BLOCKED_PHANTOM,0.0
1788865730.6121948,5962885,69.44,NO,-0.9661,0.833,0.0,0.0,0.0,0.035,BLOCKED_PHANTOM,0.0
1788865731.6638715,5962885,68.38,NO,-1.4275,0.9233,0.0,0.0,0.0,0.035,BLOCKED_PHANTOM,0.0
1788865732.7244165,5962885,67.33,NO,-1.419,0.9221,0.0,0.0,0.0,0.035,BLOCKED_PHANTOM,0.0
1788865733.7731404,5962885,66.27,NO,-1.3929,0.9182,0.0,0.0,0.0,0.035,BLOCKED_PHANTOM,0.0
1788865734.8327222,5962885,65.21,NO,-1.4071,0.9203,0.0,0.0,0.0,0.035,BLOCKED_PHANTOM,0.0
1788865735.8824444,5962885,64.17,NO,-1.3881,0.9174,0.0,0.0,0.0,0.035,BLOCKED_PHANTOM,0.0
1788865736.9349089,5962885,63.11,NO,-1.3784,0.916,0.0,0.0,0.0,0.035,BLOCKED_PHANTOM,0.0
1788865737.9870882,5962885,62.06,NO,-1.3721,0.915,0.0,0.0,0.0,0.035,BLOCKED_PHANTOM,0.0
1788865739.0428095,5962885,61.0,NO,-1.3693,0.9146,0.0,0.0,0.0,0.035,BLOCKED_PHANTOM,0.0
1788865740.0921538,5962885,59.95,NO,-1.0171,0.8454,0.0,0.0,0.0,0.035,BLOCKED_PHANTOM,0.0
1788865741.1407285,5962885,58.9,NO,-1.0167,0.8453,0.0,0.0,0.0,0.035,BLOCKED_PHANTOM,0.0
1788865742.1932662,5962885,57.85,NO,-0.9889,0.8386,0.0,0.0,0.0,0.035,BLOCKED_PHANTOM,0.0
1788865743.2474618,5962885,56.8,NO,-0.988,0.8384,0.0,0.0,0.0,0.035,BLOCKED_PHANTOM,0.0
1788865744.2992558,5962885,55.75,NO,-0.9899,0.8389,0.0,0.0,0.0,0.035,BLOCKED_PHANTOM,0.0
1788865745.3508887,5962885,54.69,NO,-0.9932,0.8397,0.0,0.0,0.0,0.035,BLOCKED_PHANTOM,0.0
1788865746.4037447,5962885,53.64,NO,-0.9974,0.8407,0.0,0.0,0.0,0.035,BLOCKED_PHANTOM,0.0
1788865747.4585803,5962885,52.59,NO,-1.0001,0.8414,0.0,0.0,0.0,0.035,BLOCKED_PHANTOM,0.0
1788865748.5064015,5962885,51.54,NO,-1.007,0.843,0.0,0.0,0.0,0.035,BLOCKED_PHANTOM,0.0
1788865749.5555842,5962885,50.49,NO,-1.0113,0.8441,0.0,0.0,0.0,0.035,BLOCKED_PHANTOM,0.0
1788865750.624757,5962885,49.44,NO,-1.0365,0.85,0.0,0.0,0.0,0.035,BLOCKED_PHANTOM,0.0
1788865751.6791072,5962885,48.37,NO,-1.0445,0.8519,0.0,0.0,0.0,0.035,BLOCKED_PHANTOM,0.0
1788865752.7397318,5962885,47.32,NO,-1.0528,0.8538,0.0,0.0,0.0,0.035,BLOCKED_PHANTOM,0.0
1788865753.7925613,5962885,46.26,NONE,-0.0681,0.4729,0.0,0.0,0.0,0.0,BLOCKED_NOISE,0.0
1788865754.8479447,5962885,45.2,YES,1.2461,0.8936,0.01,0.02,0.8836,0.035,EXECUTED,25.0
1788865755.94448,5962885,44.15,YES,0.9061,0.8176,0.01,0.02,0.8076,0.035,BLOCKED_COOLDOWN,0.0
1788865756.9960809,5962885,43.05,YES,0.7228,0.7651,0.01,0.02,0.7551,0.035,BLOCKED_COOLDOWN,0.0
1788865758.054961,5962885,42.0,YES,0.5699,0.7156,0.01,0.02,0.7056,0.035,BLOCKED_COOLDOWN,0.0
1788865759.1049366,5962885,40.94,YES,0.4758,0.6829,0.01,0.02,0.6729,0.035,BLOCKED_COOLDOWN,0.0
1788865760.153018,5962885,39.89,NONE,0.2478,0.5979,0.0,0.0,0.0,0.0,BLOCKED_NOISE,0.0
1788865761.206699,5962885,38.84,NONE,0.2466,0.5974,0.0,0.0,0.0,0.0,BLOCKED_NOISE,0.0
1788865762.2651503,5962885,37.78,NONE,0.2919,0.6148,0.0,0.0,0.0,0.0,BLOCKED_NOISE,0.0
1788865763.3145218,5962885,36.73,NONE,0.2822,0.6111,0.0,0.0,0.0,0.0,BLOCKED_NOISE,0.0
1788865764.3790965,5962885,35.67,NONE,0.0929,0.537,0.0,0.0,0.0,0.0,BLOCKED_NOISE,0.0
1788865765.4308848,5962885,34.61,NONE,-0.1524,0.4394,0.0,0.0,0.0,0.0,BLOCKED_NOISE,0.0
1788865766.4991286,5962885,33.55,NONE,-0.319,0.3749,0.0,0.0,0.0,0.0,BLOCKED_NOISE,0.0
1788865767.5470524,5962885,32.5,NONE,-0.3116,0.3777,0.0,0.0,0.0,0.0,BLOCKED_NOISE,0.0
1788865768.600223,5962885,31.45,NONE,-0.3107,0.378,0.0,0.0,0.0,0.0,BLOCKED_NOISE,0.0
1788865769.6599739,5962885,30.39,NONE,-0.3015,0.3815,0.0,0.0,0.0,0.0,BLOCKED_NOISE,0.0
1788865770.7138202,5962885,29.33,NONE,-0.3,0.3821,0.0,0.0,0.0,0.0,BLOCKED_NOISE,0.0
1788865771.760394,5962885,28.29,NONE,-0.2983,0.3828,0.0,0.0,0.0,0.0,BLOCKED_NOISE,0.0
1788865772.8224845,5962885,27.23,NONE,-0.303,0.3809,0.0,0.0,0.0,0.0,BLOCKED_NOISE,0.0
1788865773.8887017,5962885,26.16,NO,-0.493,0.689,0.0,0.0,0.0,0.035,BLOCKED_PHANTOM,0.0
1788865774.9398813,5962885,25.11,NO,-0.5602,0.7123,0.0,0.0,0.0,0.035,BLOCKED_PHANTOM,0.0
1788865775.987138,5962885,24.06,NO,-0.5499,0.7088,0.0,0.0,0.0,0.035,BLOCKED_PHANTOM,0.0
1788865777.0405397,5962885,23.01,NO,-0.5475,0.708,0.0,0.0,0.0,0.035,BLOCKED_PHANTOM,0.0
1788865778.0969956,5962885,21.95,NO,-0.5594,0.712,0.0,0.0,0.0,0.035,BLOCKED_PHANTOM,0.0
1788865779.1499577,5962885,20.9,NO,-0.5707,0.7159,0.0,0.0,0.0,0.035,BLOCKED_PHANTOM,0.0
1788865780.2100484,5962885,19.84,NO,-0.5857,0.721,0.0,0.0,0.0,0.035,BLOCKED_PHANTOM,0.0
1788865781.2583425,5962885,18.79,NO,-0.5245,0.7,0.0,0.0,0.0,0.035,BLOCKED_PHANTOM,0.0
1788865782.316449,5962885,17.73,NO,-0.5392,0.7051,0.0,0.0,0.0,0.035,BLOCKED_PHANTOM,0.0
1788865783.3771343,5962885,16.67,NO,-0.5578,0.7115,0.0,0.0,0.0,0.035,BLOCKED_PHANTOM,0.0
1788865784.4287908,5962885,15.62,NO,-0.5626,0.7132,0.0,0.0,0.0,0.035,BLOCKED_PHANTOM,0.0
1788865785.4938202,5962885,14.56,NO,-0.6783,0.7512,0.0,0.0,0.0,0.035,BLOCKED_PHANTOM,0.0
1788865786.5521114,5962885,13.5,NO,-0.6914,0.7553,0.0,0.0,0.0,0.035,BLOCKED_PHANTOM,0.0
1788865787.6007652,5962885,12.45,NO,-0.725,0.7658,0.0,0.0,0.0,0.035,BLOCKED_PHANTOM,0.0
1788865788.6499035,5962885,11.4,NO,-0.7518,0.7739,0.0,0.0,0.0,0.035,BLOCKED_PHANTOM,0.0
1788865789.712333,5962885,10.34,NO,-0.7877,0.7846,0.0,0.0,0.0,0.035,BLOCKED_PHANTOM,0.0
1788865790.7598963,5962885,9.29,NO,-0.8289,0.7964,0.0,0.0,0.0,0.035,BLOCKED_PHANTOM,0.0
1788865791.8299427,5962885,8.23,NO,-0.887,0.8125,0.0,0.0,0.0,0.035,BLOCKED_PHANTOM,0.0
1788865792.9232795,5962885,7.16,NO,-0.951,0.8292,0.0,0.0,0.0,0.035,BLOCKED_PHANTOM,0.0
1788865793.9778283,5962885,6.07,NO,-1.0287,0.8482,0.0,0.0,0.0,0.035,BLOCKED_PHANTOM,0.0
1788865795.0413465,5962885,5.01,NO,-1.0903,0.8622,0.0,0.0,0.0,0.035,BLOCKED_PHANTOM,0.0
1788865796.1010125,5962885,3.95,NO,-1.2256,0.8898,0.0,0.0,0.0,0.035,BLOCKED_PHANTOM,0.0
1788865797.1637998,5962885,2.89,NO,-1.4233,0.9227,0.0,0.0,0.0,0.035,BLOCKED_PHANTOM,0.0
1788865798.2164426,5962885,1.83,NO,-1.78,0.9625,0.0,0.0,0.0,0.035,BLOCKED_PHANTOM,0.0
1788865799.2801564,5962885,1.0,NO,-2.4123,0.9921,0.0,0.0,0.0,0.035,BLOCKED_PHANTOM,0.0
1788865800.4272919,5962886,299.72,NONE,-0.0478,0.4809,0.0,0.0,0.0,0.0,BLOCKED_NOISE,0.0
1788865801.4851904,5962886,298.57,NONE,-0.0421,0.4832,0.0,0.0,0.0,0.0,BLOCKED_NOISE,0.0
1788865802.5350215,5962886,297.51,NONE,-0.0394,0.4843,0.0,0.0,0.0,0.0,BLOCKED_NOISE,0.0
1788865803.586161,5962886,296.46,NONE,-0.0295,0.4882,0.0,0.0,0.0,0.0,BLOCKED_NOISE,0.0
1788865804.6384993,5962886,295.41,NONE,-0.0171,0.4932,0.0,0.0,0.0,0.0,BLOCKED_NOISE,0.0
1788865805.6984136,5962886,294.35,NONE,-0.015,0.494,0.0,0.0,0.0,0.0,BLOCKED_NOISE,0.0
1788865806.7552195,5962886,293.29,NONE,-0.0169,0.4933,0.0,0.0,0.0,0.0,BLOCKED_NOISE,0.0
1788865807.8152072,5962886,292.23,NONE,-0.1351,0.4463,0.0,0.0,0.0,0.0,BLOCKED_NOISE,0.0
1788865808.8710568,5962886,291.18,NONE,-0.1879,0.4255,0.0,0.0,0.0,0.0,BLOCKED_NOISE,0.0
1788865809.9273088,5962886,290.12,NONE,-0.2753,0.3915,0.0,0.0,0.0,0.0,BLOCKED_NOISE,0.0
1788865811.0179236,5962886,289.07,NONE,-0.3178,0.3753,0.0,0.0,0.0,0.0,BLOCKED_NOISE,0.0
1788865812.0709844,5962886,287.97,NONE,-0.3238,0.3731,0.0,0.0,0.0,0.0,BLOCKED_NOISE,0.0
1788865813.1279354,5962886,286.92,NONE,-0.3241,0.3729,0.0,0.0,0.0,0.0,BLOCKED_NOISE,0.0
1788865814.1801364,5962886,285.87,NONE,-0.3312,0.3703,0.0,0.0,0.0,0.0,BLOCKED_NOISE,0.0
1788865815.242962,5962886,284.8,NONE,-0.3688,0.3562,0.0,0.0,0.0,0.0,NO_SIGNAL,0.0
1788865816.3889875,5962886,283.74,NONE,-0.4042,0.343,0.0,0.0,0.0,0.0,NO_SIGNAL,0.0
1788865817.4384794,5962886,282.61,NONE,-0.4227,0.3363,0.0,0.0,0.0,0.0,NO_SIGNAL,0.0
1788865818.4919722,5962886,281.55,NONE,-0.3811,0.3516,0.0,0.0,0.0,0.0,NO_SIGNAL,0.0
1788865819.5486486,5962886,280.5,NONE,-0.3878,0.3491,0.0,0.0,0.0,0.0,NO_SIGNAL,0.0
1788865820.5990522,5962886,279.45,YES,-0.4587,0.3232,0.28,0.01,0.0432,0.03,EXECUTED,6.38
1788865821.6547027,5962886,278.39,NONE,-0.5453,0.2928,0.0,0.0,0.0,0.0,NO_SIGNAL,0.0
1788865822.7087371,5962886,277.34,NONE,-0.5615,0.2872,0.0,0.0,0.0,0.0,NO_SIGNAL,0.0
1788865823.7597737,5962886,276.29,NONE,-0.5793,0.2812,0.0,0.0,0.0,0.0,NO_SIGNAL,0.0
1788865824.8123868,5962886,275.23,NONE,-0.5928,0.2767,0.0,0.0,0.0,0.0,NO_SIGNAL,0.0
1788865825.863325,5962886,274.18,NONE,-0.6298,0.2644,0.0,0.0,0.0,0.0,NO_SIGNAL,0.0
1788865826.9107456,5962886,273.13,NONE,-0.6495,0.258,0.0,0.0,0.0,0.0,NO_SIGNAL,0.0
1788865827.9650908,5962886,272.08,NONE,-0.6648,0.2531,0.0,0.0,0.0,0.0,NO_SIGNAL,0.0
1788865829.0266137,5962886,271.03,NONE,-0.6714,0.251,0.0,0.0,0.0,0.0,NO_SIGNAL,0.0
1788865830.0863447,5962886,269.96,NONE,-0.7049,0.2404,0.0,0.0,0.0,0.0,NO_SIGNAL,0.0
1788865831.1402872,5962886,268.91,NO,-0.7007,0.7582,0.72,0.01,0.0382,0.03,BLOCKED_COOLDOWN,0.0
1788865832.2353685,5962886,267.85,NO,-0.7067,0.7601,0.71,0.01,0.0501,0.03,BLOCKED_COOLDOWN,0.0
1788865833.2917688,5962886,266.75,NO,-0.7146,0.7626,0.7,0.01,0.0626,0.03,BLOCKED_COOLDOWN,0.0
1788865834.3412375,5962886,265.71,NO,-0.7283,0.7668,0.7,0.01,0.0668,0.03,BLOCKED_COOLDOWN,0.0
1788865835.403489,5962886,264.64,NO,-0.8657,0.8067,0.73,0.01,0.0767,0.03,BLOCKED_COOLDOWN,0.0
1788865836.469166,5962886,263.59,NO,-1.1165,0.8679,0.79,0.01,0.0779,0.03,EXECUTED,25.0
1788865837.5294435,5962886,262.52,NO,-1.1211,0.8689,0.79,0.01,0.0789,0.03,BLOCKED_COOLDOWN,0.0
1788865838.57634,5962886,261.47,NO,-1.1202,0.8687,0.79,0.01,0.0787,0.03,BLOCKED_COOLDOWN,0.0
1788865839.642438,5962886,260.41,NO,-1.1226,0.8692,0.8,0.01,0.0692,0.03,BLOCKED_COOLDOWN,0.0
1788865840.701746,5962886,259.34,NO,-1.1237,0.8694,0.8,0.01,0.0694,0.03,BLOCKED_COOLDOWN,0.0
1788865841.7619464,5962886,258.29,NO,-1.1827,0.8815,0.8,0.01,0.0815,0.03,BLOCKED_COOLDOWN,0.0
1788865842.8271136,5962886,257.23,NO,-1.1871,0.8824,0.8,0.01,0.0824,0.03,BLOCKED_COOLDOWN,0.0
1788865843.8814895,5962886,256.17,NO,-1.1908,0.8831,0.8,0.01,0.0831,0.03,BLOCKED_COOLDOWN,0.0
1788865844.9332938,5962886,255.12,NO,-1.1939,0.8837,0.8,0.01,0.0837,0.03,BLOCKED_COOLDOWN,0.0
1788865845.983549,5962886,254.06,NO,-1.0213,0.8465,0.78,0.01,0.0665,0.03,BLOCKED_COOLDOWN,0.0
1788865847.0437918,5962886,253.01,NO,-0.8815,0.811,0.76,0.01,0.051,0.03,BLOCKED_COOLDOWN,0.0
1788865848.145762,5962886,251.95,NONE,-0.6,0.2742,0.0,0.0,0.0,0.0,NO_SIGNAL,0.0
1788865849.2035854,5962886,250.84,NONE,-0.5891,0.2779,0.0,0.0,0.0,0.0,NO_SIGNAL,0.0
1788865850.263135,5962886,249.79,NONE,-0.5809,0.2806,0.0,0.0,0.0,0.0,NO_SIGNAL,0.0
1788865851.3285103,5962886,248.72,NONE,-0.5571,0.2887,0.0,0.0,0.0,0.0,NO_SIGNAL,0.0
1788865852.3764186,5962886,247.67,NONE,-0.5048,0.3069,0.0,0.0,0.0,0.0,NO_SIGNAL,0.0
1788865853.427471,5962886,246.62,NONE,-0.3544,0.3615,0.0,0.0,0.0,0.0,NO_SIGNAL,0.0
1788865854.4899373,5962886,245.56,NONE,-0.3488,0.3636,0.0,0.0,0.0,0.0,BLOCKED_NOISE,0.0
1788865855.5393052,5962886,244.51,YES,-0.3572,0.3605,0.32,0.01,0.0405,0.03,EXECUTED,5.86
1788865856.6031306,5962886,243.45,NONE,-0.3589,0.3598,0.0,0.0,0.0,0.0,NO_SIGNAL,0.0
1788865857.6596708,5962886,242.39,NONE,-0.365,0.3576,0.0,0.0,0.0,0.0,NO_SIGNAL,0.0
1788865858.7193685,5962886,241.33,NONE,-0.3834,0.3507,0.0,0.0,0.0,0.0,NO_SIGNAL,0.0
1788865859.7826455,5962886,240.28,NONE,-0.3821,0.3512,0.0,0.0,0.0,0.0,NO_SIGNAL,0.0
1788865860.8432631,5962886,239.21,NONE,-0.3776,0.3529,0.0,0.0,0.0,0.0,NO_SIGNAL,0.0
1788865861.9007828,5962886,238.15,NONE,-0.377,0.3531,0.0,0.0,0.0,0.0,NO_SIGNAL,0.0
1788865862.9880471,5962886,237.09,YES,-0.4369,0.3311,0.27,0.01,0.0611,0.03,BLOCKED_COOLDOWN,0.0
1788865864.0846448,5962886,236.01,YES,-0.4575,0.3237,0.29,0.01,0.0337,0.03,BLOCKED_COOLDOWN,0.0
1788865865.1365259,5962886,234.91,YES,-0.4572,0.3237,0.29,0.01,0.0337,0.03,BLOCKED_COOLDOWN,0.0
1788865866.1891594,5962886,233.86,YES,-0.4112,0.3405,0.29,0.01,0.0505,0.03,BLOCKED_COOLDOWN,0.0
1788865867.2490788,5962886,232.8,YES,-0.5069,0.3061,0.26,0.01,0.0461,0.03,BLOCKED_COOLDOWN,0.0
1788865868.2966745,5962886,231.75,YES,-0.6116,0.2704,0.23,0.01,0.0404,0.03,BLOCKED_COOLDOWN,0.0
1788865869.3597245,5962886,230.69,YES,-0.6211,0.2673,0.23,0.01,0.0373,0.03,BLOCKED_COOLDOWN,0.0
1788865870.424133,5962886,229.63,YES,-0.6298,0.2644,0.23,0.01,0.0344,0.03,BLOCKED_COOLDOWN,0.0
1788865871.4794867,5962886,228.57,YES,-0.6375,0.2619,0.23,0.01,0.0319,0.03,EXECUTED,4.02
1788865872.54493,5962886,227.51,NONE,-0.7323,0.232,0.0,0.0,0.0,0.0,NO_SIGNAL,0.0
1788865873.6002228,5962886,226.45,NONE,-0.7314,0.2323,0.0,0.0,0.0,0.0,NO_SIGNAL,0.0
1788865874.6496353,5962886,225.4,NONE,-0.7367,0.2307,0.0,0.0,0.0,0.0,NO_SIGNAL,0.0
1788865875.6984653,5962886,224.35,NONE,-0.7434,0.2286,0.0,0.0,0.0,0.0,NO_SIGNAL,0.0
1788865876.752307,5962886,223.29,NONE,-0.7479,0.2273,0.0,0.0,0.0,0.0,NO_SIGNAL,0.0
1788865877.8055656,5962886,222.25,NONE,-0.7426,0.2289,0.0,0.0,0.0,0.0,NO_SIGNAL,0.0
1788865878.8592799,5962886,221.19,NONE,-0.7362,0.2308,0.0,0.0,0.0,0.0,NO_SIGNAL,0.0
1788865879.9598968,5962886,220.14,NONE,-0.7433,0.2287,0.0,0.0,0.0,0.0,NO_SIGNAL,0.0
1788865881.008609,5962886,219.04,NONE,-0.7511,0.2263,0.0,0.0,0.0,0.0,NO_SIGNAL,0.0
1788865882.0673406,5962886,217.98,NONE,-0.7588,0.224,0.0,0.0,0.0,0.0,NO_SIGNAL,0.0
1788865883.125936,5962886,216.92,NONE,-0.8488,0.198,0.0,0.0,0.0,0.0,NO_SIGNAL,0.0
1788865884.1839128,5962886,215.86,NONE,-0.9054,0.1826,0.0,0.0,0.0,0.0,NO_SIGNAL,0.0
1788865885.236679,5962886,214.81,NO,-0.9217,0.8217,0.78,0.01,0.0417,0.03,BLOCKED_COOLDOWN,0.0
1788865886.2849998,5962886,213.76,NO,-0.9255,0.8226,0.79,0.01,0.0326,0.03,BLOCKED_COOLDOWN,0.0
1788865887.3335721,5962886,212.71,NO,-0.922,0.8217,0.79,0.01,0.0317,0.03,EXECUTED,14.5
1788865888.3876586,5962886,211.66,NO,-0.9291,0.8236,0.79,0.01,0.0336,0.03,BLOCKED_COOLDOWN,0.0
1788865889.4415572,5962886,210.61,NO,-0.9336,0.8247,0.77,0.01,0.0547,0.03,BLOCKED_COOLDOWN,0.0
1788865890.4915617,5962886,209.55,NO,-0.9165,0.8203,0.77,0.01,0.0503,0.03,BLOCKED_COOLDOWN,0.0
1788865891.5419269,5962886,208.5,NO,-0.9159,0.8201,0.78,0.01,0.0401,0.03,BLOCKED_COOLDOWN,0.0
1788865892.6028335,5962886,207.44,NONE,-0.8986,0.1844,0.0,0.0,0.0,0.0,NO_SIGNAL,0.0
1788865893.6586163,5962886,206.39,NONE,-0.8963,0.185,0.0,0.0,0.0,0.0,NO_SIGNAL,0.0
1788865894.7154565,5962886,205.33,NONE,-0.9001,0.184,0.0,0.0,0.0,0.0,NO_SIGNAL,0.0
1788865895.8294313,5962886,204.28,NONE,-0.421,0.3369,0.0,0.0,0.0,0.0,NO_SIGNAL,0.0
1788865896.877166,5962886,203.17,NONE,-0.2797,0.3899,0.0,0.0,0.0,0.0,BLOCKED_NOISE,0.0
1788865897.930398,5962886,202.12,NONE,-0.2232,0.4117,0.0,0.0,0.0,0.0,BLOCKED_NOISE,0.0
1788865898.9853756,5962886,201.06,NONE,-0.2159,0.4145,0.0,0.0,0.0,0.0,BLOCKED_NOISE,0.0
1788865900.0380135,5962886,200.01,NONE,-0.2189,0.4134,0.0,0.0,0.0,0.0,BLOCKED_NOISE,0.0
1788865901.090901,5962886,198.96,NONE,-0.951,0.1708,0.0,0.0,0.0,0.0,NO_SIGNAL,0.0
1788865902.1474402,5962886,197.91,NONE,-1.0045,0.1576,0.0,0.0,0.0,0.0,NO_SIGNAL,0.0
1788865903.1920464,5962886,196.85,NONE,-1.0497,0.1469,0.0,0.0,0.0,0.0,NO_SIGNAL,0.0
1788865904.2383955,5962886,195.81,NONE,-1.016,0.1548,0.0,0.0,0.0,0.0,NO_SIGNAL,0.0
1788865905.285918,5962886,194.76,NONE,-1.0057,0.1573,0.0,0.0,0.0,0.0,NO_SIGNAL,0.0
1788865906.3357847,5962886,193.71,NONE,-1.0127,0.1556,0.0,0.0,0.0,0.0,NO_SIGNAL,0.0
1788865907.3835776,5962886,192.66,NONE,-1.0165,0.1547,0.0,0.0,0.0,0.0,NO_SIGNAL,0.0
1788865908.4372385,5962886,191.61,NONE,-1.0105,0.1561,0.0,0.0,0.0,0.0,NO_SIGNAL,0.0
1788865909.4930947,5962886,190.56,NONE,-1.0059,0.1572,0.0,0.0,0.0,0.0,NO_SIGNAL,0.0
1788865910.545546,5962886,189.5,NONE,-1.0006,0.1585,0.0,0.0,0.0,0.0,NO_SIGNAL,0.0
1788865911.6347919,5962886,188.45,YES,-0.9383,0.174,0.14,0.01,0.034,0.03,EXECUTED,3.65
1788865912.692339,5962886,187.35,YES,-0.9338,0.1752,0.14,0.01,0.0352,0.03,BLOCKED_COOLDOWN,0.0
1788865913.7409,5962886,186.3,YES,-0.9232,0.178,0.14,0.01,0.038,0.03,BLOCKED_COOLDOWN,0.0
1788865914.794991,5962886,185.25,YES,-0.9247,0.1776,0.14,0.01,0.0376,0.03,BLOCKED_COOLDOWN,0.0
1788865915.842879,5962886,184.2,YES,-0.9266,0.1771,0.14,0.01,0.0371,0.03,BLOCKED_COOLDOWN,0.0
1788865916.9047403,5962886,183.15,YES,-0.93,0.1762,0.14,0.01,0.0362,0.03,BLOCKED_COOLDOWN,0.0
1788865917.9584203,5962886,182.09,YES,-0.9321,0.1757,0.14,0.01,0.0357,0.03,BLOCKED_COOLDOWN,0.0
1788865919.021671,5962886,181.03,YES,-0.9342,0.1751,0.14,0.02,0.0351,0.035,BLOCKED_COOLDOWN,0.0
1788865920.0782318,5962886,179.97,YES,-0.9365,0.1745,0.13,0.01,0.0445,0.03,BLOCKED_COOLDOWN,0.0
1788865921.1398094,5962886,178.91,YES,-0.9413,0.1733,0.13,0.01,0.0433,0.03,BLOCKED_COOLDOWN,0.0
1788865922.1938035,5962886,177.85,YES,-0.944,0.1726,0.13,0.01,0.0426,0.03,BLOCKED_COOLDOWN,0.0
1788865923.241778,5962886,176.8,YES,-0.9471,0.1718,0.13,0.01,0.0418,0.03,BLOCKED_COOLDOWN,0.0
1788865924.3051975,5962886,175.76,YES,-0.9813,0.1632,0.13,0.01,0.0332,0.03,BLOCKED_COOLDOWN,0.0
1788865925.3509457,5962886,174.69,YES,-1.0593,0.1447,0.11,0.01,0.0347,0.03,BLOCKED_COOLDOWN,0.0
1788865926.405229,5962886,173.64,YES,-1.0636,0.1438,0.11,0.01,0.0338,0.03,BLOCKED_COOLDOWN,0.0
1788865927.5145688,5962886,172.58,NONE,-1.0844,0.1391,0.0,0.0,0.0,0.0,NO_SIGNAL,0.0
1788865928.5686424,5962886,171.48,NONE,-1.1051,0.1346,0.0,0.0,0.0,0.0,NO_SIGNAL,0.0
1788865929.6289062,5962886,170.42,YES,-1.0535,0.1461,0.09,0.01,0.0561,0.03,EXECUTED,5.63
1788865930.6886137,5962886,169.37,YES,-1.0228,0.1532,0.09,0.01,0.0632,0.03,BLOCKED_COOLDOWN,0.0
1788865931.7413428,5962886,168.3,YES,-1.0998,0.1357,0.08,0.01,0.0557,0.03,BLOCKED_COOLDOWN,0.0
1788865932.802765,5962886,167.25,YES,-1.149,0.1253,0.07,0.01,0.0553,0.03,BLOCKED_COOLDOWN,0.0
1788865940.637402,5962886,159.49,NONE,-0.0007,0.4997,0.0,0.0,0.0,0.0,BLOCKED_NOISE,0.0
1788865941.692036,5962886,158.36,NONE,0.1657,0.5658,0.0,0.0,0.0,0.0,BLOCKED_NOISE,0.0
1788865942.7439263,5962886,157.3,NONE,0.2086,0.5826,0.0,0.0,0.0,0.0,BLOCKED_NOISE,0.0
1788865943.803627,5962886,156.25,NONE,0.1268,0.5504,0.0,0.0,0.0,0.0,BLOCKED_NOISE,0.0
1788865944.8548794,5962886,155.19,NONE,0.1257,0.55,0.0,0.0,0.0,0.0,BLOCKED_NOISE,0.0
1788865945.9194033,5962886,154.13,NONE,0.126,0.5501,0.0,0.0,0.0,0.0,BLOCKED_NOISE,0.0
1788865946.9857838,5962886,153.07,NONE,0.1345,0.5535,0.0,0.0,0.0,0.0,BLOCKED_NOISE,0.0
1788865948.042913,5962886,152.01,NONE,0.1352,0.5538,0.0,0.0,0.0,0.0,BLOCKED_NOISE,0.0
1788865949.1010137,5962886,150.94,NONE,0.1428,0.5568,0.0,0.0,0.0,0.0,BLOCKED_NOISE,0.0
1788865950.160054,5962886,149.89,NONE,0.1481,0.5589,0.0,0.0,0.0,0.0,BLOCKED_NOISE,0.0
1788865951.2119992,5962886,148.83,NONE,0.1608,0.5639,0.0,0.0,0.0,0.0,BLOCKED_NOISE,0.0
1788865952.2655072,5962886,147.78,NONE,0.1579,0.5627,0.0,0.0,0.0,0.0,BLOCKED_NOISE,0.0
1788865953.3237808,5962886,146.72,NONE,0.1576,0.5626,0.0,0.0,0.0,0.0,BLOCKED_NOISE,0.0
1788865954.3739636,5962886,145.67,NONE,0.1641,0.5652,0.0,0.0,0.0,0.0,BLOCKED_NOISE,0.0
1788865955.4285796,5962886,144.62,NONE,0.0775,0.5309,0.0,0.0,0.0,0.0,BLOCKED_NOISE,0.0
1788865956.4877763,5962886,143.56,NONE,0.082,0.5327,0.0,0.0,0.0,0.0,BLOCKED_NOISE,0.0
1788865957.543189,5962886,142.51,NONE,0.0697,0.5278,0.0,0.0,0.0,0.0,BLOCKED_NOISE,0.0
1788865958.5941963,5962886,141.45,NONE,0.0758,0.5302,0.0,0.0,0.0,0.0,BLOCKED_NOISE,0.0
1788865959.6489553,5962886,140.4,NONE,0.0795,0.5317,0.0,0.0,0.0,0.0,BLOCKED_NOISE,0.0
1788865960.7044165,5962886,139.35,NONE,0.0829,0.533,0.0,0.0,0.0,0.0,BLOCKED_NOISE,0.0
1788865961.752554,5962886,138.29,NONE,0.0862,0.5343,0.0,0.0,0.0,0.0,BLOCKED_NOISE,0.0
1788865962.812843,5962886,137.24,NONE,0.0894,0.5356,0.0,0.0,0.0,0.0,BLOCKED_NOISE,0.0
1788865963.8683367,5962886,136.18,NONE,0.0929,0.537,0.0,0.0,0.0,0.0,BLOCKED_NOISE,0.0
1788865964.9333637,5962886,135.12,NONE,0.1438,0.5572,0.0,0.0,0.0,0.0,BLOCKED_NOISE,0.0
1788865965.983552,5962886,134.07,NONE,0.1462,0.5581,0.0,0.0,0.0,0.0,BLOCKED_NOISE,0.0
1788865967.0314615,5962886,133.02,NONE,0.1485,0.559,0.0,0.0,0.0,0.0,BLOCKED_NOISE,0.0
1788865968.0857632,5962886,131.97,NONE,0.3324,0.6302,0.0,0.0,0.0,0.0,BLOCKED_NOISE,0.0
1788865969.1405635,5962886,130.91,NONE,0.3367,0.6318,0.0,0.0,0.0,0.0,BLOCKED_NOISE,0.0
1788865970.2081861,5962886,129.85,NONE,0.3437,0.6345,0.0,0.0,0.0,0.0,BLOCKED_NOISE,0.0
1788865971.2613127,5962886,128.79,NONE,0.3481,0.6361,0.0,0.0,0.0,0.0,BLOCKED_NOISE,0.0
1788865972.313593,5962886,127.74,NONE,0.3363,0.6317,0.0,0.0,0.0,0.0,BLOCKED_NOISE,0.0
1788865973.3663886,5962886,126.68,NONE,0.3408,0.6334,0.0,0.0,0.0,0.0,BLOCKED_NOISE,0.0
1788865974.4268303,5962886,125.62,YES,0.352,0.6376,0.07,0.01,0.5676,0.03,EXECUTED,25.0
1788865975.4898324,5962886,124.56,NONE,-0.0067,0.4973,0.0,0.0,0.0,0.0,BLOCKED_NOISE,0.0
1788865976.5560312,5962886,123.5,NONE,-0.0297,0.4881,0.0,0.0,0.0,0.0,BLOCKED_NOISE,0.0
1788865977.6093473,5962886,122.44,NONE,-0.0295,0.4882,0.0,0.0,0.0,0.0,BLOCKED_NOISE,0.0
1788865978.6602483,5962886,121.39,NONE,-0.0452,0.482,0.0,0.0,0.0,0.0,BLOCKED_NOISE,0.0
1788865979.724074,5962886,120.33,NONE,-0.0452,0.482,0.0,0.0,0.0,0.0,BLOCKED_NOISE,0.0
1788865980.779958,5962886,119.27,NONE,-0.045,0.4821,0.0,0.0,0.0,0.0,BLOCKED_NOISE,0.0
1788865981.8336644,5962886,118.22,NONE,-0.0448,0.4822,0.0,0.0,0.0,0.0,BLOCKED_NOISE,0.0
1788865982.8932798,5962886,117.16,NONE,-0.0445,0.4822,0.0,0.0,0.0,0.0,BLOCKED_NOISE,0.0
1788865983.9452417,5962886,116.11,NONE,-0.0443,0.4823,0.0,0.0,0.0,0.0,BLOCKED_NOISE,0.0
1788865985.0211473,5962886,115.05,NONE,-0.0441,0.4824,0.0,0.0,0.0,0.0,BLOCKED_NOISE,0.0
1788865986.077889,5962886,113.98,NONE,-0.044,0.4825,0.0,0.0,0.0,0.0,BLOCKED_NOISE,0.0
1788865987.1440315,5962886,112.91,NONE,-0.0057,0.4977,0.0,0.0,0.0,0.0,BLOCKED_NOISE,0.0
1788865988.2020152,5962886,111.85,NONE,0.003,0.5012,0.0,0.0,0.0,0.0,BLOCKED_NOISE,0.0
1788865989.257317,5962886,110.79,NONE,0.0023,0.5009,0.0,0.0,0.0,0.0,BLOCKED_NOISE,0.0
1788865990.3064723,5962886,109.74,NONE,0.0025,0.501,0.0,0.0,0.0,0.0,BLOCKED_NOISE,0.0
1788865991.3605087,5962886,108.69,NONE,0.0027,0.5011,0.0,0.0,0.0,0.0,BLOCKED_NOISE,0.0
1788865992.4298189,5962886,107.62,NONE,0.0031,0.5012,0.0,0.0,0.0,0.0,BLOCKED_NOISE,0.0
1788865993.4888885,5962886,106.56,NONE,0.0038,0.5015,0.0,0.0,0.0,0.0,BLOCKED_NOISE,0.0
1788865994.543803,5962886,105.51,NONE,0.003,0.5012,0.0,0.0,0.0,0.0,BLOCKED_NOISE,0.0
1788865995.5943654,5962886,104.46,NONE,-0.0394,0.4843,0.0,0.0,0.0,0.0,BLOCKED_NOISE,0.0
1788865996.6524208,5962886,103.4,NONE,-0.0363,0.4855,0.0,0.0,0.0,0.0,BLOCKED_NOISE,0.0
1788865997.712833,5962886,102.34,NONE,0.2155,0.5853,0.0,0.0,0.0,0.0,BLOCKED_NOISE,0.0
1788865998.7601047,5962886,101.29,NONE,0.215,0.5851,0.0,0.0,0.0,0.0,BLOCKED_NOISE,0.0
1788865999.8190858,5962886,100.24,NONE,0.2692,0.6061,0.0,0.0,0.0,0.0,BLOCKED_NOISE,0.0
1788866000.8872652,5962886,99.17,NONE,0.2697,0.6063,0.0,0.0,0.0,0.0,BLOCKED_NOISE,0.0
1788866001.959739,5962886,98.11,NONE,0.2751,0.6084,0.0,0.0,0.0,0.0,BLOCKED_NOISE,0.0
1788866003.014689,5962886,97.04,NONE,0.2723,0.6073,0.0,0.0,0.0,0.0,BLOCKED_NOISE,0.0
1788866004.0663807,5962886,95.98,NONE,0.2741,0.608,0.0,0.0,0.0,0.0,BLOCKED_NOISE,0.0
1788866005.1197789,5962886,94.93,NONE,0.2759,0.6087,0.0,0.0,0.0,0.0,BLOCKED_NOISE,0.0
1788866006.1678946,5962886,93.88,YES,0.4207,0.663,0.02,0.0,0.0,0.03,BLOCKED_WINDOW_MAX_POS,0.0
1788866007.2230604,5962886,92.83,YES,0.4078,0.6583,0.02,0.0,0.0,0.03,BLOCKED_WINDOW_MAX_POS,0.0
1788866008.2764096,5962886,91.77,YES,0.4097,0.659,0.02,0.0,0.0,0.03,BLOCKED_WINDOW_MAX_POS,0.0
1788866009.3363955,5962886,90.72,YES,0.412,0.6598,0.02,0.0,0.0,0.03,BLOCKED_WINDOW_MAX_POS,0.0
1788866010.3887818,5962886,89.66,YES,0.4128,0.6601,0.02,0.0,0.0,0.03,BLOCKED_WINDOW_MAX_POS,0.0
1788866011.4401298,5962886,88.61,YES,0.412,0.6598,0.02,0.0,0.0,0.03,BLOCKED_WINDOW_MAX_POS,0.0
1788866012.4923544,5962886,87.56,YES,0.4141,0.6606,0.02,0.0,0.0,0.03,BLOCKED_WINDOW_MAX_POS,0.0
1788866013.5488777,5962886,86.5,YES,0.4188,0.6623,0.01,0.0,0.0,0.035,BLOCKED_WINDOW_MAX_POS,0.0
1788866014.6144652,5962886,85.44,YES,0.4204,0.6629,0.01,0.0,0.0,0.035,BLOCKED_WINDOW_MAX_POS,0.0
1788866015.6636124,5962886,84.38,YES,0.3578,0.6398,0.01,0.0,0.0,0.035,BLOCKED_WINDOW_MAX_POS,0.0
1788866016.7180507,5962886,83.33,YES,0.3561,0.6391,0.01,0.0,0.0,0.035,BLOCKED_WINDOW_MAX_POS,0.0
1788866017.765988,5962886,82.28,YES,0.3709,0.6446,0.01,0.0,0.0,0.035,BLOCKED_WINDOW_MAX_POS,0.0
1788866018.820248,5962886,81.23,YES,0.3738,0.6457,0.01,0.0,0.0,0.035,BLOCKED_WINDOW_MAX_POS,0.0
1788866019.890592,5962886,80.17,YES,0.3757,0.6464,0.01,0.0,0.0,0.035,BLOCKED_WINDOW_MAX_POS,0.0
1788866020.9555748,5962886,79.1,YES,0.3753,0.6463,0.01,0.0,0.0,0.035,BLOCKED_WINDOW_MAX_POS,0.0
1788866022.0153222,5962886,78.04,YES,0.3789,0.6476,0.01,0.0,0.0,0.035,BLOCKED_WINDOW_MAX_POS,0.0
1788866023.0691552,5962886,76.98,YES,0.3804,0.6482,0.01,0.0,0.0,0.035,BLOCKED_WINDOW_MAX_POS,0.0
1788866024.1210847,5962886,75.93,YES,0.3821,0.6488,0.01,0.0,0.0,0.035,BLOCKED_WINDOW_MAX_POS,0.0
1788866025.1711717,5962886,74.88,YES,0.39,0.6517,0.01,0.0,0.0,0.035,BLOCKED_WINDOW_MAX_POS,0.0
1788866026.2213328,5962886,73.83,YES,0.3932,0.6529,0.01,0.0,0.0,0.035,BLOCKED_WINDOW_MAX_POS,0.0
1788866027.2749913,5962886,72.78,YES,0.3848,0.6498,0.01,0.0,0.0,0.035,BLOCKED_WINDOW_MAX_POS,0.0
1788866028.329337,5962886,71.72,YES,0.3885,0.6512,0.01,0.0,0.0,0.035,BLOCKED_WINDOW_MAX_POS,0.0
1788866029.3826647,5962886,70.66,YES,0.3875,0.6508,0.01,0.0,0.0,0.035,BLOCKED_WINDOW_MAX_POS,0.0
1788866030.4427063,5962886,69.61,YES,0.3899,0.6517,0.01,0.0,0.0,0.035,BLOCKED_WINDOW_MAX_POS,0.0
1788866031.5009644,5962886,68.55,YES,0.3591,0.6403,0.01,0.0,0.0,0.035,BLOCKED_WINDOW_MAX_POS,0.0
1788866032.5502307,5962886,67.49,YES,0.3609,0.6409,0.01,0.0,0.0,0.035,BLOCKED_WINDOW_MAX_POS,0.0
1788866033.6031854,5962886,66.45,YES,0.3713,0.6448,0.01,0.0,0.0,0.035,BLOCKED_WINDOW_MAX_POS,0.0
1788866034.6569436,5962886,65.4,YES,0.3739,0.6458,0.01,0.0,0.0,0.035,BLOCKED_WINDOW_MAX_POS,0.0
1788866035.726216,5962886,64.34,NONE,0.2046,0.5811,0.0,0.0,0.0,0.0,BLOCKED_NOISE,0.0
1788866036.7752242,5962886,63.27,NONE,0.2021,0.5801,0.0,0.0,0.0,0.0,BLOCKED_NOISE,0.0
1788866037.824352,5962886,62.22,NONE,0.2043,0.5809,0.0,0.0,0.0,0.0,BLOCKED_NOISE,0.0
1788866038.8765154,5962886,61.17,NONE,0.2172,0.586,0.0,0.0,0.0,0.0,BLOCKED_NOISE,0.0
1788866039.9285479,5962886,60.12,NO,-0.4026,0.6564,0.0,0.0,0.0,0.035,BLOCKED_WINDOW_MAX_POS,0.0
1788866040.9862518,5962886,59.07,NO,-0.3944,0.6534,0.0,0.0,0.0,0.035,BLOCKED_WINDOW_MAX_POS,0.0
1788866042.0456872,5962886,58.0,NONE,-0.0247,0.4902,0.0,0.0,0.0,0.0,BLOCKED_NOISE,0.0
1788866043.0973518,5962886,56.95,NONE,-0.0084,0.4966,0.0,0.0,0.0,0.0,BLOCKED_NOISE,0.0
1788866044.154368,5962886,55.89,NONE,-0.0077,0.4969,0.0,0.0,0.0,0.0,BLOCKED_NOISE,0.0
1788866045.2108521,5962886,54.84,NONE,-0.007,0.4972,0.0,0.0,0.0,0.0,BLOCKED_NOISE,0.0
1788866046.264335,5962886,53.78,NONE,-0.0043,0.4983,0.0,0.0,0.0,0.0,BLOCKED_NOISE,0.0
1788866047.3129287,5962886,52.73,NONE,-0.0035,0.4986,0.0,0.0,0.0,0.0,BLOCKED_NOISE,0.0
1788866048.3672485,5962886,51.68,NONE,-0.0028,0.4989,0.0,0.0,0.0,0.0,BLOCKED_NOISE,0.0
1788866049.417153,5962886,50.63,NONE,0.0355,0.5142,0.0,0.0,0.0,0.0,BLOCKED_NOISE,0.0
1788866050.4676383,5962886,49.58,NONE,0.0276,0.511,0.0,0.0,0.0,0.0,BLOCKED_NOISE,0.0
1788866051.5358837,5962886,48.53,NONE,0.0285,0.5114,0.0,0.0,0.0,0.0,BLOCKED_NOISE,0.0
1788866052.5984435,5962886,47.45,NONE,0.0115,0.5046,0.0,0.0,0.0,0.0,BLOCKED_NOISE,0.0
1788866053.6630967,5962886,46.39,NONE,0.012,0.5048,0.0,0.0,0.0,0.0,BLOCKED_NOISE,0.0
1788866054.7138188,5962886,45.33,NONE,0.0131,0.5052,0.0,0.0,0.0,0.0,BLOCKED_NOISE,0.0
1788866055.7646387,5962886,44.28,NONE,0.0138,0.5055,0.0,0.0,0.0,0.0,BLOCKED_NOISE,0.0
1788866056.8371387,5962886,43.23,NONE,-0.0123,0.4951,0.0,0.0,0.0,0.0,BLOCKED_NOISE,0.0
1788866057.89126,5962886,42.16,NONE,-0.0114,0.4954,0.0,0.0,0.0,0.0,BLOCKED_NOISE,0.0
1788866058.9554875,5962886,41.1,NONE,-0.0106,0.4958,0.0,0.0,0.0,0.0,BLOCKED_NOISE,0.0
1788866060.0086968,5962886,40.04,NONE,-0.0098,0.4961,0.0,0.0,0.0,0.0,BLOCKED_NOISE,0.0
1788866061.0596688,5962886,38.99,NO,-1.1161,0.8678,0.0,0.0,0.0,0.035,BLOCKED_WINDOW_MAX_POS,0.0
1788866062.1124625,5962886,37.93,NO,-1.1015,0.8647,0.0,0.0,0.0,0.035,BLOCKED_WINDOW_MAX_POS,0.0
1788866063.1817653,5962886,36.88,NO,-1.1149,0.8675,0.0,0.0,0.0,0.035,BLOCKED_WINDOW_MAX_POS,0.0
1788866064.2358565,5962886,35.81,NO,-1.0945,0.8631,0.0,0.0,0.0,0.035,BLOCKED_WINDOW_MAX_POS,0.0
1788866065.2932312,5962886,34.76,NO,-1.0939,0.863,0.0,0.0,0.0,0.035,BLOCKED_WINDOW_MAX_POS,0.0
1788866066.3686118,5962886,33.7,NO,-0.9322,0.8244,0.0,0.0,0.0,0.035,BLOCKED_WINDOW_MAX_POS,0.0
1788866067.4191446,5962886,32.63,NO,-0.9332,0.8246,0.0,0.0,0.0,0.035,BLOCKED_WINDOW_MAX_POS,0.0
1788866068.472568,5962886,31.58,NO,-0.7687,0.779,0.0,0.0,0.0,0.035,BLOCKED_WINDOW_MAX_POS,0.0
1788866069.5282228,5962886,30.52,NO,-0.7595,0.7762,0.0,0.0,0.0,0.035,BLOCKED_WINDOW_MAX_POS,0.0
1788866070.5853066,5962886,29.47,NO,-0.767,0.7785,0.0,0.0,0.0,0.035,BLOCKED_WINDOW_MAX_POS,0.0
1788866071.6361823,5962886,28.41,NO,-0.7299,0.7673,0.0,0.0,0.0,0.035,BLOCKED_WINDOW_MAX_POS,0.0
1788866072.7059116,5962886,27.36,NO,-0.7594,0.7762,0.0,0.0,0.0,0.035,BLOCKED_WINDOW_MAX_POS,0.0
1788866073.755388,5962886,26.29,NO,-0.7699,0.7793,0.0,0.0,0.0,0.035,BLOCKED_WINDOW_MAX_POS,0.0
1788866074.8133929,5962886,25.23,NO,-0.7818,0.7828,0.0,0.0,0.0,0.035,BLOCKED_WINDOW_MAX_POS,0.0
1788866075.868879,5962886,24.18,NO,-0.7931,0.7861,0.0,0.0,0.0,0.035,BLOCKED_WINDOW_MAX_POS,0.0
1788866076.949766,5962886,23.13,NO,-0.8139,0.7921,0.0,0.0,0.0,0.035,BLOCKED_WINDOW_MAX_POS,0.0
1788866078.000327,5962886,22.05,NO,-0.8301,0.7967,0.0,0.0,0.0,0.035,BLOCKED_WINDOW_MAX_POS,0.0
1788866079.05618,5962886,21.0,NO,-0.7356,0.769,0.0,0.0,0.0,0.035,BLOCKED_WINDOW_MAX_POS,0.0
1788866080.1209636,5962886,19.93,NO,-0.7495,0.7732,0.0,0.0,0.0,0.035,BLOCKED_WINDOW_MAX_POS,0.0
1788866081.1762578,5962886,18.87,NO,-0.7676,0.7786,0.0,0.0,0.0,0.035,BLOCKED_WINDOW_MAX_POS,0.0
1788866082.2283642,5962886,17.82,NO,-0.787,0.7844,0.0,0.0,0.0,0.035,BLOCKED_WINDOW_MAX_POS,0.0
1788866083.289634,5962886,16.76,NO,-0.8082,0.7905,0.0,0.0,0.0,0.035,BLOCKED_WINDOW_MAX_POS,0.0
1788866084.3453102,5962886,15.71,NO,-0.8324,0.7974,0.0,0.0,0.0,0.035,BLOCKED_WINDOW_MAX_POS,0.0
1788866085.4076428,5962886,14.65,NO,-0.8584,0.8047,0.0,0.0,0.0,0.035,BLOCKED_WINDOW_MAX_POS,0.0
1788866086.474633,5962886,13.59,NO,-0.8865,0.8123,0.0,0.0,0.0,0.035,BLOCKED_WINDOW_MAX_POS,0.0
1788866087.5431206,5962886,12.52,NO,-0.9195,0.8211,0.0,0.0,0.0,0.035,BLOCKED_WINDOW_MAX_POS,0.0
1788866088.6067617,5962886,11.45,NONE,-0.2731,0.3924,0.0,0.0,0.0,0.0,BLOCKED_NOISE,0.0
1788866089.6633165,5962886,10.39,NO,-0.7659,0.7781,0.0,0.0,0.0,0.035,BLOCKED_WINDOW_MAX_POS,0.0
1788866090.717099,5962886,9.33,NO,-0.625,0.734,0.0,0.0,0.0,0.035,BLOCKED_WINDOW_MAX_POS,0.0
1788866091.7905128,5962886,8.27,NO,-0.6643,0.7467,0.0,0.0,0.0,0.035,BLOCKED_WINDOW_MAX_POS,0.0
1788866092.8393407,5962886,7.21,NO,-0.5979,0.725,0.0,0.0,0.0,0.035,BLOCKED_WINDOW_MAX_POS,0.0
1788866093.895539,5962886,6.15,NONE,-0.2006,0.4205,0.0,0.0,0.0,0.0,BLOCKED_NOISE,0.0
1788866094.95072,5962886,5.1,NONE,-0.2155,0.4147,0.0,0.0,0.0,0.0,BLOCKED_NOISE,0.0
1788866095.999861,5962886,4.05,NONE,-0.2421,0.4044,0.0,0.0,0.0,0.0,BLOCKED_NOISE,0.0
1788866097.053276,5962886,2.99,NONE,-0.2791,0.3901,0.0,0.0,0.0,0.0,BLOCKED_NOISE,0.0
1788866098.1176298,5962886,1.93,NONE,-0.3356,0.3686,0.0,0.0,0.0,0.0,BLOCKED_NOISE,0.0
1788866099.176266,5962886,1.0,NO,-2.3416,0.9904,0.0,0.0,0.0,0.035,BLOCKED_WINDOW_MAX_POS,0.0
1788866100.3107119,5962887,299.81,NONE,-0.0874,0.4652,0.0,0.0,0.0,0.0,BLOCKED_NOISE,0.0
1788866101.3726742,5962887,298.68,NONE,-0.0871,0.4653,0.0,0.0,0.0,0.0,BLOCKED_NOISE,0.0
1788866102.42639,5962887,297.63,NONE,-0.0626,0.475,0.0,0.0,0.0,0.0,BLOCKED_NOISE,0.0
1788866103.480963,5962887,296.57,NONE,-0.0394,0.4843,0.0,0.0,0.0,0.0,BLOCKED_NOISE,0.0
1788866104.5385087,5962887,295.51,NONE,-0.0387,0.4846,0.0,0.0,0.0,0.0,BLOCKED_NOISE,0.0
1788866105.59024,5962887,294.46,NONE,0.1109,0.5442,0.0,0.0,0.0,0.0,BLOCKED_NOISE,0.0
1788866106.6447673,5962887,293.4,NONE,0.201,0.5797,0.0,0.0,0.0,0.0,BLOCKED_NOISE,0.0
1788866107.698834,5962887,292.35,NONE,0.2037,0.5807,0.0,0.0,0.0,0.0,BLOCKED_NOISE,0.0
1788866108.7591202,5962887,291.29,NONE,0.009,0.5036,0.0,0.0,0.0,0.0,BLOCKED_NOISE,0.0
1788866109.819396,5962887,290.23,NONE,-0.0128,0.4949,0.0,0.0,0.0,0.0,BLOCKED_NOISE,0.0
1788866110.8841748,5962887,289.17,NONE,-0.0167,0.4933,0.0,0.0,0.0,0.0,BLOCKED_NOISE,0.0
1788866111.9570963,5962887,288.11,NONE,0.0203,0.5081,0.0,0.0,0.0,0.0,BLOCKED_NOISE,0.0
1788866113.0128243,5962887,287.04,NONE,0.0477,0.519,0.0,0.0,0.0,0.0,BLOCKED_NOISE,0.0
1788866114.0733242,5962887,285.98,NONE,0.126,0.5501,0.0,0.0,0.0,0.0,BLOCKED_NOISE,0.0
1788866115.1244512,5962887,284.92,NONE,0.1489,0.5592,0.0,0.0,0.0,0.0,BLOCKED_NOISE,0.0
1788866116.232403,5962887,283.87,NONE,0.2339,0.5925,0.0,0.0,0.0,0.0,BLOCKED_NOISE,0.0
1788866117.2925105,5962887,282.76,NONE,0.2313,0.5915,0.0,0.0,0.0,0.0,BLOCKED_NOISE,0.0
1788866118.3502626,5962887,281.7,NONE,0.2303,0.5911,0.0,0.0,0.0,0.0,BLOCKED_NOISE,0.0
1788866119.4046257,5962887,280.64,NONE,0.2601,0.6026,0.0,0.0,0.0,0.0,BLOCKED_NOISE,0.0
1788866120.4570162,5962887,279.59,NONE,0.2665,0.6051,0.0,0.0,0.0,0.0,BLOCKED_NOISE,0.0
1788866121.5161228,5962887,278.53,NONE,0.2727,0.6074,0.0,0.0,0.0,0.0,BLOCKED_NOISE,0.0
1788866122.5699444,5962887,277.48,NONE,0.2737,0.6078,0.0,0.0,0.0,0.0,BLOCKED_NOISE,0.0
1788866123.6256099,5962887,276.43,NONE,0.2707,0.6067,0.0,0.0,0.0,0.0,BLOCKED_NOISE,0.0
1788866124.6842933,5962887,275.37,NONE,0.2661,0.6049,0.0,0.0,0.0,0.0,BLOCKED_NOISE,0.0
1788866125.7424622,5962887,274.31,NONE,0.2666,0.6051,0.0,0.0,0.0,0.0,BLOCKED_NOISE,0.0
1788866126.809198,5962887,273.25,NONE,0.2597,0.6024,0.0,0.0,0.0,0.0,BLOCKED_NOISE,0.0
1788866127.878132,5962887,272.19,NONE,0.3383,0.6324,0.0,0.0,0.0,0.0,BLOCKED_NOISE,0.0
1788866128.9354382,5962887,271.12,NONE,0.3431,0.6342,0.0,0.0,0.0,0.0,BLOCKED_NOISE,0.0
1788866129.993785,5962887,270.06,NONE,0.3852,0.65,0.0,0.0,0.0,0.0,NO_SIGNAL,0.0
1788866131.0454974,5962887,269.0,NONE,0.3108,0.622,0.0,0.0,0.0,0.0,BLOCKED_NOISE,0.0
1788866132.2050724,5962887,267.95,NONE,0.3054,0.62,0.0,0.0,0.0,0.0,BLOCKED_NOISE,0.0
1788866133.2671292,5962887,266.78,NONE,0.307,0.6206,0.0,0.0,0.0,0.0,BLOCKED_NOISE,0.0
1788866134.3281546,5962887,265.72,NONE,0.3048,0.6197,0.0,0.0,0.0,0.0,BLOCKED_NOISE,0.0
1788866135.383194,5962887,264.67,NONE,0.3048,0.6197,0.0,0.0,0.0,0.0,BLOCKED_NOISE,0.0
1788866136.4530203,5962887,263.61,NONE,0.3051,0.6199,0.0,0.0,0.0,0.0,BLOCKED_NOISE,0.0
1788866137.5041993,5962887,262.55,NONE,0.3062,0.6203,0.0,0.0,0.0,0.0,BLOCKED_NOISE,0.0
1788866138.566865,5962887,261.48,NONE,0.3795,0.6479,0.0,0.0,0.0,0.0,NO_SIGNAL,0.0
1788866139.6241014,5962887,260.42,NONE,0.4361,0.6686,0.0,0.0,0.0,0.0,NO_SIGNAL,0.0
1788866140.6831021,5962887,259.37,NONE,0.4353,0.6683,0.0,0.0,0.0,0.0,NO_SIGNAL,0.0
1788866141.7557461,5962887,258.3,NONE,0.4447,0.6717,0.0,0.0,0.0,0.0,NO_SIGNAL,0.0
1788866142.8231347,5962887,257.23,NONE,0.4475,0.6727,0.0,0.0,0.0,0.0,NO_SIGNAL,0.0
1788866143.900515,5962887,256.18,NONE,0.4584,0.6767,0.0,0.0,0.0,0.0,NO_SIGNAL,0.0
1788866144.9624434,5962887,255.08,NONE,0.4568,0.6761,0.0,0.0,0.0,0.0,NO_SIGNAL,0.0
1788866146.0318646,5962887,254.03,NONE,0.4562,0.6759,0.0,0.0,0.0,0.0,NO_SIGNAL,0.0
1788866147.0952885,5962887,252.96,NONE,0.4579,0.6765,0.0,0.0,0.0,0.0,NO_SIGNAL,0.0
1788866148.2060614,5962887,251.89,NONE,0.4516,0.6742,0.0,0.0,0.0,0.0,NO_SIGNAL,0.0
1788866149.2599301,5962887,250.79,NONE,0.4504,0.6738,0.0,0.0,0.0,0.0,NO_SIGNAL,0.0
1788866150.3319225,5962887,249.74,NONE,0.4513,0.6741,0.0,0.0,0.0,0.0,NO_SIGNAL,0.0
1788866151.3869278,5962887,248.66,NONE,0.4529,0.6747,0.0,0.0,0.0,0.0,NO_SIGNAL,0.0
1788866152.447625,5962887,247.6,NONE,0.4539,0.6751,0.0,0.0,0.0,0.0,NO_SIGNAL,0.0
1788866153.500877,5962887,246.55,NONE,0.4538,0.675,0.0,0.0,0.0,0.0,NO_SIGNAL,0.0
1788866154.5506198,5962887,245.5,NONE,0.4548,0.6754,0.0,0.0,0.0,0.0,NO_SIGNAL,0.0
1788866155.6098537,5962887,244.44,NONE,0.4557,0.6757,0.0,0.0,0.0,0.0,NO_SIGNAL,0.0
1788866156.673773,5962887,243.38,NONE,0.4567,0.6761,0.0,0.0,0.0,0.0,NO_SIGNAL,0.0
1788866157.730624,5962887,242.32,NONE,0.4421,0.6708,0.0,0.0,0.0,0.0,NO_SIGNAL,0.0
1788866158.789688,5962887,241.26,NONE,0.4396,0.6699,0.0,0.0,0.0,0.0,NO_SIGNAL,0.0
1788866159.8652208,5962887,240.21,NONE,0.4322,0.6672,0.0,0.0,0.0,0.0,NO_SIGNAL,0.0
1788866160.921044,5962887,239.13,NONE,0.245,0.5968,0.0,0.0,0.0,0.0,BLOCKED_NOISE,0.0
1788866161.9755366,5962887,238.08,NONE,0.2449,0.5967,0.0,0.0,0.0,0.0,BLOCKED_NOISE,0.0
1788866163.037194,5962887,237.01,NONE,0.2952,0.6161,0.0,0.0,0.0,0.0,BLOCKED_NOISE,0.0
1788866164.13616,5962887,235.96,NONE,0.2956,0.6162,0.0,0.0,0.0,0.0,BLOCKED_NOISE,0.0
1788866165.1970806,5962887,234.86,NONE,0.2962,0.6165,0.0,0.0,0.0,0.0,BLOCKED_NOISE,0.0
1788866166.260226,5962887,233.79,NONE,0.2978,0.6171,0.0,0.0,0.0,0.0,BLOCKED_NOISE,0.0
1788866167.3229017,5962887,232.73,NONE,0.2999,0.6179,0.0,0.0,0.0,0.0,BLOCKED_NOISE,0.0
1788866168.3911772,5962887,231.66,NONE,0.2973,0.6169,0.0,0.0,0.0,0.0,BLOCKED_NOISE,0.0
1788866169.4687464,5962887,230.61,NONE,0.2917,0.6147,0.0,0.0,0.0,0.0,BLOCKED_NOISE,0.0
1788866170.5303547,5962887,229.53,NONE,0.3251,0.6274,0.0,0.0,0.0,0.0,BLOCKED_NOISE,0.0
1788866171.6141179,5962887,228.46,NO,0.5244,0.3,0.25,0.01,0.05,0.03,EXECUTED,7.91
1788866172.671956,5962887,227.38,NONE,0.6316,0.7362,0.0,0.0,0.0,0.0,NO_SIGNAL,0.0
1788866173.728059,5962887,226.32,NONE,0.788,0.7846,0.0,0.0,0.0,0.0,NO_SIGNAL,0.0
1788866174.7849524,5962887,225.27,NONE,0.8036,0.7892,0.0,0.0,0.0,0.0,NO_SIGNAL,0.0
1788866175.8481297,5962887,224.2,NONE,0.8063,0.79,0.0,0.0,0.0,0.0,NO_SIGNAL,0.0
1788866176.959997,5962887,223.15,NONE,0.808,0.7904,0.0,0.0,0.0,0.0,NO_SIGNAL,0.0
1788866178.0199072,5962887,222.04,NONE,0.8077,0.7904,0.0,0.0,0.0,0.0,NO_SIGNAL,0.0
1788866179.0894048,5962887,220.97,NONE,0.8432,0.8005,0.0,0.0,0.0,0.0,NO_SIGNAL,0.0
1788866180.2060258,5962887,219.9,NONE,0.8483,0.8019,0.0,0.0,0.0,0.0,NO_SIGNAL,0.0
1788866181.2767725,5962887,218.79,NONE,0.8356,0.7983,0.0,0.0,0.0,0.0,NO_SIGNAL,0.0
1788866182.336898,5962887,217.71,NONE,0.8256,0.7955,0.0,0.0,0.0,0.0,NO_SIGNAL,0.0
1788866183.3982344,5962887,216.65,NONE,0.824,0.795,0.0,0.0,0.0,0.0,NO_SIGNAL,0.0
1788866184.44862,5962887,215.6,NONE,0.9051,0.8173,0.0,0.0,0.0,0.0,NO_SIGNAL,0.0
1788866185.4983273,5962887,214.55,NONE,0.9287,0.8235,0.0,0.0,0.0,0.0,NO_SIGNAL,0.0
1788866186.5688477,5962887,213.5,NONE,0.9308,0.824,0.0,0.0,0.0,0.0,NO_SIGNAL,0.0
1788866187.624293,5962887,212.42,NO,0.6372,0.262,0.23,0.0,0.0,0.03,BLOCKED_WINDOW_MAX_POS,0.0
1788866188.6764333,5962887,211.37,NO,0.6363,0.2623,0.23,0.0,0.0,0.03,BLOCKED_WINDOW_MAX_POS,0.0
1788866189.7283244,5962887,210.32,NO,0.6348,0.2628,0.23,0.0,0.0,0.03,BLOCKED_WINDOW_MAX_POS,0.0
1788866190.7867334,5962887,209.27,NO,0.647,0.2588,0.22,0.0,0.0,0.03,BLOCKED_WINDOW_MAX_POS,0.0
1788866191.8464844,5962887,208.2,NO,0.6472,0.2587,0.22,0.0,0.0,0.03,BLOCKED_WINDOW_MAX_POS,0.0
1788866192.9031577,5962887,207.15,NO,0.6458,0.2592,0.22,0.0,0.0,0.03,BLOCKED_WINDOW_MAX_POS,0.0
1788866193.9628608,5962887,206.08,NO,0.647,0.2588,0.21,0.0,0.0,0.03,BLOCKED_WINDOW_MAX_POS,0.0
1788866195.0184233,5962887,205.03,NO,0.641,0.2608,0.21,0.0,0.0,0.03,BLOCKED_WINDOW_MAX_POS,0.0
1788866196.131919,5962887,203.97,NO,0.6459,0.2592,0.19,0.0,0.0,0.03,BLOCKED_WINDOW_MAX_POS,0.0
1788866197.1882126,5962887,202.86,NO,0.7326,0.2319,0.18,0.0,0.0,0.03,BLOCKED_WINDOW_MAX_POS,0.0
1788866198.2498655,5962887,201.8,NONE,0.9074,0.8179,0.0,0.0,0.0,0.0,NO_SIGNAL,0.0
1788866199.312545,5962887,200.74,NONE,0.9098,0.8185,0.0,0.0,0.0,0.0,NO_SIGNAL,0.0
1788866200.3654077,5962887,199.69,NONE,0.9122,0.8192,0.0,0.0,0.0,0.0,NO_SIGNAL,0.0
1788866201.4252868,5962887,198.62,NONE,0.8905,0.8134,0.0,0.0,0.0,0.0,NO_SIGNAL,0.0
1788866202.4790573,5962887,197.57,NO,0.4324,0.3327,0.25,0.0,0.0,0.03,BLOCKED_WINDOW_MAX_POS,0.0
1788866203.5462615,5962887,196.51,NO,0.4331,0.3325,0.26,0.0,0.0,0.03,BLOCKED_WINDOW_MAX_POS,0.0
1788866204.607087,5962887,195.44,NO,0.4467,0.3275,0.26,0.0,0.0,0.03,BLOCKED_WINDOW_MAX_POS,0.0
1788866205.687271,5962887,194.39,NONE,0.0618,0.5246,0.0,0.0,0.0,0.0,BLOCKED_NOISE,0.0
1788866206.7425542,5962887,193.31,NONE,-0.008,0.4968,0.0,0.0,0.0,0.0,BLOCKED_NOISE,0.0
1788866207.7958658,5962887,192.26,NONE,0.1217,0.5484,0.0,0.0,0.0,0.0,BLOCKED_NOISE,0.0
1788866208.861767,5962887,191.2,NONE,0.1084,0.5432,0.0,0.0,0.0,0.0,BLOCKED_NOISE,0.0
1788866209.9357052,5962887,190.13,NONE,0.0983,0.5392,0.0,0.0,0.0,0.0,BLOCKED_NOISE,0.0
1788866210.995372,5962887,189.06,NONE,0.0905,0.536,0.0,0.0,0.0,0.0,BLOCKED_NOISE,0.0
1788866212.1041305,5962887,188.0,NONE,0.1158,0.5461,0.0,0.0,0.0,0.0,BLOCKED_NOISE,0.0
1788866213.1654065,5962887,186.89,NONE,0.1164,0.5463,0.0,0.0,0.0,0.0,BLOCKED_NOISE,0.0
1788866214.237358,5962887,185.83,NONE,0.239,0.5944,0.0,0.0,0.0,0.0,BLOCKED_NOISE,0.0
1788866215.296528,5962887,184.76,NONE,0.2118,0.5839,0.0,0.0,0.0,0.0,BLOCKED_NOISE,0.0
1788866216.4097881,5962887,183.7,NO,0.4084,0.3415,0.22,0.0,0.0,0.03,BLOCKED_WINDOW_MAX_POS,0.0
1788866217.4637694,5962887,182.59,NO,0.4371,0.331,0.19,0.0,0.0,0.03,BLOCKED_WINDOW_MAX_POS,0.0
1788866218.5239246,5962887,181.52,NO,0.4622,0.322,0.19,0.0,0.0,0.03,BLOCKED_WINDOW_MAX_POS,0.0
1788866219.6144443,5962887,180.46,NO,0.4908,0.3118,0.19,0.0,0.0,0.03,BLOCKED_WINDOW_MAX_POS,0.0
1788866220.6802776,5962887,179.38,NO,0.5868,0.2787,0.15,0.0,0.0,0.03,BLOCKED_WINDOW_MAX_POS,0.0
1788866221.732703,5962887,178.32,NO,0.6624,0.2539,0.14,0.0,0.0,0.03,BLOCKED_WINDOW_MAX_POS,0.0
1788866222.791382,5962887,177.26,NO,0.6661,0.2527,0.14,0.0,0.0,0.03,BLOCKED_WINDOW_MAX_POS,0.0
1788866223.8452115,5962887,176.21,NO,0.6647,0.2531,0.14,0.0,0.0,0.03,BLOCKED_WINDOW_MAX_POS,0.0
1788866224.9104128,5962887,175.14,NO,0.6477,0.2586,0.15,0.0,0.0,0.03,BLOCKED_WINDOW_MAX_POS,0.0
1788866225.9723485,5962887,174.08,NO,0.579,0.2813,0.19,0.0,0.0,0.03,BLOCKED_WINDOW_MAX_POS,0.0
1788866227.0318606,5962887,173.02,NO,0.5214,0.3011,0.2,0.0,0.0,0.03,BLOCKED_WINDOW_MAX_POS,0.0
1788866228.130238,5962887,171.97,NO,0.4926,0.3112,0.21,0.0,0.0,0.03,BLOCKED_WINDOW_MAX_POS,0.0
1788866229.1874135,5962887,170.86,NO,0.4807,0.3154,0.21,0.0,0.0,0.03,BLOCKED_WINDOW_MAX_POS,0.0
1788866230.2446716,5962887,169.81,NO,0.4723,0.3184,0.2,0.0,0.0,0.03,BLOCKED_WINDOW_MAX_POS,0.0
1788866231.3025038,5962887,168.75,NO,0.3534,0.3619,0.26,0.0,0.0,0.04,BLOCKED_WINDOW_MAX_POS,0.0
1788866232.3565016,5962887,167.69,NONE,0.2805,0.6105,0.0,0.0,0.0,0.0,BLOCKED_NOISE,0.0
1788866233.4056005,5962887,166.64,NONE,0.3073,0.6207,0.0,0.0,0.0,0.0,BLOCKED_NOISE,0.0
1788866234.4690459,5962887,165.58,NONE,0.3078,0.6209,0.0,0.0,0.0,0.0,BLOCKED_NOISE,0.0
1788866235.5371294,5962887,164.52,NONE,0.2823,0.6111,0.0,0.0,0.0,0.0,BLOCKED_NOISE,0.0
1788866236.6138804,5962887,163.46,NONE,0.2926,0.6151,0.0,0.0,0.0,0.0,BLOCKED_NOISE,0.0
1788866237.6655004,5962887,162.39,NO,0.3888,0.3487,0.27,0.0,0.0,0.03,BLOCKED_WINDOW_MAX_POS,0.0
1788866238.7214694,5962887,161.33,NO,0.3866,0.3495,0.23,0.0,0.0,0.03,BLOCKED_WINDOW_MAX_POS,0.0
1788866239.7815764,5962887,160.27,NO,0.3879,0.3491,0.25,0.0,0.0,0.03,BLOCKED_WINDOW_MAX_POS,0.0
1788866240.8666472,5962887,159.2,NO,0.3889,0.3487,0.22,0.0,0.0,0.03,BLOCKED_WINDOW_MAX_POS,0.0
1788866241.932844,5962887,158.12,NO,0.4432,0.3288,0.19,0.0,0.0,0.03,BLOCKED_WINDOW_MAX_POS,0.0
1788866242.9957924,5962887,157.07,NO,0.4667,0.3204,0.19,0.0,0.0,0.03,BLOCKED_WINDOW_MAX_POS,0.0
1788866244.1042504,5962887,155.99,NO,0.4949,0.3103,0.18,0.0,0.0,0.03,BLOCKED_WINDOW_MAX_POS,0.0
1788866245.1659281,5962887,154.89,NO,0.4872,0.3131,0.17,0.0,0.0,0.03,BLOCKED_WINDOW_MAX_POS,0.0
1788866246.28059,5962887,153.8,NO,0.5122,0.3043,0.15,0.0,0.0,0.03,BLOCKED_WINDOW_MAX_POS,0.0
1788866247.3349438,5962887,152.71,NO,0.5029,0.3075,0.15,0.0,0.0,0.03,BLOCKED_WINDOW_MAX_POS,0.0
1788866248.3890476,5962887,151.66,NO,0.5057,0.3065,0.14,0.0,0.0,0.03,BLOCKED_WINDOW_MAX_POS,0.0
1788866249.444581,5962887,150.61,NO,0.512,0.3043,0.15,0.0,0.0,0.03,BLOCKED_WINDOW_MAX_POS,0.0
1788866250.4993303,5962887,149.55,NO,0.686,0.2464,0.11,0.0,0.0,0.03,BLOCKED_WINDOW_MAX_POS,0.0
1788866251.5702221,5962887,148.5,NO,0.699,0.2423,0.11,0.0,0.0,0.03,BLOCKED_WINDOW_MAX_POS,0.0
1788866252.6264217,5962887,147.42,NO,0.7475,0.2274,0.12,0.0,0.0,0.03,BLOCKED_WINDOW_MAX_POS,0.0
1788866253.6828196,5962887,146.37,NO,0.7486,0.2271,0.12,0.0,0.0,0.03,BLOCKED_WINDOW_MAX_POS,0.0
1788866254.7394545,5962887,145.31,NO,0.7468,0.2276,0.12,0.0,0.0,0.03,BLOCKED_WINDOW_MAX_POS,0.0
1788866255.798768,5962887,144.25,NO,0.7483,0.2272,0.11,0.0,0.0,0.03,BLOCKED_WINDOW_MAX_POS,0.0
1788866256.8516912,5962887,143.2,NO,0.7586,0.224,0.11,0.0,0.0,0.03,BLOCKED_WINDOW_MAX_POS,0.0
1788866257.913711,5962887,142.13,NO,0.7658,0.2219,0.11,0.0,0.0,0.03,BLOCKED_WINDOW_MAX_POS,0.0
1788866258.968835,5962887,141.08,NO,0.8431,0.1996,0.09,0.0,0.0,0.03,BLOCKED_WINDOW_MAX_POS,0.0
1788866260.0746164,5962887,140.03,NO,0.9126,0.1807,0.07,0.0,0.0,0.03,BLOCKED_WINDOW_MAX_POS,0.0
1788866261.1382072,5962887,138.91,NO,0.9537,0.1701,0.06,0.0,0.0,0.03,BLOCKED_WINDOW_MAX_POS,0.0
1788866262.1960044,5962887,137.86,NO,1.0164,0.1547,0.06,0.0,0.0,0.03,BLOCKED_WINDOW_MAX_POS,0.0
1788866263.2529998,5962887,136.8,NO,1.0286,0.1518,0.07,0.0,0.0,0.03,BLOCKED_WINDOW_MAX_POS,0.0
1788866264.304839,5962887,135.75,NO,0.9786,0.1639,0.08,0.0,0.0,0.03,BLOCKED_WINDOW_MAX_POS,0.0
1788866265.3649733,5962887,134.69,NO,1.0337,0.1506,0.09,0.0,0.0,0.03,BLOCKED_WINDOW_MAX_POS,0.0
1788866266.411403,5962887,133.63,NO,1.091,0.1376,0.09,0.0,0.0,0.03,BLOCKED_WINDOW_MAX_POS,0.0
1788866267.472942,5962887,132.58,NO,1.1463,0.1258,0.06,0.0,0.0,0.03,BLOCKED_WINDOW_MAX_POS,0.0
1788866268.530896,5962887,131.52,NO,1.2353,0.1084,0.05,0.0,0.0,0.03,BLOCKED_WINDOW_MAX_POS,0.0
1788866269.588369,5962887,130.46,NO,1.2768,0.1008,0.05,0.0,0.0,0.03,BLOCKED_WINDOW_MAX_POS,0.0
1788866270.6465573,5962887,129.4,NO,1.3171,0.0939,0.05,0.0,0.0,0.03,BLOCKED_WINDOW_MAX_POS,0.0
1788866271.7141364,5962887,128.34,NO,1.3573,0.0873,0.05,0.0,0.0,0.03,BLOCKED_WINDOW_MAX_POS,0.0
1788866272.7775319,5962887,127.28,NO,1.3966,0.0813,0.05,0.0,0.0,0.03,BLOCKED_WINDOW_MAX_POS,0.0
1788866273.8404486,5962887,126.21,NONE,1.4289,0.9235,0.0,0.0,0.0,0.0,NO_SIGNAL,0.0
1788866274.9197643,5962887,125.15,NONE,1.4622,0.9282,0.0,0.0,0.0,0.0,NO_SIGNAL,0.0
1788866276.0381665,5962887,124.08,NONE,1.2915,0.9017,0.0,0.0,0.0,0.0,NO_SIGNAL,0.0
1788866277.0985906,5962887,122.95,NONE,1.299,0.903,0.0,0.0,0.0,0.0,NO_SIGNAL,0.0
1788866278.1524491,5962887,121.9,NONE,1.3353,0.9091,0.0,0.0,0.0,0.0,NO_SIGNAL,0.0
1788866279.21466,5962887,120.84,NONE,1.3485,0.9113,0.0,0.0,0.0,0.0,NO_SIGNAL,0.0
1788866280.2720838,5962887,119.78,NONE,1.3581,0.9128,0.0,0.0,0.0,0.0,NO_SIGNAL,0.0
1788866281.3256133,5962887,118.72,NONE,1.3733,0.9152,0.0,0.0,0.0,0.0,NO_SIGNAL,0.0
1788866282.3753402,5962887,117.67,NONE,1.3321,0.9086,0.0,0.0,0.0,0.0,NO_SIGNAL,0.0
1788866283.428478,5962887,116.62,NONE,1.3451,0.9107,0.0,0.0,0.0,0.0,NO_SIGNAL,0.0
1788866284.4857397,5962887,115.57,NONE,1.3574,0.9127,0.0,0.0,0.0,0.0,NO_SIGNAL,0.0
1788866285.5396638,5962887,114.51,NO,1.1092,0.1337,0.1,0.0,0.0,0.03,BLOCKED_WINDOW_MAX_POS,0.0
1788866286.5946348,5962887,113.46,NONE,1.1346,0.8717,0.0,0.0,0.0,0.0,NO_SIGNAL,0.0
1788866287.6539774,5962887,112.4,NONE,0.7969,0.7872,0.0,0.0,0.0,0.0,NO_SIGNAL,0.0
1788866288.7260518,5962887,111.33,NO,0.7732,0.2197,0.18,0.0,0.0,0.03,BLOCKED_WINDOW_MAX_POS,0.0
1788866289.8077416,5962887,110.24,NO,0.7812,0.2174,0.13,0.0,0.0,0.03,BLOCKED_WINDOW_MAX_POS,0.0
1788866290.8694127,5962887,109.18,NO,0.7814,0.2173,0.12,0.0,0.0,0.03,BLOCKED_WINDOW_MAX_POS,0.0
1788866291.972935,5962887,108.13,NO,0.787,0.2156,0.12,0.0,0.0,0.03,BLOCKED_WINDOW_MAX_POS,0.0
1788866293.0319104,5962887,107.01,NO,0.7782,0.2182,0.12,0.0,0.0,0.03,BLOCKED_WINDOW_MAX_POS,0.0
1788866294.107578,5962887,105.96,NO,0.8084,0.2094,0.09,0.0,0.0,0.03,BLOCKED_WINDOW_MAX_POS,0.0
1788866295.1622708,5962887,104.89,NO,0.9883,0.1615,0.07,0.0,0.0,0.03,BLOCKED_WINDOW_MAX_POS,0.0
1788866296.217251,5962887,103.84,NO,0.9907,0.1609,0.06,0.0,0.0,0.03,BLOCKED_WINDOW_MAX_POS,0.0
1788866297.2859666,5962887,102.78,NO,0.9973,0.1593,0.08,0.0,0.0,0.03,BLOCKED_WINDOW_MAX_POS,0.0
1788866298.336929,5962887,101.71,NO,1.0563,0.1454,0.06,0.0,0.0,0.03,BLOCKED_WINDOW_MAX_POS,0.0
1788866299.389528,5962887,100.66,NO,1.3612,0.0867,0.05,0.0,0.0,0.03,BLOCKED_WINDOW_MAX_POS,0.0
1788866300.4522114,5962887,99.59,NO,1.3862,0.0828,0.05,0.0,0.0,0.03,BLOCKED_WINDOW_MAX_POS,0.0
1788866301.519617,5962887,98.54,NO,1.3939,0.0817,0.05,0.0,0.0,0.03,BLOCKED_WINDOW_MAX_POS,0.0
1788866302.577146,5962887,97.47,NO,1.4017,0.0805,0.04,0.0,0.0,0.03,BLOCKED_WINDOW_MAX_POS,0.0
1788866303.630442,5962887,96.42,NONE,1.4095,0.9207,0.0,0.0,0.0,0.0,NO_SIGNAL,0.0
1788866304.6843338,5962887,95.36,NO,1.4172,0.0782,0.04,0.0,0.0,0.03,BLOCKED_WINDOW_MAX_POS,0.0
1788866305.7550924,5962887,94.31,NO,1.4161,0.0784,0.04,0.0,0.0,0.03,BLOCKED_WINDOW_MAX_POS,0.0
1788866306.8179054,5962887,93.23,NO,1.4654,0.0714,0.04,0.0,0.0,0.03,BLOCKED_WINDOW_MAX_POS,0.0
1788866307.9260411,5962887,92.18,NO,1.4738,0.0703,0.04,0.0,0.0,0.03,BLOCKED_WINDOW_MAX_POS,0.0
1788866308.98929,5962887,91.06,NONE,1.4842,0.9311,0.0,0.0,0.0,0.0,NO_SIGNAL,0.0
1788866310.0410943,5962887,90.01,NONE,1.4908,0.932,0.0,0.0,0.0,0.0,NO_SIGNAL,0.0
1788866311.0923512,5962887,88.96,NONE,1.5015,0.9334,0.0,0.0,0.0,0.0,NO_SIGNAL,0.0
1788866312.1837611,5962887,87.9,NONE,1.5119,0.9347,0.0,0.0,0.0,0.0,NO_SIGNAL,0.0
1788866313.2394392,5962887,86.81,NO,1.5215,0.0641,0.03,0.0,0.0,0.03,BLOCKED_WINDOW_MAX_POS,0.0
1788866314.2963305,5962887,85.76,NO,1.5312,0.0629,0.03,0.0,0.0,0.03,BLOCKED_WINDOW_MAX_POS,0.0
1788866315.382219,5962887,84.69,NO,1.5408,0.0617,0.03,0.0,0.0,0.03,BLOCKED_WINDOW_MAX_POS,0.0
1788866316.4418924,5962887,83.62,NONE,1.7396,0.959,0.0,0.0,0.0,0.0,NO_SIGNAL,0.0
1788866317.5078003,5962887,82.55,NONE,1.9259,0.9729,0.0,0.0,0.0,0.0,NO_SIGNAL,0.0
1788866318.576464,5962887,81.48,NONE,1.9387,0.9737,0.0,0.0,0.0,0.0,NO_SIGNAL,0.0
1788866319.6408868,5962887,80.41,NONE,1.9509,0.9745,0.0,0.0,0.0,0.0,NO_SIGNAL,0.0
1788866320.7208867,5962887,79.33,NONE,1.9611,0.9751,0.0,0.0,0.0,0.0,NO_SIGNAL,0.0
1788866321.7718446,5962887,78.28,NONE,2.0843,0.9814,0.0,0.0,0.0,0.0,NO_SIGNAL,0.0
1788866322.8321187,5962887,77.22,YES,2.1793,0.9853,0.0,0.0,0.0,0.035,BLOCKED_WINDOW_MAX_POS,0.0
1788866323.9492319,5962887,76.16,YES,2.1035,0.9823,0.0,0.0,0.0,0.035,BLOCKED_WINDOW_MAX_POS,0.0
1788866324.996991,5962887,75.05,YES,2.1144,0.9828,0.0,0.0,0.0,0.035,BLOCKED_WINDOW_MAX_POS,0.0
1788866326.0449839,5962887,74.0,YES,2.1228,0.9831,0.0,0.0,0.0,0.035,BLOCKED_WINDOW_MAX_POS,0.0
1788866327.0955815,5962887,72.95,YES,2.1466,0.9841,0.0,0.0,0.0,0.035,BLOCKED_WINDOW_MAX_POS,0.0
1788866328.2474627,5962887,71.9,YES,1.8888,0.9705,0.0,0.0,0.0,0.035,BLOCKED_WINDOW_MAX_POS,0.0
1788866329.3041682,5962887,70.74,YES,1.9061,0.9717,0.0,0.0,0.0,0.035,BLOCKED_WINDOW_MAX_POS,0.0
1788866330.3602927,5962887,69.69,YES,1.883,0.9701,0.0,0.0,0.0,0.035,BLOCKED_WINDOW_MAX_POS,0.0
1788866331.4074783,5962887,68.64,YES,1.8923,0.9708,0.0,0.0,0.0,0.035,BLOCKED_WINDOW_MAX_POS,0.0
1788866332.4575963,5962887,67.59,YES,1.9371,0.9736,0.0,0.0,0.0,0.035,BLOCKED_WINDOW_MAX_POS,0.0
1788866333.5146017,5962887,66.53,YES,2.1262,0.9833,0.0,0.0,0.0,0.035,BLOCKED_WINDOW_MAX_POS,0.0
1788866334.5706825,5962887,65.48,YES,2.1461,0.9841,0.0,0.0,0.0,0.035,BLOCKED_WINDOW_MAX_POS,0.0
1788866335.6355402,5962887,64.42,YES,2.1634,0.9847,0.0,0.0,0.0,0.035,BLOCKED_WINDOW_MAX_POS,0.0
1788866336.68238,5962887,63.36,YES,2.1824,0.9855,0.0,0.0,0.0,0.035,BLOCKED_WINDOW_MAX_POS,0.0
1788866337.7431796,5962887,62.31,YES,2.2005,0.9861,0.0,0.0,0.0,0.035,BLOCKED_WINDOW_MAX_POS,0.0
1788866338.7966416,5962887,61.25,YES,2.2322,0.9872,0.0,0.0,0.0,0.035,BLOCKED_WINDOW_MAX_POS,0.0
1788866339.9135022,5962887,60.19,YES,2.2498,0.9878,0.0,0.0,0.0,0.035,BLOCKED_WINDOW_MAX_POS,0.0
1788866340.963128,5962887,59.09,YES,2.2705,0.9884,0.0,0.0,0.0,0.035,BLOCKED_WINDOW_MAX_POS,0.0
1788866342.0182488,5962887,58.03,YES,2.3548,0.9907,0.0,0.0,0.0,0.035,BLOCKED_WINDOW_MAX_POS,0.0
1788866343.077183,5962887,56.97,YES,2.386,0.9915,0.0,0.0,0.0,0.035,BLOCKED_WINDOW_MAX_POS,0.0
1788866344.138517,5962887,55.91,YES,2.4005,0.9918,0.0,0.0,0.0,0.035,BLOCKED_WINDOW_MAX_POS,0.0
1788866345.197366,5962887,54.85,YES,2.4233,0.9923,0.0,0.0,0.0,0.035,BLOCKED_WINDOW_MAX_POS,0.0
1788866346.2494402,5962887,53.8,YES,2.432,0.9925,0.0,0.0,0.0,0.035,BLOCKED_WINDOW_MAX_POS,0.0
1788866347.3014064,5962887,52.75,YES,2.4489,0.9928,0.0,0.0,0.0,0.035,BLOCKED_WINDOW_MAX_POS,0.0
1788866348.3626618,5962887,51.69,YES,2.4704,0.9933,0.0,0.0,0.0,0.035,BLOCKED_WINDOW_MAX_POS,0.0
1788866349.422171,5962887,50.63,YES,2.5697,0.9949,0.0,0.0,0.0,0.035,BLOCKED_WINDOW_MAX_POS,0.0
1788866350.4739926,5962887,49.58,YES,2.5909,0.9952,0.0,0.0,0.0,0.035,BLOCKED_WINDOW_MAX_POS,0.0
1788866351.5349357,5962887,48.52,YES,2.6186,0.9956,0.0,0.0,0.0,0.035,BLOCKED_WINDOW_MAX_POS,0.0
1788866352.5853407,5962887,47.46,YES,2.7093,0.9966,0.0,0.0,0.0,0.035,BLOCKED_WINDOW_MAX_POS,0.0
1788866353.6450644,5962887,46.4,YES,2.7441,0.997,0.0,0.0,0.0,0.035,BLOCKED_WINDOW_MAX_POS,0.0
1788866354.7017617,5962887,45.35,YES,2.8046,0.9975,0.0,0.0,0.0,0.035,BLOCKED_WINDOW_MAX_POS,0.0
1788866355.8209636,5962887,44.29,YES,2.8373,0.9977,0.0,0.0,0.0,0.035,BLOCKED_WINDOW_MAX_POS,0.0
1788866356.8797436,5962887,43.17,YES,3.4065,0.9997,0.0,0.0,0.0,0.035,BLOCKED_WINDOW_MAX_POS,0.0
1788866357.9273298,5962887,42.12,YES,3.4697,0.9997,0.0,0.0,0.0,0.035,BLOCKED_WINDOW_MAX_POS,0.0
1788866358.9835286,5962887,41.07,YES,3.5413,0.9998,0.0,0.0,0.0,0.035,BLOCKED_WINDOW_MAX_POS,0.0
1788866360.052227,5962887,40.0,YES,3.583,0.9998,0.0,0.0,0.0,0.035,BLOCKED_WINDOW_MAX_POS,0.0
1788866361.117117,5962887,38.93,YES,3.6313,0.9999,0.0,0.0,0.0,0.035,BLOCKED_WINDOW_MAX_POS,0.0
1788866362.180084,5962887,37.87,YES,3.6792,0.9999,0.0,0.0,0.0,0.035,BLOCKED_WINDOW_MAX_POS,0.0
1788866363.2367446,5962887,36.81,YES,3.7319,0.9999,0.0,0.0,0.0,0.035,BLOCKED_WINDOW_MAX_POS,0.0
1788866364.2843587,5962887,35.76,YES,3.8645,0.9999,0.0,0.0,0.0,0.035,BLOCKED_WINDOW_MAX_POS,0.0
1788866365.351466,5962887,34.7,YES,3.9247,1.0,0.0,0.0,0.0,0.035,BLOCKED_WINDOW_MAX_POS,0.0
1788866366.401775,5962887,33.65,YES,3.9838,1.0,0.0,0.0,0.0,0.035,BLOCKED_WINDOW_MAX_POS,0.0
1788866367.4553251,5962887,32.6,YES,4.023,1.0,0.0,0.0,0.0,0.035,BLOCKED_WINDOW_MAX_POS,0.0
1788866368.5193825,5962887,31.53,YES,4.089,1.0,0.0,0.0,0.0,0.035,BLOCKED_WINDOW_MAX_POS,0.0
1788866369.572705,5962887,30.47,YES,4.1574,1.0,0.0,0.0,0.0,0.035,BLOCKED_WINDOW_MAX_POS,0.0
1788866370.6454766,5962887,29.42,YES,4.2292,1.0,0.0,0.0,0.0,0.035,BLOCKED_WINDOW_MAX_POS,0.0
1788866371.7037318,5962887,28.35,YES,3.7685,0.9999,0.0,0.0,0.0,0.035,BLOCKED_WINDOW_MAX_POS,0.0
1788866372.7547383,5962887,27.29,YES,3.3979,0.9997,0.0,0.0,0.0,0.035,BLOCKED_WINDOW_MAX_POS,0.0
1788866373.808372,5962887,26.24,YES,3.4623,0.9997,0.0,0.0,0.0,0.035,BLOCKED_WINDOW_MAX_POS,0.0
1788866374.8642128,5962887,25.18,YES,3.5361,0.9998,0.0,0.0,0.0,0.035,BLOCKED_WINDOW_MAX_POS,0.0
1788866375.9234195,5962887,24.12,YES,3.6115,0.9998,0.0,0.0,0.0,0.035,BLOCKED_WINDOW_MAX_POS,0.0
1788866376.9830475,5962887,23.07,YES,3.6954,0.9999,0.0,0.0,0.0,0.035,BLOCKED_WINDOW_MAX_POS,0.0
1788866378.0385299,5962887,22.01,YES,3.7854,0.9999,0.0,0.0,0.0,0.035,BLOCKED_WINDOW_MAX_POS,0.0
1788866379.0885985,5962887,20.96,YES,3.8818,0.9999,0.0,0.0,0.0,0.035,BLOCKED_WINDOW_MAX_POS,0.0
1788866380.1421645,5962887,19.91,YES,3.9834,1.0,0.0,0.0,0.0,0.035,BLOCKED_WINDOW_MAX_POS,0.0
1788866381.2002099,5962887,18.85,YES,4.0965,1.0,0.0,0.0,0.0,0.035,BLOCKED_WINDOW_MAX_POS,0.0
1788866382.2554522,5962887,17.8,YES,4.2409,1.0,0.0,0.0,0.0,0.035,BLOCKED_WINDOW_MAX_POS,0.0
1788866383.3224425,5962887,16.74,YES,4.3788,1.0,0.0,0.0,0.0,0.035,BLOCKED_WINDOW_MAX_POS,0.0
1788866384.3863156,5962887,15.66,YES,4.531,1.0,0.0,0.0,0.0,0.035,BLOCKED_WINDOW_MAX_POS,0.0
1788866385.4434197,5962887,14.61,YES,4.6949,1.0,0.0,0.0,0.0,0.035,BLOCKED_WINDOW_MAX_POS,0.0
1788866386.504815,5962887,13.55,YES,4.8778,1.0,0.0,0.0,0.0,0.035,BLOCKED_WINDOW_MAX_POS,0.0
1788866387.5625865,5962887,12.49,YES,5.0505,1.0,0.0,0.0,0.0,0.035,BLOCKED_WINDOW_MAX_POS,0.0
1788866388.622882,5962887,11.42,YES,5.285,1.0,0.0,0.0,0.0,0.035,BLOCKED_WINDOW_MAX_POS,0.0
1788866389.6846051,5962887,10.37,YES,5.5538,1.0,0.0,0.0,0.0,0.035,BLOCKED_WINDOW_MAX_POS,0.0
1788866390.74193,5962887,9.31,YES,5.8765,1.0,0.0,0.0,0.0,0.035,BLOCKED_WINDOW_MAX_POS,0.0
1788866391.7929003,5962887,8.25,YES,6.2458,1.0,0.0,0.0,0.0,0.035,BLOCKED_WINDOW_MAX_POS,0.0
1788866392.8593519,5962887,7.2,YES,7.5241,1.0,0.0,0.0,0.0,0.035,BLOCKED_WINDOW_MAX_POS,0.0
1788866393.9273515,5962887,6.12,YES,8.1756,1.0,0.0,0.0,0.0,0.035,BLOCKED_WINDOW_MAX_POS,0.0
1788866394.9840293,5962887,5.07,YES,8.9933,1.0,0.0,0.0,0.0,0.035,BLOCKED_WINDOW_MAX_POS,0.0
1788866396.0400293,5962887,4.01,YES,11.0784,1.0,0.0,0.0,0.0,0.035,BLOCKED_WINDOW_MAX_POS,0.0
1788866397.0937252,5962887,2.95,YES,12.9255,1.0,0.0,0.0,0.0,0.035,BLOCKED_WINDOW_MAX_POS,0.0
1788866398.1507604,5962887,1.9,YES,16.1313,1.0,0.0,0.0,0.0,0.035,BLOCKED_WINDOW_MAX_POS,0.0
1788866399.2046459,5962887,1.0,YES,22.2377,1.0,0.0,0.0,0.0,0.035,BLOCKED_WINDOW_MAX_POS,0.0
1788866400.3322244,5962888,299.79,NONE,-0.0332,0.4867,0.0,0.0,0.0,0.0,BLOCKED_NOISE,0.0
1788866401.3873546,5962888,298.66,NONE,-0.0279,0.4889,0.0,0.0,0.0,0.0,BLOCKED_NOISE,0.0
1788866402.4424613,5962888,297.61,NONE,0.4665,0.6796,0.0,0.0,0.0,0.0,NO_SIGNAL,0.0
1788866403.4951885,5962888,296.55,NONE,0.0588,0.5235,0.0,0.0,0.0,0.0,BLOCKED_NOISE,0.0
1788866404.5476875,5962888,295.5,NONE,0.0261,0.5104,0.0,0.0,0.0,0.0,BLOCKED_NOISE,0.0
1788866405.612206,5962888,294.45,NONE,0.0854,0.534,0.0,0.0,0.0,0.0,BLOCKED_NOISE,0.0
1788866406.6631708,5962888,293.38,NONE,0.079,0.5315,0.0,0.0,0.0,0.0,BLOCKED_NOISE,0.0
1788866407.7190306,5962888,292.33,NONE,0.0784,0.5312,0.0,0.0,0.0,0.0,BLOCKED_NOISE,0.0
1788866408.7768373,5962888,291.28,NONE,0.0778,0.531,0.0,0.0,0.0,0.0,BLOCKED_NOISE,0.0
1788866409.8278956,5962888,290.22,NONE,0.0774,0.5309,0.0,0.0,0.0,0.0,BLOCKED_NOISE,0.0
1788866410.886007,5962888,289.16,NONE,0.1511,0.56,0.0,0.0,0.0,0.0,BLOCKED_NOISE,0.0
1788866411.9607525,5962888,288.1,NONE,0.2282,0.5903,0.0,0.0,0.0,0.0,BLOCKED_NOISE,0.0
1788866413.0117264,5962888,287.03,NONE,0.2228,0.5882,0.0,0.0,0.0,0.0,BLOCKED_NOISE,0.0
1788866414.0872195,5962888,285.99,NONE,0.2308,0.5913,0.0,0.0,0.0,0.0,BLOCKED_NOISE,0.0
1788866415.1450388,5962888,284.91,NONE,0.2304,0.5911,0.0,0.0,0.0,0.0,BLOCKED_NOISE,0.0
1788866416.2479017,5962888,283.85,NONE,0.2901,0.6141,0.0,0.0,0.0,0.0,BLOCKED_NOISE,0.0
1788866417.3117313,5962888,282.75,NONE,0.2923,0.615,0.0,0.0,0.0,0.0,BLOCKED_NOISE,0.0
1788866418.371541,5962888,281.68,NONE,0.2942,0.6157,0.0,0.0,0.0,0.0,BLOCKED_NOISE,0.0
1788866419.4235847,5962888,280.62,NONE,0.296,0.6164,0.0,0.0,0.0,0.0,BLOCKED_NOISE,0.0
1788866420.4757495,5962888,279.57,NONE,0.2468,0.5975,0.0,0.0,0.0,0.0,BLOCKED_NOISE,0.0
1788866421.5251446,5962888,278.52,NONE,0.2354,0.593,0.0,0.0,0.0,0.0,BLOCKED_NOISE,0.0
1788866422.5789135,5962888,277.47,NONE,0.2232,0.5883,0.0,0.0,0.0,0.0,BLOCKED_NOISE,0.0
1788866423.6251364,5962888,276.42,NONE,0.2241,0.5886,0.0,0.0,0.0,0.0,BLOCKED_NOISE,0.0
1788866424.6868916,5962888,275.37,NONE,0.0953,0.5379,0.0,0.0,0.0,0.0,BLOCKED_NOISE,0.0
1788866425.7416797,5962888,274.31,NONE,0.0007,0.5003,0.0,0.0,0.0,0.0,BLOCKED_NOISE,0.0
1788866426.7993238,5962888,273.25,NONE,-0.007,0.4972,0.0,0.0,0.0,0.0,BLOCKED_NOISE,0.0
1788866427.8495688,5962888,272.2,NONE,-0.0074,0.4971,0.0,0.0,0.0,0.0,BLOCKED_NOISE,0.0
1788866428.9143364,5962888,271.14,NONE,-0.0072,0.4971,0.0,0.0,0.0,0.0,BLOCKED_NOISE,0.0
1788866429.969531,5962888,270.08,NONE,-0.0073,0.4971,0.0,0.0,0.0,0.0,BLOCKED_NOISE,0.0
1788866431.0295253,5962888,269.02,NONE,-0.0078,0.4969,0.0,0.0,0.0,0.0,BLOCKED_NOISE,0.0
1788866432.1286726,5962888,267.97,NONE,-0.0016,0.4993,0.0,0.0,0.0,0.0,BLOCKED_NOISE,0.0
1788866433.185765,5962888,266.86,NONE,-0.0711,0.4716,0.0,0.0,0.0,0.0,BLOCKED_NOISE,0.0
1788866434.2422872,5962888,265.81,NONE,-0.0086,0.4966,0.0,0.0,0.0,0.0,BLOCKED_NOISE,0.0
1788866435.2907038,5962888,264.76,NONE,0.0777,0.531,0.0,0.0,0.0,0.0,BLOCKED_NOISE,0.0
1788866436.3443093,5962888,263.7,NONE,0.137,0.5545,0.0,0.0,0.0,0.0,BLOCKED_NOISE,0.0
1788866437.4053311,5962888,262.65,NONE,0.1922,0.5762,0.0,0.0,0.0,0.0,BLOCKED_NOISE,0.0
1788866438.4584417,5962888,261.59,NO,0.4006,0.3444,0.26,0.01,0.0844,0.03,EXECUTED,13.31
1788866439.532724,5962888,260.53,NO,0.406,0.3424,0.26,0.0,0.0,0.03,BLOCKED_WINDOW_MAX_POS,0.0
1788866440.5920184,5962888,259.46,NO,0.4228,0.3362,0.26,0.0,0.0,0.03,BLOCKED_WINDOW_MAX_POS,0.0
1788866441.647038,5962888,258.4,NO,0.4211,0.3368,0.26,0.0,0.0,0.03,BLOCKED_WINDOW_MAX_POS,0.0
1788866442.7022564,5962888,257.35,NO,0.4135,0.3396,0.26,0.0,0.0,0.03,BLOCKED_WINDOW_MAX_POS,0.0
1788866443.750411,5962888,256.3,NO,0.4126,0.3399,0.26,0.0,0.0,0.03,BLOCKED_WINDOW_MAX_POS,0.0
1788866444.8056488,5962888,255.25,NO,0.4126,0.34,0.26,0.0,0.0,0.03,BLOCKED_WINDOW_MAX_POS,0.0
1788866445.8640556,5962888,254.19,NO,0.4064,0.3422,0.26,0.0,0.0,0.03,BLOCKED_WINDOW_MAX_POS,0.0
1788866446.9165165,5962888,253.13,NO,0.4141,0.3394,0.26,0.0,0.0,0.03,BLOCKED_WINDOW_MAX_POS,0.0
1788866448.0428522,5962888,252.08,NO,0.4161,0.3387,0.26,0.0,0.0,0.03,BLOCKED_WINDOW_MAX_POS,0.0
1788866449.1065612,5962888,250.95,NO,0.3973,0.3456,0.26,0.0,0.0,0.03,BLOCKED_WINDOW_MAX_POS,0.0
1788866450.1686199,5962888,249.89,NO,0.3906,0.348,0.26,0.0,0.0,0.03,BLOCKED_WINDOW_MAX_POS,0.0
1788866451.2162383,5962888,248.83,NO,0.3914,0.3478,0.26,0.0,0.0,0.03,BLOCKED_WINDOW_MAX_POS,0.0
1788866452.2714398,5962888,247.78,NO,0.4099,0.341,0.26,0.0,0.0,0.03,BLOCKED_WINDOW_MAX_POS,0.0
1788866453.342042,5962888,246.73,NO,0.4118,0.3402,0.26,0.0,0.0,0.03,BLOCKED_WINDOW_MAX_POS,0.0
1788866454.4053445,5962888,245.66,NO,0.4151,0.339,0.26,0.0,0.0,0.03,BLOCKED_WINDOW_MAX_POS,0.0
1788866455.4624274,5962888,244.58,NO,0.4793,0.3159,0.25,0.0,0.0,0.03,BLOCKED_WINDOW_MAX_POS,0.0
1788866456.5231717,5962888,243.53,NO,0.4786,0.3161,0.25,0.0,0.0,0.03,BLOCKED_WINDOW_MAX_POS,0.0
1788866457.5798888,5962888,242.47,NO,0.4812,0.3152,0.25,0.0,0.0,0.03,BLOCKED_WINDOW_MAX_POS,0.0
1788866458.636985,5962888,241.41,NO,0.4842,0.3141,0.25,0.0,0.0,0.03,BLOCKED_WINDOW_MAX_POS,0.0
1788866459.6880007,5962888,240.36,NO,0.4858,0.3136,0.25,0.0,0.0,0.03,BLOCKED_WINDOW_MAX_POS,0.0
1788866460.7664962,5962888,239.3,NO,0.4876,0.3129,0.26,0.0,0.0,0.03,BLOCKED_WINDOW_MAX_POS,0.0
1788866461.8253593,5962888,238.22,NO,0.4896,0.3122,0.26,0.0,0.0,0.03,BLOCKED_WINDOW_MAX_POS,0.0
1788866462.8885784,5962888,237.16,NO,0.4938,0.3107,0.26,0.0,0.0,0.03,BLOCKED_WINDOW_MAX_POS,0.0
1788866464.0140932,5962888,236.1,NO,0.4978,0.3093,0.26,0.0,0.0,0.03,BLOCKED_WINDOW_MAX_POS,0.0
1788866465.0716696,5962888,234.98,NO,0.5058,0.3065,0.24,0.0,0.0,0.03,BLOCKED_WINDOW_MAX_POS,0.0
1788866466.122813,5962888,233.93,NO,0.5052,0.3067,0.22,0.0,0.0,0.03,BLOCKED_WINDOW_MAX_POS,0.0
1788866467.2441196,5962888,232.88,NO,0.5072,0.306,0.22,0.0,0.0,0.03,BLOCKED_WINDOW_MAX_POS,0.0
1788866468.2956064,5962888,231.76,NO,0.5134,0.3038,0.22,0.0,0.0,0.03,BLOCKED_WINDOW_MAX_POS,0.0
1788866469.3461502,5962888,230.7,NO,0.5102,0.305,0.22,0.0,0.0,0.03,BLOCKED_WINDOW_MAX_POS,0.0
1788866470.3972511,5962888,229.65,NO,0.502,0.3078,0.22,0.0,0.0,0.03,BLOCKED_WINDOW_MAX_POS,0.0
1788866471.4589732,5962888,228.59,NO,0.5038,0.3072,0.22,0.0,0.0,0.03,BLOCKED_WINDOW_MAX_POS,0.0
1788866472.521705,5962888,227.53,NO,0.5903,0.2775,0.2,0.0,0.0,0.03,BLOCKED_WINDOW_MAX_POS,0.0
1788866473.5782604,5962888,226.47,NO,0.622,0.267,0.18,0.0,0.0,0.03,BLOCKED_WINDOW_MAX_POS,0.0
1788866474.6329606,5962888,225.42,NO,0.6241,0.2663,0.18,0.0,0.0,0.03,BLOCKED_WINDOW_MAX_POS,0.0
1788866475.6882935,5962888,224.36,NO,0.6272,0.2653,0.18,0.0,0.0,0.03,BLOCKED_WINDOW_MAX_POS,0.0
1788866476.749334,5962888,223.31,NO,0.6657,0.2528,0.18,0.0,0.0,0.03,BLOCKED_WINDOW_MAX_POS,0.0
1788866477.8107975,5962888,222.24,NO,0.6672,0.2523,0.19,0.0,0.0,0.03,BLOCKED_WINDOW_MAX_POS,0.0
1788866478.8677328,5962888,221.18,NO,0.6696,0.2515,0.18,0.0,0.0,0.03,BLOCKED_WINDOW_MAX_POS,0.0
1788866479.9680843,5962888,220.12,NO,0.6713,0.251,0.18,0.0,0.0,0.03,BLOCKED_WINDOW_MAX_POS,0.0
1788866481.01549,5962888,219.03,NO,0.6743,0.2501,0.18,0.0,0.0,0.03,BLOCKED_WINDOW_MAX_POS,0.0
1788866482.0795364,5962888,217.97,NO,0.6759,0.2496,0.18,0.0,0.0,0.03,BLOCKED_WINDOW_MAX_POS,0.0
1788866483.1406357,5962888,216.91,NO,0.7037,0.2408,0.16,0.0,0.0,0.03,BLOCKED_WINDOW_MAX_POS,0.0
1788866484.1999888,5962888,215.85,NO,0.705,0.2404,0.16,0.0,0.0,0.03,BLOCKED_WINDOW_MAX_POS,0.0
1788866485.2546303,5962888,214.79,NO,0.7062,0.24,0.16,0.0,0.0,0.03,BLOCKED_WINDOW_MAX_POS,0.0
1788866486.3101916,5962888,213.74,NO,0.7039,0.2408,0.16,0.0,0.0,0.03,BLOCKED_WINDOW_MAX_POS,0.0
1788866487.361474,5962888,212.69,NO,0.6925,0.2443,0.16,0.0,0.0,0.03,BLOCKED_WINDOW_MAX_POS,0.0
1788866488.4088712,5962888,211.64,NO,0.7944,0.2135,0.15,0.0,0.0,0.03,BLOCKED_WINDOW_MAX_POS,0.0
1788866489.4609027,5962888,210.59,NO,0.6586,0.2551,0.19,0.0,0.0,0.03,BLOCKED_WINDOW_MAX_POS,0.0
1788866490.5214381,5962888,209.53,NO,0.6525,0.257,0.19,0.0,0.0,0.03,BLOCKED_WINDOW_MAX_POS,0.0
1788866491.5740275,5962888,208.47,NO,0.6554,0.2561,0.19,0.0,0.0,0.03,BLOCKED_WINDOW_MAX_POS,0.0
1788866492.6247861,5962888,207.42,NO,0.6569,0.2556,0.19,0.0,0.0,0.03,BLOCKED_WINDOW_MAX_POS,0.0
1788866493.6908672,5962888,206.36,NONE,0.6566,0.7443,0.0,0.0,0.0,0.0,NO_SIGNAL,0.0
1788866494.7423673,5962888,205.31,NONE,0.1195,0.5475,0.0,0.0,0.0,0.0,BLOCKED_NOISE,0.0
1788866495.8532917,5962888,204.24,NONE,0.1104,0.544,0.0,0.0,0.0,0.0,BLOCKED_NOISE,0.0
1788866496.9149208,5962888,203.13,NONE,0.1107,0.5441,0.0,0.0,0.0,0.0,BLOCKED_NOISE,0.0
1788866497.9678125,5962888,202.08,NONE,0.0574,0.5229,0.0,0.0,0.0,0.0,BLOCKED_NOISE,0.0
1788866499.0218923,5962888,201.03,NONE,0.0127,0.5051,0.0,0.0,0.0,0.0,BLOCKED_NOISE,0.0
1788866500.0772283,5962888,199.97,NONE,0.0104,0.5041,0.0,0.0,0.0,0.0,BLOCKED_NOISE,0.0
1788866501.1244397,5962888,198.92,NONE,0.017,0.5068,0.0,0.0,0.0,0.0,BLOCKED_NOISE,0.0
1788866502.1806533,5962888,197.87,NONE,0.0177,0.5071,0.0,0.0,0.0,0.0,BLOCKED_NOISE,0.0
1788866503.234636,5962888,196.81,NONE,0.0025,0.501,0.0,0.0,0.0,0.0,BLOCKED_NOISE,0.0
1788866504.2935872,5962888,195.76,NONE,-0.0333,0.4867,0.0,0.0,0.0,0.0,BLOCKED_NOISE,0.0
1788866505.350723,5962888,194.7,NONE,-0.2588,0.3979,0.0,0.0,0.0,0.0,BLOCKED_NOISE,0.0
1788866506.4111786,5962888,193.64,NONE,-0.2634,0.3961,0.0,0.0,0.0,0.0,BLOCKED_NOISE,0.0
1788866507.4689178,5962888,192.58,NONE,-0.2688,0.3941,0.0,0.0,0.0,0.0,BLOCKED_NOISE,0.0
1788866508.5247457,5962888,191.53,NONE,-0.2673,0.3946,0.0,0.0,0.0,0.0,BLOCKED_NOISE,0.0
1788866509.5888634,5962888,190.46,NONE,-0.2678,0.3944,0.0,0.0,0.0,0.0,BLOCKED_NOISE,0.0
1788866510.6568816,5962888,189.39,NONE,-0.268,0.3943,0.0,0.0,0.0,0.0,BLOCKED_NOISE,0.0
1788866511.7495716,5962888,188.34,NONE,-0.2685,0.3942,0.0,0.0,0.0,0.0,BLOCKED_NOISE,0.0
1788866512.8005242,5962888,187.25,NONE,-0.269,0.394,0.0,0.0,0.0,0.0,BLOCKED_NOISE,0.0
1788866513.8564718,5962888,186.19,NONE,-0.2688,0.394,0.0,0.0,0.0,0.0,BLOCKED_NOISE,0.0
1788866514.9055703,5962888,185.14,NONE,-0.2694,0.3938,0.0,0.0,0.0,0.0,BLOCKED_NOISE,0.0
1788866515.9561083,5962888,184.09,NONE,-0.2445,0.4034,0.0,0.0,0.0,0.0,BLOCKED_NOISE,0.0
1788866517.0112255,5962888,183.04,NONE,-0.2412,0.4047,0.0,0.0,0.0,0.0,BLOCKED_NOISE,0.0
1788866518.0715659,5962888,181.98,NONE,-0.2417,0.4045,0.0,0.0,0.0,0.0,BLOCKED_NOISE,0.0
1788866519.1233768,5962888,180.92,NONE,-0.269,0.394,0.0,0.0,0.0,0.0,BLOCKED_NOISE,0.0
1788866520.182278,5962888,179.87,NONE,-0.2316,0.4084,0.0,0.0,0.0,0.0,BLOCKED_NOISE,0.0
1788866521.2322893,5962888,178.82,NONE,-0.2321,0.4082,0.0,0.0,0.0,0.0,BLOCKED_NOISE,0.0
1788866522.2900252,5962888,177.76,NONE,-0.2328,0.408,0.0,0.0,0.0,0.0,BLOCKED_NOISE,0.0
1788866523.353394,5962888,176.7,NONE,-0.2332,0.4078,0.0,0.0,0.0,0.0,BLOCKED_NOISE,0.0
1788866524.4074128,5962888,175.65,NONE,-0.1752,0.4305,0.0,0.0,0.0,0.0,BLOCKED_NOISE,0.0
1788866525.4679902,5962888,174.58,NONE,-0.1761,0.4301,0.0,0.0,0.0,0.0,BLOCKED_NOISE,0.0
1788866526.5278668,5962888,173.53,NONE,-0.185,0.4266,0.0,0.0,0.0,0.0,BLOCKED_NOISE,0.0
1788866527.6562622,5962888,172.46,NONE,0.0835,0.5333,0.0,0.0,0.0,0.0,BLOCKED_NOISE,0.0
1788866528.7192264,5962888,171.34,NONE,0.1101,0.5438,0.0,0.0,0.0,0.0,BLOCKED_NOISE,0.0
1788866529.7662237,5962888,170.28,NONE,0.1105,0.544,0.0,0.0,0.0,0.0,BLOCKED_NOISE,0.0
1788866530.8156164,5962888,169.23,NONE,0.1089,0.5433,0.0,0.0,0.0,0.0,BLOCKED_NOISE,0.0
1788866531.8728547,5962888,168.18,NONE,0.1531,0.5608,0.0,0.0,0.0,0.0,BLOCKED_NOISE,0.0
1788866532.9263306,5962888,167.12,NO,0.4204,0.3371,0.21,0.0,0.0,0.03,BLOCKED_WINDOW_MAX_POS,0.0
1788866533.9809031,5962888,166.07,NO,0.6346,0.2628,0.17,0.0,0.0,0.03,BLOCKED_WINDOW_MAX_POS,0.0
1788866535.038344,5962888,165.02,NO,0.7629,0.2227,0.15,0.0,0.0,0.03,BLOCKED_WINDOW_MAX_POS,0.0
1788866536.0864332,5962888,163.96,NONE,1.0551,0.8543,0.0,0.0,0.0,0.0,NO_SIGNAL,0.0
1788866537.143265,5962888,162.91,NONE,1.0937,0.863,0.0,0.0,0.0,0.0,NO_SIGNAL,0.0
1788866538.2015984,5962888,161.85,NONE,1.0378,0.8503,0.0,0.0,0.0,0.0,NO_SIGNAL,0.0
1788866539.2704291,5962888,160.79,NONE,1.0294,0.8484,0.0,0.0,0.0,0.0,NO_SIGNAL,0.0
1788866540.3301685,5962888,159.72,NONE,1.0226,0.8468,0.0,0.0,0.0,0.0,NO_SIGNAL,0.0
1788866541.3771198,5962888,158.67,NONE,1.0138,0.8447,0.0,0.0,0.0,0.0,NO_SIGNAL,0.0
1788866542.440879,5962888,157.61,NO,0.9934,0.1603,0.13,0.0,0.0,0.03,BLOCKED_WINDOW_MAX_POS,0.0
1788866543.545934,5962888,156.55,NO,0.9716,0.1656,0.13,0.0,0.0,0.03,BLOCKED_WINDOW_MAX_POS,0.0
1788866544.6128554,5962888,155.44,NO,0.9659,0.167,0.13,0.0,0.0,0.03,BLOCKED_WINDOW_MAX_POS,0.0
1788866545.6640081,5962888,154.38,NO,0.9585,0.1689,0.13,0.0,0.0,0.03,BLOCKED_WINDOW_MAX_POS,0.0
1788866546.717081,5962888,153.33,NO,0.9313,0.1759,0.13,0.0,0.0,0.03,BLOCKED_WINDOW_MAX_POS,0.0
1788866547.766871,5962888,152.28,NO,0.9285,0.1766,0.13,0.0,0.0,0.03,BLOCKED_WINDOW_MAX_POS,0.0
1788866548.8206303,5962888,151.23,NO,0.9298,0.1762,0.12,0.0,0.0,0.03,BLOCKED_WINDOW_MAX_POS,0.0
1788866549.8729851,5962888,150.18,NO,0.9319,0.1757,0.12,0.0,0.0,0.03,BLOCKED_WINDOW_MAX_POS,0.0
1788866550.923249,5962888,149.12,NO,0.9318,0.1757,0.12,0.0,0.0,0.03,BLOCKED_WINDOW_MAX_POS,0.0
1788866551.9757638,5962888,148.07,NO,0.9342,0.1751,0.11,0.0,0.0,0.03,BLOCKED_WINDOW_MAX_POS,0.0
1788866553.029187,5962888,147.02,NO,0.9367,0.1745,0.11,0.0,0.0,0.03,BLOCKED_WINDOW_MAX_POS,0.0
1788866554.0833325,5962888,145.97,NO,0.9581,0.169,0.11,0.0,0.0,0.03,BLOCKED_WINDOW_MAX_POS,0.0
1788866555.1335244,5962888,144.91,NO,0.9942,0.1601,0.1,0.0,0.0,0.03,BLOCKED_WINDOW_MAX_POS,0.0
1788866556.207979,5962888,143.86,NO,0.9975,0.1593,0.1,0.0,0.0,0.03,BLOCKED_WINDOW_MAX_POS,0.0
1788866557.2701166,5962888,142.78,NO,1.0199,0.1539,0.1,0.0,0.0,0.03,BLOCKED_WINDOW_MAX_POS,0.0
1788866558.3194664,5962888,141.73,NO,1.0334,0.1507,0.09,0.0,0.0,0.03,BLOCKED_WINDOW_MAX_POS,0.0
1788866559.4250646,5962888,140.67,NO,1.047,0.1476,0.1,0.0,0.0,0.03,BLOCKED_WINDOW_MAX_POS,0.0
1788866560.4767954,5962888,139.57,NO,1.058,0.145,0.09,0.0,0.0,0.03,BLOCKED_WINDOW_MAX_POS,0.0
1788866561.5413258,5962888,138.51,NO,1.068,0.1428,0.07,0.0,0.0,0.03,BLOCKED_WINDOW_MAX_POS,0.0
1788866562.5932045,5962888,137.45,NO,1.0654,0.1433,0.07,0.0,0.0,0.03,BLOCKED_WINDOW_MAX_POS,0.0
1788866563.653594,5962888,136.4,NO,1.0739,0.1414,0.07,0.0,0.0,0.03,BLOCKED_WINDOW_MAX_POS,0.0
1788866564.707055,5962888,135.34,NO,1.3449,0.0893,0.05,0.0,0.0,0.03,BLOCKED_WINDOW_MAX_POS,0.0
1788866565.754158,5962888,134.29,NO,1.3709,0.0852,0.05,0.0,0.0,0.03,BLOCKED_WINDOW_MAX_POS,0.0
1788866566.8074322,5962888,133.24,NO,1.38,0.0838,0.05,0.0,0.0,0.03,BLOCKED_WINDOW_MAX_POS,0.0
1788866589.728809,5962888,110.7,NO,0.8558,0.196,0.02,0.01,0.176,0.03,EXECUTED,19.22
1788866590.7788708,5962888,109.26,NO,0.9352,0.1748,0.02,0.0,0.0,0.03,BLOCKED_WINDOW_MAX_POS,0.0
1788866591.8396647,5962888,108.21,NO,0.9458,0.1721,0.02,0.0,0.0,0.03,BLOCKED_WINDOW_MAX_POS,0.0
1788866592.8900795,5962888,107.15,NO,0.9498,0.1711,0.02,0.0,0.0,0.03,BLOCKED_WINDOW_MAX_POS,0.0
1788866593.945151,5962888,106.1,NO,0.9538,0.1701,0.02,0.0,0.0,0.03,BLOCKED_WINDOW_MAX_POS,0.0
1788866594.9971614,5962888,105.05,NO,0.9713,0.1657,0.02,0.0,0.0,0.03,BLOCKED_WINDOW_MAX_POS,0.0
1788866596.0490184,5962888,104.0,NO,0.9767,0.1643,0.02,0.0,0.0,0.03,BLOCKED_WINDOW_MAX_POS,0.0
1788866597.1055064,5962888,102.94,YES,0.9811,0.8367,0.0,0.0,0.0,0.035,BLOCKED_WINDOW_MAX_POS,0.0
1788866598.1732845,5962888,101.89,YES,1.1357,0.872,0.0,0.0,0.0,0.035,BLOCKED_WINDOW_MAX_POS,0.0
1788866599.2278628,5962888,100.82,YES,1.141,0.8731,0.0,0.0,0.0,0.035,BLOCKED_WINDOW_MAX_POS,0.0
1788866600.2791865,5962888,99.76,YES,1.29,0.9015,0.0,0.0,0.0,0.035,BLOCKED_WINDOW_MAX_POS,0.0
1788866601.3332977,5962888,98.71,YES,1.3511,0.9117,0.0,0.0,0.0,0.035,BLOCKED_WINDOW_MAX_POS,0.0
1788866602.400362,5962888,97.66,YES,1.4233,0.9227,0.0,0.0,0.0,0.035,BLOCKED_WINDOW_MAX_POS,0.0
1788866603.4455464,5962888,96.6,YES,1.494,0.9324,0.0,0.0,0.0,0.035,BLOCKED_WINDOW_MAX_POS,0.0
1788866604.499374,5962888,95.55,YES,1.5609,0.9407,0.0,0.0,0.0,0.035,BLOCKED_WINDOW_MAX_POS,0.0
1788866605.5620134,5962888,94.49,YES,1.6216,0.9476,0.0,0.0,0.0,0.035,BLOCKED_WINDOW_MAX_POS,0.0
1788866606.6218557,5962888,93.42,YES,1.6805,0.9536,0.0,0.0,0.0,0.035,BLOCKED_WINDOW_MAX_POS,0.0
1788866607.6716442,5962888,92.38,YES,1.735,0.9586,0.0,0.0,0.0,0.035,BLOCKED_WINDOW_MAX_POS,0.0
1788866608.7276146,5962888,91.32,YES,1.7844,0.9628,0.0,0.0,0.0,0.035,BLOCKED_WINDOW_MAX_POS,0.0
1788866609.7806532,5962888,90.27,YES,1.8309,0.9664,0.0,0.0,0.0,0.035,BLOCKED_WINDOW_MAX_POS,0.0
1788866610.8291771,5962888,89.22,YES,1.8737,0.9695,0.0,0.0,0.0,0.035,BLOCKED_WINDOW_MAX_POS,0.0
1788866611.88711,5962888,88.16,YES,1.9134,0.9721,0.0,0.0,0.0,0.035,BLOCKED_WINDOW_MAX_POS,0.0
1788866612.9364195,5962888,87.11,YES,1.9498,0.9744,0.0,0.0,0.0,0.035,BLOCKED_WINDOW_MAX_POS,0.0
1788866613.9854362,5962888,86.06,YES,1.9834,0.9763,0.0,0.0,0.0,0.035,BLOCKED_WINDOW_MAX_POS,0.0
1788866615.0443637,5962888,85.01,YES,2.0146,0.978,0.0,0.0,0.0,0.035,BLOCKED_WINDOW_MAX_POS,0.0
1788866616.1032388,5962888,83.94,YES,2.0437,0.9795,0.0,0.0,0.0,0.035,BLOCKED_WINDOW_MAX_POS,0.0
1788866617.1494553,5962888,82.89,YES,2.0835,0.9814,0.0,0.0,0.0,0.035,BLOCKED_WINDOW_MAX_POS,0.0
1788866618.2229462,5962888,81.84,YES,2.0962,0.982,0.0,0.0,0.0,0.035,BLOCKED_WINDOW_MAX_POS,0.0
1788866619.2750916,5962888,80.77,YES,2.1302,0.9834,0.0,0.0,0.0,0.035,BLOCKED_WINDOW_MAX_POS,0.0
1788866620.325369,5962888,79.72,YES,2.1114,0.9826,0.0,0.0,0.0,0.035,BLOCKED_WINDOW_MAX_POS,0.0
1788866621.3787875,5962888,78.67,YES,2.0907,0.9817,0.0,0.0,0.0,0.035,BLOCKED_WINDOW_MAX_POS,0.0
1788866622.4300275,5962888,77.62,YES,2.1043,0.9823,0.0,0.0,0.0,0.035,BLOCKED_WINDOW_MAX_POS,0.0
1788866623.4760976,5962888,76.57,YES,2.1178,0.9829,0.0,0.0,0.0,0.035,BLOCKED_WINDOW_MAX_POS,0.0
1788866624.5208328,5962888,75.52,YES,2.1369,0.9837,0.0,0.0,0.0,0.035,BLOCKED_WINDOW_MAX_POS,0.0
1788866625.566341,5962888,74.48,YES,2.104,0.9823,0.0,0.0,0.0,0.035,BLOCKED_WINDOW_MAX_POS,0.0
1788866626.618739,5962888,73.43,YES,2.1226,0.9831,0.0,0.0,0.0,0.035,BLOCKED_WINDOW_MAX_POS,0.0
1788866627.6659157,5962888,72.38,YES,2.1417,0.9839,0.0,0.0,0.0,0.035,BLOCKED_WINDOW_MAX_POS,0.0
1788866628.7150307,5962888,71.33,YES,2.1455,0.984,0.0,0.0,0.0,0.035,BLOCKED_WINDOW_MAX_POS,0.0
1788866629.7644951,5962888,70.28,YES,2.1652,0.9848,0.0,0.0,0.0,0.035,BLOCKED_WINDOW_MAX_POS,0.0
1788866630.8112676,5962888,69.23,YES,2.3821,0.9914,0.0,0.0,0.0,0.035,BLOCKED_WINDOW_MAX_POS,0.0
1788866631.8642406,5962888,68.18,YES,2.4101,0.992,0.0,0.0,0.0,0.035,BLOCKED_WINDOW_MAX_POS,0.0
1788866632.916662,5962888,67.13,YES,2.4316,0.9925,0.0,0.0,0.0,0.035,BLOCKED_WINDOW_MAX_POS,0.0
1788866633.968357,5962888,66.08,YES,2.4512,0.9929,0.0,0.0,0.0,0.035,BLOCKED_WINDOW_MAX_POS,0.0
1788866635.0252166,5962888,65.02,YES,2.4825,0.9935,0.0,0.0,0.0,0.035,BLOCKED_WINDOW_MAX_POS,0.0
1788866636.0803752,5962888,63.97,YES,2.1111,0.9826,0.0,0.0,0.0,0.035,BLOCKED_WINDOW_MAX_POS,0.0
1788866637.138196,5962888,62.92,YES,2.5008,0.9938,0.0,0.0,0.0,0.035,BLOCKED_WINDOW_MAX_POS,0.0
1788866638.19468,5962888,61.85,YES,2.5546,0.9947,0.0,0.0,0.0,0.035,BLOCKED_WINDOW_MAX_POS,0.0
1788866639.249651,5962888,60.8,YES,2.641,0.9959,0.0,0.0,0.0,0.035,BLOCKED_WINDOW_MAX_POS,0.0
1788866640.3000655,5962888,59.75,YES,2.5986,0.9953,0.0,0.0,0.0,0.035,BLOCKED_WINDOW_MAX_POS,0.0
1788866641.3527243,5962888,58.69,YES,2.6157,0.9955,0.0,0.0,0.0,0.035,BLOCKED_WINDOW_MAX_POS,0.0
1788866642.4084208,5962888,57.64,YES,2.6394,0.9958,0.0,0.0,0.0,0.035,BLOCKED_WINDOW_MAX_POS,0.0
1788866643.459654,5962888,56.59,YES,2.6637,0.9961,0.0,0.0,0.0,0.035,BLOCKED_WINDOW_MAX_POS,0.0
1788866644.5086854,5962888,55.53,YES,2.6885,0.9964,0.0,0.0,0.0,0.035,BLOCKED_WINDOW_MAX_POS,0.0
1788866645.632317,5962888,54.48,YES,2.714,0.9967,0.0,0.0,0.0,0.035,BLOCKED_WINDOW_MAX_POS,0.0
1788866646.6796558,5962888,53.37,YES,2.7505,0.997,0.0,0.0,0.0,0.035,BLOCKED_WINDOW_MAX_POS,0.0
1788866647.7278016,5962888,52.31,YES,2.7599,0.9971,0.0,0.0,0.0,0.035,BLOCKED_WINDOW_MAX_POS,0.0
1788866648.7808752,5962888,51.27,YES,2.7861,0.9973,0.0,0.0,0.0,0.035,BLOCKED_WINDOW_MAX_POS,0.0
1788866649.8388438,5962888,50.21,YES,2.8116,0.9975,0.0,0.0,0.0,0.035,BLOCKED_WINDOW_MAX_POS,0.0
1788866650.8954968,5962888,49.15,YES,2.8444,0.9978,0.0,0.0,0.0,0.035,BLOCKED_WINDOW_MAX_POS,0.0
1788866651.9536932,5962888,48.1,YES,2.875,0.998,0.0,0.0,0.0,0.035,BLOCKED_WINDOW_MAX_POS,0.0
1788866653.0005934,5962888,47.05,YES,2.9067,0.9982,0.0,0.0,0.0,0.035,BLOCKED_WINDOW_MAX_POS,0.0
1788866654.0529804,5962888,45.99,YES,2.9393,0.9984,0.0,0.0,0.0,0.035,BLOCKED_WINDOW_MAX_POS,0.0
1788866655.1022172,5962888,44.94,YES,2.9733,0.9985,0.0,0.0,0.0,0.035,BLOCKED_WINDOW_MAX_POS,0.0
1788866656.149258,5962888,43.9,YES,3.0106,0.9987,0.0,0.0,0.0,0.035,BLOCKED_WINDOW_MAX_POS,0.0
1788866657.202829,5962888,42.84,YES,3.0469,0.9988,0.0,0.0,0.0,0.035,BLOCKED_WINDOW_MAX_POS,0.0
1788866658.2902324,5962888,41.76,YES,3.0858,0.999,0.0,0.0,0.0,0.035,BLOCKED_WINDOW_MAX_POS,0.0
1788866659.341628,5962888,40.71,YES,3.125,0.9991,0.0,0.0,0.0,0.035,BLOCKED_WINDOW_MAX_POS,0.0
1788866660.4347825,5962888,39.65,YES,3.1477,0.9992,0.0,0.0,0.0,0.035,BLOCKED_WINDOW_MAX_POS,0.0
1788866661.490318,5962888,38.56,YES,3.1912,0.9993,0.0,0.0,0.0,0.035,BLOCKED_WINDOW_MAX_POS,0.0
1788866662.5473113,5962888,37.5,YES,3.2359,0.9994,0.0,0.0,0.0,0.035,BLOCKED_WINDOW_MAX_POS,0.0
1788866663.6036277,5962888,36.44,YES,3.2818,0.9995,0.0,0.0,0.0,0.035,BLOCKED_WINDOW_MAX_POS,0.0
1788866664.6663444,5962888,35.38,YES,3.3302,0.9996,0.0,0.0,0.0,0.035,BLOCKED_WINDOW_MAX_POS,0.0
1788866665.715448,5962888,34.33,YES,3.347,0.9996,0.0,0.0,0.0,0.035,BLOCKED_WINDOW_MAX_POS,0.0
1788866666.7713346,5962888,33.28,YES,3.4546,0.9997,0.0,0.0,0.0,0.035,BLOCKED_WINDOW_MAX_POS,0.0
1788866667.8205914,5962888,32.22,YES,3.4156,0.9997,0.0,0.0,0.0,0.035,BLOCKED_WINDOW_MAX_POS,0.0
1788866668.8710175,5962888,31.18,YES,3.4804,0.9997,0.0,0.0,0.0,0.035,BLOCKED_WINDOW_MAX_POS,0.0
1788866669.9327831,5962888,30.11,YES,3.5291,0.9998,0.0,0.0,0.0,0.035,BLOCKED_WINDOW_MAX_POS,0.0
1788866670.9851763,5962888,29.06,YES,3.5933,0.9998,0.0,0.0,0.0,0.035,BLOCKED_WINDOW_MAX_POS,0.0
1788866672.0362198,5962888,28.01,YES,3.6777,0.9999,0.0,0.0,0.0,0.035,BLOCKED_WINDOW_MAX_POS,0.0
1788866673.0957382,5962888,26.95,YES,3.7455,0.9999,0.0,0.0,0.0,0.035,BLOCKED_WINDOW_MAX_POS,0.0
1788866674.1590576,5962888,25.89,YES,2.8533,0.9978,0.0,0.0,0.0,0.035,BLOCKED_WINDOW_MAX_POS,0.0
1788866675.2132864,5962888,24.83,YES,2.9169,0.9982,0.0,0.0,0.0,0.035,BLOCKED_WINDOW_MAX_POS,0.0
1788866676.270349,5962888,23.77,YES,2.9846,0.9986,0.0,0.0,0.0,0.035,BLOCKED_WINDOW_MAX_POS,0.0
1788866677.3195512,5962888,22.73,YES,3.0526,0.9989,0.0,0.0,0.0,0.035,BLOCKED_WINDOW_MAX_POS,0.0
1788866678.3797166,5962888,21.68,YES,3.1291,0.9991,0.0,0.0,0.0,0.035,BLOCKED_WINDOW_MAX_POS,0.0
1788866679.439736,5962888,20.61,YES,3.2132,0.9993,0.0,0.0,0.0,0.035,BLOCKED_WINDOW_MAX_POS,0.0
1788866680.4884002,5962888,19.56,YES,3.302,0.9995,0.0,0.0,0.0,0.035,BLOCKED_WINDOW_MAX_POS,0.0
1788866681.544864,5962888,18.5,YES,3.3988,0.9997,0.0,0.0,0.0,0.035,BLOCKED_WINDOW_MAX_POS,0.0
1788866682.6039295,5962888,17.45,YES,3.5044,0.9998,0.0,0.0,0.0,0.035,BLOCKED_WINDOW_MAX_POS,0.0
1788866683.6517963,5962888,16.39,YES,3.6198,0.9999,0.0,0.0,0.0,0.035,BLOCKED_WINDOW_MAX_POS,0.0
1788866684.7024586,5962888,15.34,YES,3.7762,0.9999,0.0,0.0,0.0,0.035,BLOCKED_WINDOW_MAX_POS,0.0
1788866685.7527096,5962888,14.29,YES,3.9204,1.0,0.0,0.0,0.0,0.035,BLOCKED_WINDOW_MAX_POS,0.0
1788866686.7981079,5962888,13.25,YES,4.0772,1.0,0.0,0.0,0.0,0.035,BLOCKED_WINDOW_MAX_POS,0.0
1788866687.8484674,5962888,12.2,YES,4.2534,1.0,0.0,0.0,0.0,0.035,BLOCKED_WINDOW_MAX_POS,0.0
1788866688.9107652,5962888,11.14,YES,4.4548,1.0,0.0,0.0,0.0,0.035,BLOCKED_WINDOW_MAX_POS,0.0
1788866689.955221,5962888,10.09,YES,4.6867,1.0,0.0,0.0,0.0,0.035,BLOCKED_WINDOW_MAX_POS,0.0
1788866691.0068767,5962888,9.04,YES,4.9598,1.0,0.0,0.0,0.0,0.035,BLOCKED_WINDOW_MAX_POS,0.0
1788866692.054919,5962888,7.99,YES,5.2824,1.0,0.0,0.0,0.0,0.035,BLOCKED_WINDOW_MAX_POS,0.0
1788866693.1012437,5962888,6.94,YES,5.6747,1.0,0.0,0.0,0.0,0.035,BLOCKED_WINDOW_MAX_POS,0.0
1788866694.1630661,5962888,5.9,YES,7.5277,1.0,0.0,0.0,0.0,0.035,BLOCKED_WINDOW_MAX_POS,0.0
1788866695.2117999,5962888,4.83,YES,8.3427,1.0,0.0,0.0,0.0,0.035,BLOCKED_WINDOW_MAX_POS,0.0
1788866696.258008,5962888,3.79,YES,10.5568,1.0,0.0,0.0,0.0,0.035,BLOCKED_WINDOW_MAX_POS,0.0
1788866697.317607,5962888,2.73,YES,12.448,1.0,0.0,0.0,0.0,0.035,BLOCKED_WINDOW_MAX_POS,0.0
1788866698.368766,5962888,1.68,YES,15.8652,1.0,0.0,0.0,0.0,0.035,BLOCKED_WINDOW_MAX_POS,0.0
1788866699.4204745,5962888,1.0,YES,20.5752,1.0,0.0,0.0,0.0,0.035,BLOCKED_WINDOW_MAX_POS,0.0
1788866700.8853679,5962889,299.57,NONE,-0.0314,0.4875,0.0,0.0,0.0,0.0,BLOCKED_NOISE,0.0
1788866701.9355855,5962889,298.11,NONE,-0.1193,0.4525,0.0,0.0,0.0,0.0,BLOCKED_NOISE,0.0
1788866702.9862483,5962889,297.06,NONE,-0.129,0.4487,0.0,0.0,0.0,0.0,BLOCKED_NOISE,0.0
1788866704.035758,5962889,296.01,NONE,-0.1291,0.4487,0.0,0.0,0.0,0.0,BLOCKED_NOISE,0.0
1788866705.1183884,5962889,294.96,NONE,-0.0395,0.4842,0.0,0.0,0.0,0.0,BLOCKED_NOISE,0.0
1788866706.172836,5962889,293.87,NONE,-0.0541,0.4784,0.0,0.0,0.0,0.0,BLOCKED_NOISE,0.0
1788866707.217872,5962889,292.83,NONE,-0.0533,0.4787,0.0,0.0,0.0,0.0,BLOCKED_NOISE,0.0
1788866708.2647364,5962889,291.78,NONE,-0.0586,0.4766,0.0,0.0,0.0,0.0,BLOCKED_NOISE,0.0
1788866709.3243043,5962889,290.72,NONE,-0.0592,0.4764,0.0,0.0,0.0,0.0,BLOCKED_NOISE,0.0
1788866710.388953,5962889,289.67,NONE,-0.0564,0.4775,0.0,0.0,0.0,0.0,BLOCKED_NOISE,0.0
1788866711.438422,5962889,288.61,NONE,-0.0565,0.4775,0.0,0.0,0.0,0.0,BLOCKED_NOISE,0.0
1788866712.5102534,5962889,287.55,NONE,-0.0471,0.4812,0.0,0.0,0.0,0.0,BLOCKED_NOISE,0.0
1788866713.579034,5962889,286.49,NONE,-0.047,0.4812,0.0,0.0,0.0,0.0,BLOCKED_NOISE,0.0
1788866714.6363597,5962889,285.41,NONE,-0.0472,0.4812,0.0,0.0,0.0,0.0,BLOCKED_NOISE,0.0
1788866715.6986878,5962889,284.35,NONE,-0.0512,0.4796,0.0,0.0,0.0,0.0,BLOCKED_NOISE,0.0
1788866716.7890944,5962889,283.3,NONE,-0.0515,0.4794,0.0,0.0,0.0,0.0,BLOCKED_NOISE,0.0
1788866717.8391237,5962889,282.21,NONE,-0.0519,0.4793,0.0,0.0,0.0,0.0,BLOCKED_NOISE,0.0
1788866718.892131,5962889,281.15,NONE,-0.0525,0.4791,0.0,0.0,0.0,0.0,BLOCKED_NOISE,0.0
1788866719.9394534,5962889,280.11,NONE,-0.0525,0.4791,0.0,0.0,0.0,0.0,BLOCKED_NOISE,0.0
1788866720.9934099,5962889,279.06,NONE,-0.0548,0.4781,0.0,0.0,0.0,0.0,BLOCKED_NOISE,0.0
1788866722.039471,5962889,278.01,NONE,-0.055,0.4781,0.0,0.0,0.0,0.0,BLOCKED_NOISE,0.0
1788866723.1105824,5962889,276.95,NONE,-0.0552,0.478,0.0,0.0,0.0,0.0,BLOCKED_NOISE,0.0
1788866724.156695,5962889,275.89,NONE,-0.0553,0.4779,0.0,0.0,0.0,0.0,BLOCKED_NOISE,0.0
1788866725.2090576,5962889,274.84,NONE,-0.1285,0.4489,0.0,0.0,0.0,0.0,BLOCKED_NOISE,0.0
1788866726.2693565,5962889,273.77,NONE,-0.1629,0.4353,0.0,0.0,0.0,0.0,BLOCKED_NOISE,0.0
1788866727.3196106,5962889,272.73,NONE,-0.1622,0.4356,0.0,0.0,0.0,0.0,BLOCKED_NOISE,0.0
1788866728.381646,5962889,271.68,NONE,-0.1549,0.4384,0.0,0.0,0.0,0.0,BLOCKED_NOISE,0.0
1788866729.4333413,5962889,270.61,NONE,-0.1645,0.4347,0.0,0.0,0.0,0.0,BLOCKED_NOISE,0.0
1788866730.4868648,5962889,269.56,NONE,-0.165,0.4345,0.0,0.0,0.0,0.0,BLOCKED_NOISE,0.0
1788866731.5329652,5962889,268.51,NONE,-0.1657,0.4342,0.0,0.0,0.0,0.0,BLOCKED_NOISE,0.0
1788866732.6313107,5962889,267.46,NONE,-0.0756,0.4699,0.0,0.0,0.0,0.0,BLOCKED_NOISE,0.0
1788866733.6862514,5962889,266.36,NONE,-0.0758,0.4698,0.0,0.0,0.0,0.0,BLOCKED_NOISE,0.0
1788866734.7362607,5962889,265.31,NONE,-0.0763,0.4696,0.0,0.0,0.0,0.0,BLOCKED_NOISE,0.0
1788866735.7846043,5962889,264.26,NONE,-0.0766,0.4695,0.0,0.0,0.0,0.0,BLOCKED_NOISE,0.0
1788866736.8422453,5962889,263.2,NONE,-0.0777,0.469,0.0,0.0,0.0,0.0,BLOCKED_NOISE,0.0
1788866737.8990767,5962889,262.14,NONE,-0.0365,0.4854,0.0,0.0,0.0,0.0,BLOCKED_NOISE,0.0
1788866738.9445322,5962889,261.1,NONE,-0.0352,0.486,0.0,0.0,0.0,0.0,BLOCKED_NOISE,0.0
1788866740.0031564,5962889,260.05,NONE,-0.0358,0.4857,0.0,0.0,0.0,0.0,BLOCKED_NOISE,0.0
1788866741.0525005,5962889,258.99,NONE,-0.0359,0.4857,0.0,0.0,0.0,0.0,BLOCKED_NOISE,0.0
1788866742.099901,5962889,257.94,NONE,-0.0725,0.4711,0.0,0.0,0.0,0.0,BLOCKED_NOISE,0.0
1788866743.1512184,5962889,256.89,NONE,-0.0789,0.4685,0.0,0.0,0.0,0.0,BLOCKED_NOISE,0.0
1788866744.2089612,5962889,255.84,NONE,-0.0838,0.4666,0.0,0.0,0.0,0.0,BLOCKED_NOISE,0.0
1788866745.2636764,5962889,254.78,NONE,-0.0876,0.4651,0.0,0.0,0.0,0.0,BLOCKED_NOISE,0.0
1788866746.3101048,5962889,253.74,NONE,-0.0878,0.465,0.0,0.0,0.0,0.0,BLOCKED_NOISE,0.0
1788866747.3610728,5962889,252.68,NONE,-0.0877,0.465,0.0,0.0,0.0,0.0,BLOCKED_NOISE,0.0
1788866748.4827726,5962889,251.63,NONE,-0.0814,0.4676,0.0,0.0,0.0,0.0,BLOCKED_NOISE,0.0
1788866749.533825,5962889,250.51,NONE,-0.0781,0.4689,0.0,0.0,0.0,0.0,BLOCKED_NOISE,0.0
1788866750.5857594,5962889,249.46,NONE,-0.0747,0.4702,0.0,0.0,0.0,0.0,BLOCKED_NOISE,0.0
1788866751.6364899,5962889,248.41,NONE,-0.0605,0.4759,0.0,0.0,0.0,0.0,BLOCKED_NOISE,0.0
1788866752.6915915,5962889,247.36,NONE,-0.0607,0.4758,0.0,0.0,0.0,0.0,BLOCKED_NOISE,0.0
1788866753.7406695,5962889,246.31,NONE,-0.0609,0.4757,0.0,0.0,0.0,0.0,BLOCKED_NOISE,0.0
1788866754.8044546,5962889,245.26,NONE,-0.0585,0.4767,0.0,0.0,0.0,0.0,BLOCKED_NOISE,0.0
1788866755.8724155,5962889,244.19,NONE,-0.0375,0.4851,0.0,0.0,0.0,0.0,BLOCKED_NOISE,0.0
1788866756.925205,5962889,243.12,NONE,-0.0913,0.4636,0.0,0.0,0.0,0.0,BLOCKED_NOISE,0.0
1788866757.9884822,5962889,242.06,NONE,-0.0933,0.4628,0.0,0.0,0.0,0.0,BLOCKED_NOISE,0.0
1788866759.0487013,5962889,241.0,NONE,-0.0935,0.4627,0.0,0.0,0.0,0.0,BLOCKED_NOISE,0.0
1788866760.100357,5962889,239.95,NONE,-0.1173,0.4533,0.0,0.0,0.0,0.0,BLOCKED_NOISE,0.0
1788866761.1548498,5962889,238.89,NONE,-0.1217,0.4516,0.0,0.0,0.0,0.0,BLOCKED_NOISE,0.0
1788866762.2081194,5962889,237.84,NONE,-0.1219,0.4515,0.0,0.0,0.0,0.0,BLOCKED_NOISE,0.0
1788866763.2645133,5962889,236.79,NONE,-0.1181,0.453,0.0,0.0,0.0,0.0,BLOCKED_NOISE,0.0
1788866764.37077,5962889,235.73,NONE,-0.0994,0.4604,0.0,0.0,0.0,0.0,BLOCKED_NOISE,0.0
1788866765.4287865,5962889,234.62,NONE,-0.0984,0.4608,0.0,0.0,0.0,0.0,BLOCKED_NOISE,0.0
1788866766.4910698,5962889,233.57,NONE,-0.0985,0.4608,0.0,0.0,0.0,0.0,BLOCKED_NOISE,0.0
1788866767.5396261,5962889,232.5,NONE,-0.0975,0.4611,0.0,0.0,0.0,0.0,BLOCKED_NOISE,0.0
1788866768.6021602,5962889,231.45,NONE,-0.103,0.459,0.0,0.0,0.0,0.0,BLOCKED_NOISE,0.0
1788866769.6584148,5962889,230.4,NONE,-0.3796,0.3521,0.0,0.0,0.0,0.0,NO_SIGNAL,0.0
1788866770.7096539,5962889,229.34,NONE,-0.3948,0.3465,0.0,0.0,0.0,0.0,NO_SIGNAL,0.0
1788866771.7710073,5962889,228.28,NONE,-0.3971,0.3456,0.0,0.0,0.0,0.0,NO_SIGNAL,0.0
1788866772.8344123,5962889,227.21,NONE,-0.3979,0.3454,0.0,0.0,0.0,0.0,NO_SIGNAL,0.0
1788866773.8906546,5962889,226.16,NONE,-0.3984,0.3452,0.0,0.0,0.0,0.0,NO_SIGNAL,0.0
1788866774.9402342,5962889,225.11,NONE,-0.3988,0.345,0.0,0.0,0.0,0.0,NO_SIGNAL,0.0
1788866776.012685,5962889,224.05,NONE,-0.4196,0.3374,0.0,0.0,0.0,0.0,NO_SIGNAL,0.0
1788866777.0696893,5962889,222.98,NONE,-0.4222,0.3364,0.0,0.0,0.0,0.0,NO_SIGNAL,0.0
1788866778.1258383,5962889,221.92,NONE,-0.4257,0.3351,0.0,0.0,0.0,0.0,NO_SIGNAL,0.0
1788866779.1731377,5962889,220.87,NONE,-0.4055,0.3425,0.0,0.0,0.0,0.0,NO_SIGNAL,0.0
1788866780.2670922,5962889,219.82,NONE,-0.4421,0.3292,0.0,0.0,0.0,0.0,NO_SIGNAL,0.0
1788866781.3230753,5962889,218.73,NONE,-0.4425,0.3291,0.0,0.0,0.0,0.0,NO_SIGNAL,0.0
1788866782.3712955,5962889,217.67,NONE,-0.4434,0.3287,0.0,0.0,0.0,0.0,NO_SIGNAL,0.0
1788866783.437474,5962889,216.61,NONE,-0.4453,0.3281,0.0,0.0,0.0,0.0,NO_SIGNAL,0.0
1788866784.5001225,5962889,215.54,NONE,-0.4476,0.3272,0.0,0.0,0.0,0.0,NO_SIGNAL,0.0
1788866785.553643,5962889,214.49,NONE,-0.443,0.3289,0.0,0.0,0.0,0.0,NO_SIGNAL,0.0
1788866786.6103246,5962889,213.44,NONE,-0.4425,0.3291,0.0,0.0,0.0,0.0,NO_SIGNAL,0.0
1788866787.6813476,5962889,212.38,NONE,-0.4441,0.3285,0.0,0.0,0.0,0.0,NO_SIGNAL,0.0
1788866788.7435164,5962889,211.3,NONE,-0.4342,0.3321,0.0,0.0,0.0,0.0,NO_SIGNAL,0.0
1788866789.7924528,5962889,210.26,NONE,-0.4352,0.3317,0.0,0.0,0.0,0.0,NO_SIGNAL,0.0
1788866790.8426533,5962889,209.21,NO,-0.4329,0.6675,0.63,0.01,0.0375,0.03,EXECUTED,12.17
1788866791.8935556,5962889,208.15,NONE,-0.4332,0.3324,0.0,0.0,0.0,0.0,NO_SIGNAL,0.0
1788866792.943353,5962889,207.1,NONE,-0.4341,0.3321,0.0,0.0,0.0,0.0,NO_SIGNAL,0.0
1788866793.9970279,5962889,206.05,NONE,-0.4406,0.3297,0.0,0.0,0.0,0.0,NO_SIGNAL,0.0
1788866795.0528316,5962889,204.99,NONE,-0.4418,0.3293,0.0,0.0,0.0,0.0,NO_SIGNAL,0.0
1788866796.153424,5962889,203.94,NONE,-0.4431,0.3289,0.0,0.0,0.0,0.0,NO_SIGNAL,0.0
1788866797.2035892,5962889,202.84,NO,-0.4436,0.6713,0.64,0.0,0.0,0.03,BLOCKED_WINDOW_MAX_POS,0.0
1788866798.2503839,5962889,201.79,NO,-0.445,0.6718,0.64,0.0,0.0,0.03,BLOCKED_WINDOW_MAX_POS,0.0
1788866799.3031628,5962889,200.74,NONE,-0.4198,0.3373,0.0,0.0,0.0,0.0,NO_SIGNAL,0.0
1788866800.352972,5962889,199.69,NONE,-0.422,0.3365,0.0,0.0,0.0,0.0,NO_SIGNAL,0.0
1788866801.4216425,5962889,198.63,NONE,-0.4163,0.3386,0.0,0.0,0.0,0.0,NO_SIGNAL,0.0
1788866802.4808273,5962889,197.57,NONE,-0.4174,0.3382,0.0,0.0,0.0,0.0,NO_SIGNAL,0.0
1788866803.5300102,5962889,196.51,NONE,-0.4174,0.3382,0.0,0.0,0.0,0.0,NO_SIGNAL,0.0
1788866804.5841165,5962889,195.46,NONE,-0.4193,0.3375,0.0,0.0,0.0,0.0,NO_SIGNAL,0.0
1788866805.642645,5962889,194.41,YES,-0.4266,0.3348,0.3,0.0,0.0,0.03,BLOCKED_WINDOW_MAX_POS,0.0
1788866806.69934,5962889,193.35,YES,-0.4211,0.3368,0.3,0.0,0.0,0.03,BLOCKED_WINDOW_MAX_POS,0.0
1788866807.7449405,5962889,192.3,YES,-0.4233,0.336,0.3,0.0,0.0,0.03,BLOCKED_WINDOW_MAX_POS,0.0
1788866808.8128204,5962889,191.24,YES,-0.3937,0.3469,0.3,0.0,0.0,0.03,BLOCKED_WINDOW_MAX_POS,0.0
1788866809.8605652,5962889,190.19,NO,-1.1032,0.865,0.83,0.0,0.0,0.03,BLOCKED_WINDOW_MAX_POS,0.0
1788866810.909997,5962889,189.14,NO,-1.0193,0.846,0.79,0.0,0.0,0.03,BLOCKED_WINDOW_MAX_POS,0.0
1788866812.0280547,5962889,188.08,NO,-1.0217,0.8465,0.79,0.0,0.0,0.03,BLOCKED_WINDOW_MAX_POS,0.0
1788866813.0831153,5962889,186.96,NO,-1.0242,0.8471,0.79,0.0,0.0,0.03,BLOCKED_WINDOW_MAX_POS,0.0
1788866814.1391017,5962889,185.91,NO,-1.0267,0.8477,0.79,0.0,0.0,0.03,BLOCKED_WINDOW_MAX_POS,0.0
1788866815.190642,5962889,184.85,NO,-1.0312,0.8488,0.79,0.0,0.0,0.03,BLOCKED_WINDOW_MAX_POS,0.0
1788866816.2474744,5962889,183.8,NO,-1.0337,0.8494,0.81,0.0,0.0,0.03,BLOCKED_WINDOW_MAX_POS,0.0
1788866817.2954001,5962889,182.75,NO,-1.0363,0.85,0.81,0.0,0.0,0.03,BLOCKED_WINDOW_MAX_POS,0.0
1788866818.3607295,5962889,181.7,NO,-1.0412,0.8511,0.81,0.0,0.0,0.03,BLOCKED_WINDOW_MAX_POS,0.0
1788866819.422364,5962889,180.62,NO,-1.036,0.8499,0.81,0.0,0.0,0.03,BLOCKED_WINDOW_MAX_POS,0.0
1788866820.484003,5962889,179.56,NO,-1.0047,0.8425,0.81,0.0,0.0,0.03,BLOCKED_WINDOW_MAX_POS,0.0
1788866821.5368152,5962889,178.51,NO,-1.0075,0.8431,0.81,0.0,0.0,0.03,BLOCKED_WINDOW_MAX_POS,0.0
1788866822.5855627,5962889,177.46,NO,-1.01,0.8437,0.81,0.0,0.0,0.03,BLOCKED_WINDOW_MAX_POS,0.0
1788866823.6818483,5962889,176.4,NO,-1.0127,0.8444,0.81,0.0,0.0,0.03,BLOCKED_WINDOW_MAX_POS,0.0
1788866824.7385046,5962889,175.31,NO,-1.0154,0.845,0.81,0.0,0.0,0.03,BLOCKED_WINDOW_MAX_POS,0.0
1788866825.786357,5962889,174.26,NO,-1.0174,0.8455,0.8,0.0,0.0,0.03,BLOCKED_WINDOW_MAX_POS,0.0
1788866826.836415,5962889,173.21,NO,-1.0202,0.8462,0.8,0.0,0.0,0.03,BLOCKED_WINDOW_MAX_POS,0.0
1788866827.962725,5962889,172.16,NONE,-1.0233,0.1531,0.0,0.0,0.0,0.0,NO_SIGNAL,0.0
1788866829.015701,5962889,171.03,NONE,-1.0263,0.1524,0.0,0.0,0.0,0.0,NO_SIGNAL,0.0
1788866830.0673265,5962889,169.98,NONE,-1.0291,0.1517,0.0,0.0,0.0,0.0,NO_SIGNAL,0.0
1788866831.1201277,5962889,168.92,NONE,-1.0321,0.151,0.0,0.0,0.0,0.0,NO_SIGNAL,0.0
1788866832.1823437,5962889,167.88,NONE,-1.035,0.1503,0.0,0.0,0.0,0.0,NO_SIGNAL,0.0
1788866833.2353687,5962889,166.81,NO,-1.0379,0.8504,0.82,0.0,0.0,0.03,BLOCKED_WINDOW_MAX_POS,0.0
1788866834.2882073,5962889,165.76,NONE,-1.0325,0.1509,0.0,0.0,0.0,0.0,NO_SIGNAL,0.0
1788866835.3452573,5962889,164.7,NO,-1.0211,0.8464,0.8,0.0,0.0,0.03,BLOCKED_WINDOW_MAX_POS,0.0
1788866836.4005682,5962889,163.65,NO,-1.0228,0.8468,0.8,0.0,0.0,0.03,BLOCKED_WINDOW_MAX_POS,0.0
1788866837.4602246,5962889,162.59,NO,-1.0259,0.8475,0.8,0.0,0.0,0.03,BLOCKED_WINDOW_MAX_POS,0.0
1788866838.5199535,5962889,161.53,NO,-1.0288,0.8482,0.81,0.0,0.0,0.03,BLOCKED_WINDOW_MAX_POS,0.0
1788866839.570682,5962889,160.48,NO,-1.0319,0.8489,0.81,0.0,0.0,0.03,BLOCKED_WINDOW_MAX_POS,0.0
1788866840.6182196,5962889,159.43,NONE,-0.8349,0.2019,0.0,0.0,0.0,0.0,NO_SIGNAL,0.0
1788866841.6735334,5962889,158.38,NONE,-0.8463,0.1987,0.0,0.0,0.0,0.0,NO_SIGNAL,0.0
1788866842.739813,5962889,157.31,NONE,-0.8303,0.2032,0.0,0.0,0.0,0.0,NO_SIGNAL,0.0
1788866843.8347387,5962889,156.26,NONE,-0.8346,0.202,0.0,0.0,0.0,0.0,NO_SIGNAL,0.0
1788866844.8865166,5962889,155.16,NONE,-0.8379,0.201,0.0,0.0,0.0,0.0,NO_SIGNAL,0.0
1788866845.939361,5962889,154.11,NONE,-0.8434,0.1995,0.0,0.0,0.0,0.0,NO_SIGNAL,0.0
1788866846.9866734,5962889,153.06,NONE,-0.8466,0.1986,0.0,0.0,0.0,0.0,NO_SIGNAL,0.0
1788866848.0345078,5962889,152.01,NONE,-0.8492,0.1979,0.0,0.0,0.0,0.0,NO_SIGNAL,0.0
1788866849.0892806,5962889,150.96,NONE,-0.828,0.2038,0.0,0.0,0.0,0.0,NO_SIGNAL,0.0
1788866850.1428251,5962889,149.91,NONE,-0.8298,0.2033,0.0,0.0,0.0,0.0,NO_SIGNAL,0.0
1788866851.1936963,5962889,148.85,NONE,-0.8331,0.2024,0.0,0.0,0.0,0.0,NO_SIGNAL,0.0
1788866852.2414327,5962889,147.8,YES,-0.835,0.2018,0.16,0.0,0.0,0.03,BLOCKED_WINDOW_MAX_POS,0.0
1788866853.2991354,5962889,146.74,YES,-0.8385,0.2009,0.16,0.0,0.0,0.03,BLOCKED_WINDOW_MAX_POS,0.0
1788866854.3544893,5962889,145.7,YES,-0.8422,0.1998,0.16,0.0,0.0,0.03,BLOCKED_WINDOW_MAX_POS,0.0
1788866855.4209688,5962889,144.63,YES,-0.8481,0.1982,0.16,0.0,0.0,0.03,BLOCKED_WINDOW_MAX_POS,0.0
1788866856.4666803,5962889,143.58,YES,-0.8516,0.1972,0.16,0.0,0.0,0.03,BLOCKED_WINDOW_MAX_POS,0.0
1788866857.5140538,5962889,142.53,YES,-0.8551,0.1962,0.16,0.0,0.0,0.03,BLOCKED_WINDOW_MAX_POS,0.0
1788866858.5594163,5962889,141.48,YES,-0.8587,0.1953,0.16,0.0,0.0,0.03,BLOCKED_WINDOW_MAX_POS,0.0
1788866859.6605597,5962889,140.44,YES,-0.8639,0.1938,0.16,0.0,0.0,0.03,BLOCKED_WINDOW_MAX_POS,0.0
1788866860.7287858,5962889,139.32,YES,-0.8669,0.193,0.16,0.0,0.0,0.03,BLOCKED_WINDOW_MAX_POS,0.0
1788866861.7756908,5962889,138.27,YES,-0.8706,0.192,0.15,0.0,0.0,0.03,BLOCKED_WINDOW_MAX_POS,0.0
1788866862.8283126,5962889,137.22,YES,-0.8743,0.191,0.14,0.0,0.0,0.03,BLOCKED_WINDOW_MAX_POS,0.0
1788866863.8897605,5962889,136.16,YES,-0.8801,0.1894,0.14,0.0,0.0,0.03,BLOCKED_WINDOW_MAX_POS,0.0
1788866864.943135,5962889,135.1,NONE,-0.8766,0.1904,0.0,0.0,0.0,0.0,NO_SIGNAL,0.0
1788866865.9928381,5962889,134.05,NO,-0.5315,0.7025,0.67,0.0,0.0,0.03,BLOCKED_WINDOW_MAX_POS,0.0
1788866867.0744765,5962889,132.99,NONE,-0.439,0.3303,0.0,0.0,0.0,0.0,NO_SIGNAL,0.0
1788866868.1262825,5962889,131.92,NONE,-0.435,0.3318,0.0,0.0,0.0,0.0,NO_SIGNAL,0.0
1788866869.175005,5962889,130.87,NONE,-0.4373,0.3309,0.0,0.0,0.0,0.0,NO_SIGNAL,0.0
1788866870.2301362,5962889,129.81,YES,-0.4397,0.3301,0.3,0.0,0.0,0.03,BLOCKED_WINDOW_MAX_POS,0.0
1788866871.300979,5962889,128.76,NONE,-0.4421,0.3292,0.0,0.0,0.0,0.0,NO_SIGNAL,0.0
1788866872.3704023,5962889,127.69,NONE,-0.4446,0.3283,0.0,0.0,0.0,0.0,NO_SIGNAL,0.0
1788866873.4274378,5962889,126.63,YES,-0.4471,0.3274,0.29,0.0,0.0,0.03,BLOCKED_WINDOW_MAX_POS,0.0
1788866874.4752336,5962889,125.57,NONE,-0.4496,0.3265,0.0,0.0,0.0,0.0,NO_SIGNAL,0.0
1788866875.5754256,5962889,124.52,NONE,-0.4344,0.332,0.0,0.0,0.0,0.0,NO_SIGNAL,0.0
1788866876.6291974,5962889,123.42,NONE,-0.4492,0.3266,0.0,0.0,0.0,0.0,NO_SIGNAL,0.0
1788866877.681075,5962889,122.37,NONE,-0.458,0.3235,0.0,0.0,0.0,0.0,NO_SIGNAL,0.0
1788866878.7277734,5962889,121.32,NONE,-0.4605,0.3226,0.0,0.0,0.0,0.0,NO_SIGNAL,0.0
1788866879.7875946,5962889,120.27,NONE,-0.464,0.3213,0.0,0.0,0.0,0.0,NO_SIGNAL,0.0
1788866880.855156,5962889,119.21,NONE,-0.4673,0.3201,0.0,0.0,0.0,0.0,NO_SIGNAL,0.0
1788866881.9058156,5962889,118.14,NONE,-0.4701,0.3192,0.0,0.0,0.0,0.0,NO_SIGNAL,0.0
1788866882.958879,5962889,117.09,NONE,-0.5178,0.3023,0.0,0.0,0.0,0.0,NO_SIGNAL,0.0
1788866884.0169284,5962889,116.03,NONE,-0.5205,0.3014,0.0,0.0,0.0,0.0,NO_SIGNAL,0.0
1788866885.0730467,5962889,114.97,NONE,-0.525,0.2998,0.0,0.0,0.0,0.0,NO_SIGNAL,0.0
1788866886.121535,5962889,113.92,NONE,-0.5277,0.2989,0.0,0.0,0.0,0.0,NO_SIGNAL,0.0
1788866887.173015,5962889,112.88,YES,-0.5304,0.2979,0.26,0.0,0.0,0.03,BLOCKED_WINDOW_MAX_POS,0.0
1788866888.219747,5962889,111.83,YES,-0.5333,0.2969,0.26,0.0,0.0,0.03,BLOCKED_WINDOW_MAX_POS,0.0
1788866889.2683492,5962889,110.78,NONE,-0.5318,0.2974,0.0,0.0,0.0,0.0,NO_SIGNAL,0.0
1788866890.3276985,5962889,109.73,NONE,-0.5351,0.2963,0.0,0.0,0.0,0.0,NO_SIGNAL,0.0
1788866891.4490535,5962889,108.66,NONE,-0.5382,0.2952,0.0,0.0,0.0,0.0,NO_SIGNAL,0.0
1788866892.5161188,5962889,107.54,NONE,-0.5387,0.295,0.0,0.0,0.0,0.0,NO_SIGNAL,0.0
1788866893.5798469,5962889,106.46,NO,-0.4763,0.6831,0.64,0.0,0.0,0.03,BLOCKED_WINDOW_MAX_POS,0.0
1788866894.6421013,5962889,105.4,NO,-0.4769,0.6833,0.64,0.0,0.0,0.03,BLOCKED_WINDOW_MAX_POS,0.0
1788866895.6892178,5962889,104.36,NO,-0.5106,0.6952,0.63,0.0,0.0,0.03,BLOCKED_WINDOW_MAX_POS,0.0
1788866896.7577035,5962889,103.31,NO,-0.5134,0.6962,0.63,0.0,0.0,0.03,BLOCKED_WINDOW_MAX_POS,0.0
1788866897.818793,5962889,102.24,NO,-0.5325,0.7028,0.65,0.0,0.0,0.03,BLOCKED_WINDOW_MAX_POS,0.0
1788866898.874736,5962889,101.18,NO,-0.5355,0.7038,0.65,0.0,0.0,0.03,BLOCKED_WINDOW_MAX_POS,0.0
1788866899.9421768,5962889,100.1,NO,-0.4936,0.6892,0.54,0.0,0.0,0.03,BLOCKED_WINDOW_MAX_POS,0.0
1788866901.0012014,5962889,99.04,NO,-0.4932,0.6891,0.56,0.0,0.0,0.03,BLOCKED_WINDOW_MAX_POS,0.0
1788866902.0511124,5962889,97.99,NO,-0.4974,0.6906,0.58,0.0,0.0,0.03,BLOCKED_WINDOW_MAX_POS,0.0
1788866903.0998607,5962889,96.95,NO,-0.5003,0.6916,0.55,0.0,0.0,0.03,BLOCKED_WINDOW_MAX_POS,0.0
1788866904.1500041,5962889,95.9,NO,-0.5032,0.6926,0.55,0.0,0.0,0.03,BLOCKED_WINDOW_MAX_POS,0.0
1788866905.23194,5962889,94.85,NONE,-0.2506,0.4011,0.0,0.0,0.0,0.0,BLOCKED_NOISE,0.0
1788866906.279031,5962889,93.77,NONE,-0.2522,0.4004,0.0,0.0,0.0,0.0,BLOCKED_NOISE,0.0
1788866907.3768556,5962889,92.72,NONE,-0.254,0.3997,0.0,0.0,0.0,0.0,BLOCKED_NOISE,0.0
1788866908.4246273,5962889,91.62,NONE,-0.252,0.4005,0.0,0.0,0.0,0.0,BLOCKED_NOISE,0.0
1788866909.4889371,5962889,90.56,NONE,-0.2538,0.3998,0.0,0.0,0.0,0.0,BLOCKED_NOISE,0.0
1788866910.5372658,5962889,89.51,NONE,-0.2582,0.3981,0.0,0.0,0.0,0.0,BLOCKED_NOISE,0.0
1788866911.6091294,5962889,88.44,NONE,-0.3413,0.3664,0.0,0.0,0.0,0.0,BLOCKED_NOISE,0.0
1788866912.6665802,5962889,87.38,NONE,-0.3278,0.3715,0.0,0.0,0.0,0.0,BLOCKED_NOISE,0.0
1788866913.7349765,5962889,86.31,NONE,-0.3293,0.371,0.0,0.0,0.0,0.0,BLOCKED_NOISE,0.0
1788866914.784569,5962889,85.26,NONE,-0.3311,0.3703,0.0,0.0,0.0,0.0,BLOCKED_NOISE,0.0
1788866915.8398778,5962889,84.21,NONE,-0.3489,0.3636,0.0,0.0,0.0,0.0,BLOCKED_NOISE,0.0
1788866916.8894002,5962889,83.16,NO,-0.3508,0.6371,0.52,0.0,0.0,0.03,BLOCKED_WINDOW_MAX_POS,0.0
1788866917.938592,5962889,82.11,NO,-0.3531,0.638,0.54,0.0,0.0,0.03,BLOCKED_WINDOW_MAX_POS,0.0
1788866918.9919822,5962889,81.06,NO,-0.3552,0.6388,0.54,0.0,0.0,0.03,BLOCKED_WINDOW_MAX_POS,0.0
1788866920.0458999,5962889,80.0,NO,-0.3573,0.6396,0.56,0.0,0.0,0.03,BLOCKED_WINDOW_MAX_POS,0.0
1788866921.1224153,5962889,78.94,NO,-0.3749,0.6461,0.56,0.0,0.0,0.03,BLOCKED_WINDOW_MAX_POS,0.0
1788866922.1846335,5962889,77.87,NO,-0.3902,0.6518,0.56,0.0,0.0,0.03,BLOCKED_WINDOW_MAX_POS,0.0
1788866923.2829266,5962889,76.8,NO,-0.3917,0.6524,0.56,0.0,0.0,0.03,BLOCKED_WINDOW_MAX_POS,0.0
1788866924.3425598,5962889,75.71,NO,-0.3994,0.6552,0.56,0.0,0.0,0.03,BLOCKED_WINDOW_MAX_POS,0.0
1788866925.389324,5962889,74.66,NO,-0.4017,0.6561,0.55,0.0,0.0,0.03,BLOCKED_WINDOW_MAX_POS,0.0
1788866926.43487,5962889,73.61,NO,-0.4168,0.6616,0.56,0.0,0.0,0.03,BLOCKED_WINDOW_MAX_POS,0.0
1788866927.4861195,5962889,72.56,NO,-0.4192,0.6625,0.56,0.0,0.0,0.03,BLOCKED_WINDOW_MAX_POS,0.0
1788866928.5499096,5962889,71.5,NO,-0.4218,0.6634,0.54,0.0,0.0,0.03,BLOCKED_WINDOW_MAX_POS,0.0
1788866929.6034632,5962889,70.45,NO,-0.4265,0.6651,0.54,0.0,0.0,0.03,BLOCKED_WINDOW_MAX_POS,0.0
1788866930.659744,5962889,69.39,NO,-0.4286,0.6659,0.54,0.0,0.0,0.03,BLOCKED_WINDOW_MAX_POS,0.0
1788866931.7101388,5962889,68.34,NO,-0.4294,0.6662,0.51,0.0,0.0,0.03,BLOCKED_WINDOW_MAX_POS,0.0
1788866932.7674677,5962889,67.29,NO,-0.4327,0.6674,0.48,0.0,0.0,0.03,BLOCKED_WINDOW_MAX_POS,0.0
1788866933.8220825,5962889,66.22,NO,-0.4357,0.6685,0.5,0.0,0.0,0.03,BLOCKED_WINDOW_MAX_POS,0.0
1788866934.8840714,5962889,65.17,NO,-0.4472,0.6726,0.51,0.0,0.0,0.03,BLOCKED_WINDOW_MAX_POS,0.0
1788866935.9348156,5962889,64.11,NO,-0.4614,0.6777,0.56,0.0,0.0,0.03,BLOCKED_WINDOW_MAX_POS,0.0
1788866936.996166,5962889,63.06,NO,-0.4636,0.6785,0.55,0.0,0.0,0.03,BLOCKED_WINDOW_MAX_POS,0.0
1788866938.0438013,5962889,62.0,NO,-0.4667,0.6796,0.56,0.0,0.0,0.03,BLOCKED_WINDOW_MAX_POS,0.0
1788866939.1368206,5962889,60.95,NO,-0.4723,0.6816,0.55,0.0,0.0,0.03,BLOCKED_WINDOW_MAX_POS,0.0
1788866940.182867,5962889,59.86,NO,-0.4725,0.6817,0.63,0.0,0.0,0.03,BLOCKED_WINDOW_MAX_POS,0.0
1788866941.2358773,5962889,58.81,NO,-0.4716,0.6814,0.62,0.0,0.0,0.03,BLOCKED_WINDOW_MAX_POS,0.0
1788866942.2990026,5962889,57.75,NO,-0.4456,0.6721,0.6,0.0,0.0,0.03,BLOCKED_WINDOW_MAX_POS,0.0
1788866943.3513758,5962889,56.7,NO,-0.4586,0.6767,0.6,0.0,0.0,0.03,BLOCKED_WINDOW_MAX_POS,0.0
1788866944.4761598,5962889,55.63,NO,-0.4642,0.6787,0.62,0.0,0.0,0.03,BLOCKED_WINDOW_MAX_POS,0.0
1788866945.5349567,5962889,54.51,NONE,-0.4681,0.3199,0.0,0.0,0.0,0.0,NO_SIGNAL,0.0
1788866946.5816493,5962889,53.46,NONE,-0.4717,0.3186,0.0,0.0,0.0,0.0,NO_SIGNAL,0.0
1788866947.629376,5962889,52.42,NONE,-0.4756,0.3172,0.0,0.0,0.0,0.0,NO_SIGNAL,0.0
1788866948.6817784,5962889,51.36,YES,-1.2013,0.1148,0.03,0.0,0.0,0.03,BLOCKED_WINDOW_MAX_POS,0.0
1788866949.735885,5962889,50.31,YES,-1.2131,0.1126,0.03,0.0,0.0,0.03,BLOCKED_WINDOW_MAX_POS,0.0
1788866950.7929327,5962889,49.25,YES,-1.2243,0.1104,0.03,0.0,0.0,0.03,BLOCKED_WINDOW_MAX_POS,0.0
1788866951.84157,5962889,48.21,YES,-1.235,0.1084,0.04,0.0,0.0,0.03,BLOCKED_WINDOW_MAX_POS,0.0
1788866952.9002013,5962889,47.15,YES,-1.2477,0.1061,0.03,0.0,0.0,0.03,BLOCKED_WINDOW_MAX_POS,0.0
1788866953.957827,5962889,46.09,YES,-1.2602,0.1038,0.03,0.0,0.0,0.03,BLOCKED_WINDOW_MAX_POS,0.0
1788866955.0772734,5962889,45.04,YES,-1.2737,0.1014,0.03,0.0,0.0,0.03,BLOCKED_WINDOW_MAX_POS,0.0
1788866956.1242533,5962889,43.92,YES,-1.2828,0.0998,0.02,0.0,0.0,0.03,BLOCKED_WINDOW_MAX_POS,0.0
1788866957.1762283,5962889,42.87,YES,-1.2961,0.0975,0.02,0.0,0.0,0.03,BLOCKED_WINDOW_MAX_POS,0.0
1788866958.2324781,5962889,41.81,YES,-1.3107,0.095,0.02,0.0,0.0,0.03,BLOCKED_WINDOW_MAX_POS,0.0
1788866959.280447,5962889,40.76,YES,-1.2882,0.0988,0.02,0.0,0.0,0.03,BLOCKED_WINDOW_MAX_POS,0.0
1788866960.336593,5962889,39.71,YES,-1.3038,0.0961,0.02,0.0,0.0,0.03,BLOCKED_WINDOW_MAX_POS,0.0
1788866961.383067,5962889,38.66,YES,-1.3202,0.0934,0.02,0.0,0.0,0.03,BLOCKED_WINDOW_MAX_POS,0.0
1788866962.4396825,5962889,37.6,YES,-1.3407,0.09,0.02,0.0,0.0,0.03,BLOCKED_WINDOW_MAX_POS,0.0
1788866963.4975033,5962889,36.55,NO,-1.3584,0.9128,0.0,0.0,0.0,0.035,BLOCKED_WINDOW_MAX_POS,0.0
1788866964.549532,5962889,35.5,NO,-1.3766,0.9157,0.0,0.0,0.0,0.035,BLOCKED_WINDOW_MAX_POS,0.0
1788866965.6079655,5962889,34.44,NO,-1.3962,0.9187,0.0,0.0,0.0,0.035,BLOCKED_WINDOW_MAX_POS,0.0
1788866966.670464,5962889,33.38,NO,-1.4167,0.9217,0.0,0.0,0.0,0.035,BLOCKED_WINDOW_MAX_POS,0.0
1788866967.7267973,5962889,32.32,NO,-1.4364,0.9246,0.0,0.0,0.0,0.035,BLOCKED_WINDOW_MAX_POS,0.0
1788866968.7828348,5962889,31.26,NO,-1.4526,0.9268,0.0,0.0,0.0,0.035,BLOCKED_WINDOW_MAX_POS,0.0
1788866969.8428798,5962889,30.21,NO,-1.4763,0.9301,0.0,0.0,0.0,0.035,BLOCKED_WINDOW_MAX_POS,0.0
1788866970.8885503,5962889,29.16,NO,-1.5056,0.9339,0.0,0.0,0.0,0.035,BLOCKED_WINDOW_MAX_POS,0.0
1788866971.9532845,5962889,28.11,NO,-1.5329,0.9374,0.0,0.0,0.0,0.035,BLOCKED_WINDOW_MAX_POS,0.0
1788866973.0074484,5962889,27.04,NO,-1.5612,0.9408,0.0,0.0,0.0,0.035,BLOCKED_WINDOW_MAX_POS,0.0
1788866974.068964,5962889,25.98,NO,-1.5909,0.9442,0.0,0.0,0.0,0.035,BLOCKED_WINDOW_MAX_POS,0.0
1788866975.1205637,5962889,24.92,NO,-1.6222,0.9476,0.0,0.0,0.0,0.035,BLOCKED_WINDOW_MAX_POS,0.0
1788866976.1788404,5962889,23.87,NO,-1.6555,0.9511,0.0,0.0,0.0,0.035,BLOCKED_WINDOW_MAX_POS,0.0
1788866977.268337,5962889,22.82,NO,-1.6904,0.9545,0.0,0.0,0.0,0.035,BLOCKED_WINDOW_MAX_POS,0.0
1788866978.3292835,5962889,21.72,NO,-1.6431,0.9498,0.0,0.0,0.0,0.035,BLOCKED_WINDOW_MAX_POS,0.0
1788866979.3886344,5962889,20.66,NO,-1.681,0.9536,0.0,0.0,0.0,0.035,BLOCKED_WINDOW_MAX_POS,0.0
1788866980.4324145,5962889,19.61,NO,-1.7273,0.9579,0.0,0.0,0.0,0.035,BLOCKED_WINDOW_MAX_POS,0.0
1788866981.4890234,5962889,18.56,NO,-1.8245,0.966,0.0,0.0,0.0,0.035,BLOCKED_WINDOW_MAX_POS,0.0
1788866982.5385735,5962889,17.51,NO,-1.8772,0.9698,0.0,0.0,0.0,0.035,BLOCKED_WINDOW_MAX_POS,0.0
1788866983.5855398,5962889,16.46,NO,-1.9343,0.9735,0.0,0.0,0.0,0.035,BLOCKED_WINDOW_MAX_POS,0.0
1788866984.6320906,5962889,15.41,NO,-2.3355,0.9902,0.0,0.0,0.0,0.035,BLOCKED_WINDOW_MAX_POS,0.0
1788866985.740403,5962889,14.35,NO,-2.412,0.9921,0.0,0.0,0.0,0.035,BLOCKED_WINDOW_MAX_POS,0.0
1788866986.8058658,5962889,13.25,NO,-2.5073,0.9939,0.0,0.0,0.0,0.035,BLOCKED_WINDOW_MAX_POS,0.0
1788866987.8502514,5962889,12.19,NO,-2.6101,0.9955,0.0,0.0,0.0,0.035,BLOCKED_WINDOW_MAX_POS,0.0
1788866988.9168675,5962889,11.14,NO,-2.7265,0.9968,0.0,0.0,0.0,0.035,BLOCKED_WINDOW_MAX_POS,0.0
1788866989.9759278,5962889,10.07,NO,-2.8634,0.9979,0.0,0.0,0.0,0.035,BLOCKED_WINDOW_MAX_POS,0.0
1788866991.0359917,5962889,9.02,NO,-3.0279,0.9988,0.0,0.0,0.0,0.035,BLOCKED_WINDOW_MAX_POS,0.0
1788866992.0850048,5962889,7.96,NO,-3.2167,0.9994,0.0,0.0,0.0,0.035,BLOCKED_WINDOW_MAX_POS,0.0
1788866993.1456096,5962889,6.9,NO,-3.448,0.9997,0.0,0.0,0.0,0.035,BLOCKED_WINDOW_MAX_POS,0.0
1788866994.1957924,5962889,5.85,NO,-3.7376,0.9999,0.0,0.0,0.0,0.035,BLOCKED_WINDOW_MAX_POS,0.0
1788866995.243714,5962889,4.8,NO,-4.1166,1.0,0.0,0.0,0.0,0.035,BLOCKED_WINDOW_MAX_POS,0.0
1788866996.295383,5962889,3.75,NO,-4.6353,1.0,0.0,0.0,0.0,0.035,BLOCKED_WINDOW_MAX_POS,0.0
1788866997.3492787,5962889,2.7,NO,-5.4549,1.0,0.0,0.0,0.0,0.035,BLOCKED_WINDOW_MAX_POS,0.0
1788866998.3955896,5962889,1.65,NO,-6.9549,1.0,0.0,0.0,0.0,0.035,BLOCKED_WINDOW_MAX_POS,0.0
1788866999.4586477,5962889,1.0,NO,-8.9199,1.0,0.0,0.0,0.0,0.035,BLOCKED_WINDOW_MAX_POS,0.0
1788867001.2468712,5962890,299.53,NONE,-0.0958,0.4618,0.0,0.0,0.0,0.0,BLOCKED_NOISE,0.0
1788867002.3042593,5962890,297.74,NONE,0.0124,0.505,0.0,0.0,0.0,0.0,BLOCKED_NOISE,0.0
1788867003.361145,5962890,296.69,NONE,0.0124,0.505,0.0,0.0,0.0,0.0,BLOCKED_NOISE,0.0
1788867004.406101,5962890,295.64,NONE,0.0124,0.505,0.0,0.0,0.0,0.0,BLOCKED_NOISE,0.0
1788867005.4608912,5962890,294.59,NONE,0.0127,0.5051,0.0,0.0,0.0,0.0,BLOCKED_NOISE,0.0
1788867006.5076935,5962890,293.54,NONE,0.0127,0.5051,0.0,0.0,0.0,0.0,BLOCKED_NOISE,0.0
1788867007.5662308,5962890,292.48,NONE,0.0126,0.505,0.0,0.0,0.0,0.0,BLOCKED_NOISE,0.0
1788867008.6246474,5962890,291.43,NONE,0.0242,0.5096,0.0,0.0,0.0,0.0,BLOCKED_NOISE,0.0
1788867009.689587,5962890,290.36,NONE,0.0236,0.5094,0.0,0.0,0.0,0.0,BLOCKED_NOISE,0.0
1788867010.8025677,5962890,289.3,NONE,0.0235,0.5094,0.0,0.0,0.0,0.0,BLOCKED_NOISE,0.0
1788867011.852447,5962890,288.19,NONE,0.0416,0.5166,0.0,0.0,0.0,0.0,BLOCKED_NOISE,0.0
1788867012.9027941,5962890,287.14,NONE,-0.1395,0.4445,0.0,0.0,0.0,0.0,BLOCKED_NOISE,0.0
1788867013.9547305,5962890,286.09,NONE,-0.1583,0.4371,0.0,0.0,0.0,0.0,BLOCKED_NOISE,0.0
1788867015.0132272,5962890,285.04,NONE,-0.1316,0.4477,0.0,0.0,0.0,0.0,BLOCKED_NOISE,0.0
1788867016.0877893,5962890,283.98,NONE,-0.1318,0.4476,0.0,0.0,0.0,0.0,BLOCKED_NOISE,0.0
1788867017.2024865,5962890,282.9,NONE,-0.132,0.4475,0.0,0.0,0.0,0.0,BLOCKED_NOISE,0.0
1788867018.2655973,5962890,281.78,NONE,-0.132,0.4475,0.0,0.0,0.0,0.0,BLOCKED_NOISE,0.0
1788867019.31441,5962890,280.73,NONE,-0.1323,0.4474,0.0,0.0,0.0,0.0,BLOCKED_NOISE,0.0
1788867020.3670452,5962890,279.68,NONE,-0.1325,0.4473,0.0,0.0,0.0,0.0,BLOCKED_NOISE,0.0
1788867021.4227264,5962890,278.62,NONE,-0.1331,0.4471,0.0,0.0,0.0,0.0,BLOCKED_NOISE,0.0
1788867022.4831254,5962890,277.56,NONE,-0.1332,0.447,0.0,0.0,0.0,0.0,BLOCKED_NOISE,0.0
1788867023.55213,5962890,276.51,NONE,-0.1176,0.4532,0.0,0.0,0.0,0.0,BLOCKED_NOISE,0.0
1788867024.6092045,5962890,275.44,NONE,-0.1179,0.4531,0.0,0.0,0.0,0.0,BLOCKED_NOISE,0.0
1788867025.666071,5962890,274.38,NONE,-0.1218,0.4515,0.0,0.0,0.0,0.0,BLOCKED_NOISE,0.0
1788867026.7149558,5962890,273.33,NONE,-0.1217,0.4516,0.0,0.0,0.0,0.0,BLOCKED_NOISE,0.0
1788867027.776683,5962890,272.27,NONE,-0.1219,0.4515,0.0,0.0,0.0,0.0,BLOCKED_NOISE,0.0
1788867028.8574448,5962890,271.21,NONE,-0.1211,0.4518,0.0,0.0,0.0,0.0,BLOCKED_NOISE,0.0
1788867029.9111667,5962890,270.14,NONE,-0.1213,0.4517,0.0,0.0,0.0,0.0,BLOCKED_NOISE,0.0
1788867030.9620578,5962890,269.09,NONE,-0.1216,0.4516,0.0,0.0,0.0,0.0,BLOCKED_NOISE,0.0
1788867032.0697324,5962890,268.04,NONE,-0.2322,0.4082,0.0,0.0,0.0,0.0,BLOCKED_NOISE,0.0
1788867033.1701026,5962890,266.92,NONE,-0.2324,0.4081,0.0,0.0,0.0,0.0,BLOCKED_NOISE,0.0
1788867034.2301152,5962890,265.82,NONE,-0.2318,0.4084,0.0,0.0,0.0,0.0,BLOCKED_NOISE,0.0
1788867035.278076,5962890,264.77,NONE,-0.2332,0.4078,0.0,0.0,0.0,0.0,BLOCKED_NOISE,0.0
1788867036.3379467,5962890,263.71,NONE,-0.2335,0.4077,0.0,0.0,0.0,0.0,BLOCKED_NOISE,0.0
1788867037.40516,5962890,262.66,NONE,-0.2347,0.4072,0.0,0.0,0.0,0.0,BLOCKED_NOISE,0.0
1788867038.4654584,5962890,261.58,NONE,-0.2291,0.4094,0.0,0.0,0.0,0.0,BLOCKED_NOISE,0.0
1788867039.515489,5962890,260.53,NONE,-0.237,0.4063,0.0,0.0,0.0,0.0,BLOCKED_NOISE,0.0
1788867040.572074,5962890,259.47,NONE,-0.2373,0.4062,0.0,0.0,0.0,0.0,BLOCKED_NOISE,0.0
1788867041.628022,5962890,258.42,NONE,-0.2376,0.4061,0.0,0.0,0.0,0.0,BLOCKED_NOISE,0.0
1788867042.682039,5962890,257.36,NONE,-0.2181,0.4137,0.0,0.0,0.0,0.0,BLOCKED_NOISE,0.0
1788867043.7452817,5962890,256.3,NONE,-0.1991,0.4211,0.0,0.0,0.0,0.0,BLOCKED_NOISE,0.0
1788867044.791548,5962890,255.25,NONE,-0.7425,0.2289,0.0,0.0,0.0,0.0,NO_SIGNAL,0.0
1788867045.8547835,5962890,254.19,NONE,-0.4171,0.3383,0.0,0.0,0.0,0.0,NO_SIGNAL,0.0
1788867046.9151435,5962890,253.14,NONE,-0.3803,0.3518,0.0,0.0,0.0,0.0,NO_SIGNAL,0.0
1788867047.9867704,5962890,252.08,NONE,-0.376,0.3535,0.0,0.0,0.0,0.0,NO_SIGNAL,0.0
1788867049.0915043,5962890,251.0,NONE,-0.3721,0.3549,0.0,0.0,0.0,0.0,NO_SIGNAL,0.0
1788867050.1402025,5962890,249.9,NONE,-0.3693,0.356,0.0,0.0,0.0,0.0,NO_SIGNAL,0.0
1788867051.2032645,5962890,248.84,NONE,-0.3647,0.3577,0.0,0.0,0.0,0.0,NO_SIGNAL,0.0
1788867052.2564683,5962890,247.79,NONE,-0.3633,0.3582,0.0,0.0,0.0,0.0,NO_SIGNAL,0.0
1788867053.3151789,5962890,246.73,NONE,-0.3622,0.3586,0.0,0.0,0.0,0.0,NO_SIGNAL,0.0
1788867054.378286,5962890,245.68,NONE,-0.3144,0.3766,0.0,0.0,0.0,0.0,BLOCKED_NOISE,0.0
1788867055.4275103,5962890,244.62,NONE,-0.3149,0.3764,0.0,0.0,0.0,0.0,BLOCKED_NOISE,0.0
1788867056.4782908,5962890,243.57,NONE,-0.3148,0.3765,0.0,0.0,0.0,0.0,BLOCKED_NOISE,0.0
1788867057.535174,5962890,242.51,NONE,-0.3447,0.3652,0.0,0.0,0.0,0.0,BLOCKED_NOISE,0.0
1788867058.5840025,5962890,241.46,NONE,-0.3449,0.3651,0.0,0.0,0.0,0.0,BLOCKED_NOISE,0.0
1788867059.655913,5962890,240.41,YES,-0.4465,0.3276,0.28,0.01,0.0476,0.03,EXECUTED,7.75
1788867060.7192128,5962890,239.33,NONE,-0.4371,0.331,0.0,0.0,0.0,0.0,NO_SIGNAL,0.0
1788867061.7806437,5962890,238.28,NONE,-0.4352,0.3317,0.0,0.0,0.0,0.0,NO_SIGNAL,0.0
1788867062.8396096,5962890,237.21,YES,-0.5027,0.3076,0.23,0.0,0.0,0.03,BLOCKED_WINDOW_MAX_POS,0.0
1788867063.8903546,5962890,236.16,YES,-0.571,0.284,0.21,0.0,0.0,0.03,BLOCKED_WINDOW_MAX_POS,0.0
1788867065.0029018,5962890,235.1,YES,-0.5764,0.2822,0.21,0.0,0.0,0.03,BLOCKED_WINDOW_MAX_POS,0.0
1788867066.0552099,5962890,233.99,YES,-0.6092,0.2712,0.2,0.0,0.0,0.03,BLOCKED_WINDOW_MAX_POS,0.0
1788867067.1200879,5962890,232.93,YES,-0.6084,0.2715,0.2,0.0,0.0,0.03,BLOCKED_WINDOW_MAX_POS,0.0
1788867068.187787,5962890,231.87,YES,-0.6079,0.2716,0.2,0.0,0.0,0.03,BLOCKED_WINDOW_MAX_POS,0.0
1788867069.2951732,5962890,230.8,YES,-0.5888,0.278,0.2,0.0,0.0,0.03,BLOCKED_WINDOW_MAX_POS,0.0
1788867070.3555136,5962890,229.69,NONE,-0.4736,0.3179,0.0,0.0,0.0,0.0,NO_SIGNAL,0.0
1788867071.4194477,5962890,228.64,NONE,-0.4392,0.3303,0.0,0.0,0.0,0.0,NO_SIGNAL,0.0
1788867072.4719698,5962890,227.57,NONE,-0.4282,0.3343,0.0,0.0,0.0,0.0,NO_SIGNAL,0.0
1788867073.522851,5962890,226.52,NONE,-0.421,0.3369,0.0,0.0,0.0,0.0,NO_SIGNAL,0.0
1788867074.5751803,5962890,225.47,YES,-0.4103,0.3408,0.31,0.0,0.0,0.03,BLOCKED_WINDOW_MAX_POS,0.0
1788867075.6464694,5962890,224.42,NONE,-0.3429,0.3658,0.0,0.0,0.0,0.0,BLOCKED_NOISE,0.0
1788867076.7431483,5962890,223.34,YES,-0.3628,0.3584,0.31,0.0,0.0,0.03,BLOCKED_WINDOW_MAX_POS,0.0
1788867077.8066328,5962890,222.24,NONE,-0.2318,0.4083,0.0,0.0,0.0,0.0,BLOCKED_NOISE,0.0
1788867078.8603098,5962890,221.19,NONE,-0.2166,0.4142,0.0,0.0,0.0,0.0,BLOCKED_NOISE,0.0
1788867079.9162261,5962890,220.14,NONE,-0.2167,0.4142,0.0,0.0,0.0,0.0,BLOCKED_NOISE,0.0
1788867081.0131557,5962890,219.08,NONE,-0.2258,0.4107,0.0,0.0,0.0,0.0,BLOCKED_NOISE,0.0
1788867082.0635145,5962890,217.98,NONE,-0.2309,0.4087,0.0,0.0,0.0,0.0,BLOCKED_NOISE,0.0
1788867083.1128082,5962890,216.93,NONE,-0.2311,0.4086,0.0,0.0,0.0,0.0,BLOCKED_NOISE,0.0
1788867084.16019,5962890,215.88,NONE,-0.231,0.4087,0.0,0.0,0.0,0.0,BLOCKED_NOISE,0.0
1788867085.2195547,5962890,214.83,NONE,-0.2309,0.4087,0.0,0.0,0.0,0.0,BLOCKED_NOISE,0.0
1788867086.2706635,5962890,213.78,NONE,-0.2309,0.4087,0.0,0.0,0.0,0.0,BLOCKED_NOISE,0.0
1788867087.3308392,5962890,212.71,NONE,-0.2312,0.4086,0.0,0.0,0.0,0.0,BLOCKED_NOISE,0.0
1788867088.3963625,5962890,211.66,NONE,-0.246,0.4029,0.0,0.0,0.0,0.0,BLOCKED_NOISE,0.0
1788867089.4456596,5962890,210.6,NONE,-0.2077,0.4177,0.0,0.0,0.0,0.0,BLOCKED_NOISE,0.0
1788867090.4911861,5962890,209.55,NONE,-0.2175,0.4139,0.0,0.0,0.0,0.0,BLOCKED_NOISE,0.0
1788867091.5458462,5962890,208.5,NONE,-0.2182,0.4137,0.0,0.0,0.0,0.0,BLOCKED_NOISE,0.0
1788867092.597624,5962890,207.45,NONE,-0.2186,0.4135,0.0,0.0,0.0,0.0,BLOCKED_NOISE,0.0
1788867093.6523194,5962890,206.4,NONE,-0.1468,0.4416,0.0,0.0,0.0,0.0,BLOCKED_NOISE,0.0
1788867094.7003295,5962890,205.35,NONE,-0.1473,0.4414,0.0,0.0,0.0,0.0,BLOCKED_NOISE,0.0
1788867095.7536976,5962890,204.29,NONE,-0.1441,0.4427,0.0,0.0,0.0,0.0,BLOCKED_NOISE,0.0
1788867096.852968,5962890,203.24,NONE,-0.143,0.4432,0.0,0.0,0.0,0.0,BLOCKED_NOISE,0.0
1788867097.9117696,5962890,202.14,NONE,-0.1436,0.4429,0.0,0.0,0.0,0.0,BLOCKED_NOISE,0.0
1788867098.9655247,5962890,201.09,NONE,-0.1443,0.4426,0.0,0.0,0.0,0.0,BLOCKED_NOISE,0.0
1788867100.0246298,5962890,200.02,NONE,-0.1451,0.4423,0.0,0.0,0.0,0.0,BLOCKED_NOISE,0.0
1788867101.093553,5962890,198.97,NONE,-0.1487,0.4409,0.0,0.0,0.0,0.0,BLOCKED_NOISE,0.0
1788867102.1433263,5962890,197.9,NONE,-0.116,0.4538,0.0,0.0,0.0,0.0,BLOCKED_NOISE,0.0
1788867103.1950293,5962890,196.85,NONE,-0.1237,0.4508,0.0,0.0,0.0,0.0,BLOCKED_NOISE,0.0
1788867104.246219,5962890,195.8,NONE,-0.1325,0.4473,0.0,0.0,0.0,0.0,BLOCKED_NOISE,0.0
1788867105.2930272,5962890,194.75,NONE,-0.1392,0.4447,0.0,0.0,0.0,0.0,BLOCKED_NOISE,0.0
1788867106.3423884,5962890,193.7,NONE,-0.1445,0.4425,0.0,0.0,0.0,0.0,BLOCKED_NOISE,0.0
1788867107.3985684,5962890,192.65,NONE,-0.1496,0.4406,0.0,0.0,0.0,0.0,BLOCKED_NOISE,0.0
1788867108.4569595,5962890,191.59,NONE,-0.1571,0.4376,0.0,0.0,0.0,0.0,BLOCKED_NOISE,0.0
1788867109.505353,5962890,190.54,NONE,-0.1578,0.4373,0.0,0.0,0.0,0.0,BLOCKED_NOISE,0.0
1788867110.5612435,5962890,189.48,NONE,-0.1653,0.4344,0.0,0.0,0.0,0.0,BLOCKED_NOISE,0.0
1788867111.617934,5962890,188.43,NONE,-0.1687,0.433,0.0,0.0,0.0,0.0,BLOCKED_NOISE,0.0
1788867112.721008,5962890,187.37,NONE,-0.1747,0.4307,0.0,0.0,0.0,0.0,BLOCKED_NOISE,0.0
1788867113.7771423,5962890,186.28,NONE,-0.1785,0.4292,0.0,0.0,0.0,0.0,BLOCKED_NOISE,0.0
1788867114.8238685,5962890,185.22,NONE,0.027,0.5108,0.0,0.0,0.0,0.0,BLOCKED_NOISE,0.0
1788867115.8729796,5962890,184.17,NONE,0.1332,0.553,0.0,0.0,0.0,0.0,BLOCKED_NOISE,0.0
1788867116.9331007,5962890,183.11,NONE,0.1408,0.556,0.0,0.0,0.0,0.0,BLOCKED_NOISE,0.0
1788867117.9842043,5962890,182.06,NONE,0.1409,0.556,0.0,0.0,0.0,0.0,BLOCKED_NOISE,0.0
1788867119.033369,5962890,181.01,NONE,0.1375,0.5547,0.0,0.0,0.0,0.0,BLOCKED_NOISE,0.0
1788867120.0809863,5962890,179.96,NONE,0.1374,0.5547,0.0,0.0,0.0,0.0,BLOCKED_NOISE,0.0
1788867121.1705687,5962890,178.91,NONE,0.336,0.6316,0.0,0.0,0.0,0.0,BLOCKED_NOISE,0.0
1788867122.2190964,5962890,177.83,YES,0.3509,0.6372,0.6,0.0,0.0,0.03,BLOCKED_WINDOW_MAX_POS,0.0
1788867123.2936492,5962890,176.78,YES,0.6484,0.7416,0.69,0.0,0.0,0.03,BLOCKED_WINDOW_MAX_POS,0.0
1788867124.3521583,5962890,175.69,YES,0.6671,0.7476,0.68,0.0,0.0,0.03,BLOCKED_WINDOW_MAX_POS,0.0
1788867125.4077296,5962890,174.64,NONE,0.7556,0.775,0.0,0.0,0.0,0.0,NO_SIGNAL,0.0
1788867126.4705224,5962890,173.59,YES,0.7609,0.7766,0.74,0.0,0.0,0.03,BLOCKED_WINDOW_MAX_POS,0.0
1788867127.524712,5962890,172.52,YES,0.7632,0.7773,0.74,0.0,0.0,0.03,BLOCKED_WINDOW_MAX_POS,0.0
1788867128.6334372,5962890,171.47,YES,0.7654,0.778,0.74,0.0,0.0,0.03,BLOCKED_WINDOW_MAX_POS,0.0
1788867129.685476,5962890,170.36,YES,0.7676,0.7786,0.74,0.0,0.0,0.03,BLOCKED_WINDOW_MAX_POS,0.0
1788867130.7357147,5962890,169.31,YES,0.7697,0.7793,0.74,0.0,0.0,0.03,BLOCKED_WINDOW_MAX_POS,0.0
1788867131.8026724,5962890,168.25,NONE,0.7561,0.7752,0.0,0.0,0.0,0.0,NO_SIGNAL,0.0
1788867132.8620117,5962890,167.18,NONE,0.7568,0.7754,0.0,0.0,0.0,0.0,NO_SIGNAL,0.0
1788867133.9122527,5962890,166.13,NONE,0.7497,0.7733,0.0,0.0,0.0,0.0,NO_SIGNAL,0.0
1788867134.9663298,5962890,165.08,NONE,0.7358,0.7691,0.0,0.0,0.0,0.0,NO_SIGNAL,0.0
1788867136.0367942,5962890,164.02,NONE,0.7375,0.7696,0.0,0.0,0.0,0.0,NO_SIGNAL,0.0
1788867137.1087854,5962890,162.96,NONE,0.7225,0.765,0.0,0.0,0.0,0.0,NO_SIGNAL,0.0
1788867138.1566274,5962890,161.89,NONE,0.7247,0.7657,0.0,0.0,0.0,0.0,NO_SIGNAL,0.0
1788867139.212377,5962890,160.84,NONE,0.7268,0.7663,0.0,0.0,0.0,0.0,NO_SIGNAL,0.0
1788867140.273165,5962890,159.77,NONE,0.7291,0.767,0.0,0.0,0.0,0.0,NO_SIGNAL,0.0
1788867141.3261213,5962890,158.72,NONE,0.7312,0.7677,0.0,0.0,0.0,0.0,NO_SIGNAL,0.0
1788867142.3745458,5962890,157.67,NONE,0.7331,0.7683,0.0,0.0,0.0,0.0,NO_SIGNAL,0.0
1788867143.423498,5962890,156.62,NONE,0.7352,0.7689,0.0,0.0,0.0,0.0,NO_SIGNAL,0.0
1788867144.5247164,5962890,155.57,NONE,0.7373,0.7695,0.0,0.0,0.0,0.0,NO_SIGNAL,0.0
1788867145.5763195,5962890,154.47,NONE,0.7329,0.7682,0.0,0.0,0.0,0.0,NO_SIGNAL,0.0
1788867146.6445994,5962890,153.41,NONE,0.7351,0.7688,0.0,0.0,0.0,0.0,NO_SIGNAL,0.0
1788867147.7028363,5962890,152.34,NONE,0.7356,0.769,0.0,0.0,0.0,0.0,NO_SIGNAL,0.0
1788867148.7486749,5962890,151.3,NONE,0.7398,0.7703,0.0,0.0,0.0,0.0,NO_SIGNAL,0.0
1788867149.806131,5962890,150.24,NONE,0.7421,0.771,0.0,0.0,0.0,0.0,NO_SIGNAL,0.0
1788867150.8552036,5962890,149.19,NONE,0.744,0.7716,0.0,0.0,0.0,0.0,NO_SIGNAL,0.0
1788867151.9036813,5962890,148.14,NONE,0.7463,0.7723,0.0,0.0,0.0,0.0,NO_SIGNAL,0.0
1788867152.9609134,5962890,147.09,NONE,0.7486,0.773,0.0,0.0,0.0,0.0,NO_SIGNAL,0.0
1788867154.0181904,5962890,146.03,NONE,0.7841,0.7835,0.0,0.0,0.0,0.0,NO_SIGNAL,0.0
1788867155.0767772,5962890,144.98,NONE,0.9382,0.8259,0.0,0.0,0.0,0.0,NO_SIGNAL,0.0
1788867156.1359844,5962890,143.91,NONE,0.9339,0.8248,0.0,0.0,0.0,0.0,NO_SIGNAL,0.0
1788867157.2251182,5962890,142.85,NONE,0.951,0.8292,0.0,0.0,0.0,0.0,NO_SIGNAL,0.0
1788867158.2761924,5962890,141.77,NONE,0.9589,0.8312,0.0,0.0,0.0,0.0,NO_SIGNAL,0.0
1788867159.3319075,5962890,140.71,NONE,0.9611,0.8318,0.0,0.0,0.0,0.0,NO_SIGNAL,0.0
1788867160.4378932,5962890,139.66,NONE,0.9638,0.8324,0.0,0.0,0.0,0.0,NO_SIGNAL,0.0
1788867161.4979699,5962890,138.55,NONE,0.9668,0.8332,0.0,0.0,0.0,0.0,NO_SIGNAL,0.0
1788867162.5608957,5962890,137.49,NONE,0.97,0.834,0.0,0.0,0.0,0.0,NO_SIGNAL,0.0
1788867163.6211305,5962890,136.42,NONE,0.9734,0.8348,0.0,0.0,0.0,0.0,NO_SIGNAL,0.0
1788867164.6742454,5962890,135.37,NONE,0.9718,0.8344,0.0,0.0,0.0,0.0,NO_SIGNAL,0.0
1788867165.730762,5962890,134.32,NONE,0.9642,0.8325,0.0,0.0,0.0,0.0,NO_SIGNAL,0.0
1788867166.788159,5962890,133.26,NONE,0.9683,0.8335,0.0,0.0,0.0,0.0,NO_SIGNAL,0.0
1788867167.8520756,5962890,132.21,NONE,0.9789,0.8362,0.0,0.0,0.0,0.0,NO_SIGNAL,0.0
1788867168.9172912,5962890,131.14,NONE,0.9824,0.8371,0.0,0.0,0.0,0.0,NO_SIGNAL,0.0
1788867169.9692621,5962890,130.08,NO,0.9859,0.1621,0.13,0.0,0.0,0.03,BLOCKED_WINDOW_MAX_POS,0.0
1788867171.0321338,5962890,129.01,NO,0.9901,0.1611,0.13,0.0,0.0,0.03,BLOCKED_WINDOW_MAX_POS,0.0
1788867172.0809147,5962890,127.97,NO,0.9937,0.1602,0.13,0.0,0.0,0.03,BLOCKED_WINDOW_MAX_POS,0.0
1788867173.1293066,5962890,126.92,NONE,0.9973,0.8407,0.0,0.0,0.0,0.0,NO_SIGNAL,0.0
1788867174.1748512,5962890,125.87,NONE,1.0007,0.8415,0.0,0.0,0.0,0.0,NO_SIGNAL,0.0
1788867175.226412,5962890,124.82,NONE,1.0044,0.8424,0.0,0.0,0.0,0.0,NO_SIGNAL,0.0
1788867176.322451,5962890,123.77,NONE,0.7532,0.7743,0.0,0.0,0.0,0.0,NO_SIGNAL,0.0
1788867177.3723118,5962890,122.67,NONE,0.7563,0.7753,0.0,0.0,0.0,0.0,NO_SIGNAL,0.0
1788867178.4253418,5962890,121.62,NO,0.7593,0.2238,0.19,0.0,0.0,0.03,BLOCKED_WINDOW_MAX_POS,0.0
1788867179.4822335,5962890,120.56,NO,0.8592,0.1951,0.13,0.0,0.0,0.03,BLOCKED_WINDOW_MAX_POS,0.0
1788867180.5418234,5962890,119.51,NO,0.9724,0.1654,0.11,0.0,0.0,0.03,BLOCKED_WINDOW_MAX_POS,0.0
1788867181.5931923,5962890,118.45,NO,0.9764,0.1644,0.11,0.0,0.0,0.03,BLOCKED_WINDOW_MAX_POS,0.0
1788867182.6537797,5962890,117.4,NO,0.9806,0.1634,0.11,0.0,0.0,0.03,BLOCKED_WINDOW_MAX_POS,0.0
1788867183.722669,5962890,116.33,NO,0.9893,0.1613,0.11,0.0,0.0,0.03,BLOCKED_WINDOW_MAX_POS,0.0
1788867184.776953,5962890,115.27,NO,0.9936,0.1602,0.11,0.0,0.0,0.03,BLOCKED_WINDOW_MAX_POS,0.0
1788867185.8439393,5962890,114.22,NO,0.989,0.1613,0.11,0.0,0.0,0.03,BLOCKED_WINDOW_MAX_POS,0.0
1788867186.902838,5962890,113.15,NO,1.0075,0.1569,0.11,0.0,0.0,0.03,BLOCKED_WINDOW_MAX_POS,0.0
1788867187.955902,5962890,112.09,NONE,1.0119,0.8442,0.0,0.0,0.0,0.0,NO_SIGNAL,0.0
1788867189.003627,5962890,111.04,NONE,0.9631,0.8323,0.0,0.0,0.0,0.0,NO_SIGNAL,0.0
1788867190.0518641,5962890,109.99,NO,0.9363,0.1745,0.14,0.0,0.0,0.03,BLOCKED_WINDOW_MAX_POS,0.0
1788867191.1015716,5962890,108.94,NO,0.8597,0.195,0.14,0.0,0.0,0.03,BLOCKED_WINDOW_MAX_POS,0.0
1788867192.1983862,5962890,107.89,NO,0.7024,0.2412,0.2,0.0,0.0,0.03,BLOCKED_WINDOW_MAX_POS,0.0
1788867193.2581103,5962890,106.79,NO,0.7063,0.24,0.19,0.0,0.0,0.03,BLOCKED_WINDOW_MAX_POS,0.0
1788867194.308353,5962890,105.74,NO,0.7076,0.2396,0.19,0.0,0.0,0.03,BLOCKED_WINDOW_MAX_POS,0.0
1788867195.3657632,5962890,104.68,NO,0.7156,0.2371,0.18,0.0,0.0,0.03,BLOCKED_WINDOW_MAX_POS,0.0
1788867196.4190867,5962890,103.63,NO,0.719,0.2361,0.17,0.0,0.0,0.03,BLOCKED_WINDOW_MAX_POS,0.0
1788867197.4819415,5962890,102.57,NO,0.7222,0.2351,0.17,0.0,0.0,0.03,BLOCKED_WINDOW_MAX_POS,0.0
1788867198.5367062,5962890,101.51,NO,0.7264,0.2338,0.17,0.0,0.0,0.03,BLOCKED_WINDOW_MAX_POS,0.0
1788867199.584387,5962890,100.46,NO,0.7294,0.2329,0.19,0.0,0.0,0.03,BLOCKED_WINDOW_MAX_POS,0.0
1788867200.6382737,5962890,99.41,NO,0.7353,0.2311,0.19,0.0,0.0,0.03,BLOCKED_WINDOW_MAX_POS,0.0
1788867201.6916385,5962890,98.35,NO,0.7394,0.2298,0.19,0.0,0.0,0.03,BLOCKED_WINDOW_MAX_POS,0.0
1788867202.743553,5962890,97.3,NO,0.7626,0.2228,0.18,0.0,0.0,0.03,BLOCKED_WINDOW_MAX_POS,0.0
1788867203.800226,5962890,96.25,NO,0.767,0.2215,0.16,0.0,0.0,0.03,BLOCKED_WINDOW_MAX_POS,0.0
1788867204.8653712,5962890,95.19,NO,0.7573,0.2244,0.15,0.0,0.0,0.03,BLOCKED_WINDOW_MAX_POS,0.0
1788867205.927959,5962890,94.12,NO,0.7809,0.2174,0.15,0.0,0.0,0.03,BLOCKED_WINDOW_MAX_POS,0.0
1788867206.9799778,5962890,93.07,NO,0.7845,0.2164,0.15,0.0,0.0,0.03,BLOCKED_WINDOW_MAX_POS,0.0
1788867208.0785575,5962890,92.01,NO,0.7926,0.214,0.14,0.0,0.0,0.03,BLOCKED_WINDOW_MAX_POS,0.0
1788867209.136866,5962890,90.91,NO,0.7987,0.2122,0.11,0.0,0.0,0.03,BLOCKED_WINDOW_MAX_POS,0.0
1788867210.1867957,5962890,89.86,NO,0.7993,0.2121,0.11,0.0,0.0,0.03,BLOCKED_WINDOW_MAX_POS,0.0
1788867211.2344775,5962890,88.81,NO,0.8065,0.21,0.11,0.0,0.0,0.03,BLOCKED_WINDOW_MAX_POS,0.0
1788867212.2847526,5962890,87.76,NO,0.811,0.2087,0.1,0.0,0.0,0.03,BLOCKED_WINDOW_MAX_POS,0.0
1788867213.3310533,5962890,86.71,NO,0.8163,0.2072,0.1,0.0,0.0,0.03,BLOCKED_WINDOW_MAX_POS,0.0
1788867214.3876395,5962890,85.66,NO,0.7945,0.2134,0.11,0.0,0.0,0.03,BLOCKED_WINDOW_MAX_POS,0.0
1788867215.4346032,5962890,84.61,NO,0.796,0.213,0.1,0.0,0.0,0.03,BLOCKED_WINDOW_MAX_POS,0.0
1788867216.4844725,5962890,83.56,NO,0.8014,0.2115,0.1,0.0,0.0,0.03,BLOCKED_WINDOW_MAX_POS,0.0
1788867217.5383708,5962890,82.51,NO,0.8068,0.2099,0.09,0.0,0.0,0.03,BLOCKED_WINDOW_MAX_POS,0.0
1788867218.5902884,5962890,81.46,NO,0.8124,0.2083,0.09,0.0,0.0,0.03,BLOCKED_WINDOW_MAX_POS,0.0
1788867219.6558895,5962890,80.39,NO,0.815,0.2075,0.1,0.0,0.0,0.03,BLOCKED_WINDOW_MAX_POS,0.0
1788867220.7166739,5962890,79.33,NO,0.832,0.2027,0.1,0.0,0.0,0.03,BLOCKED_WINDOW_MAX_POS,0.0
1788867221.762909,5962890,78.28,NO,0.8579,0.1955,0.1,0.0,0.0,0.03,BLOCKED_WINDOW_MAX_POS,0.0
1788867222.83152,5962890,77.24,NO,0.863,0.1941,0.09,0.0,0.0,0.03,BLOCKED_WINDOW_MAX_POS,0.0
1788867223.926511,5962890,76.16,NO,0.8739,0.1911,0.09,0.0,0.0,0.03,BLOCKED_WINDOW_MAX_POS,0.0
1788867224.9929311,5962890,75.06,NO,0.8813,0.1891,0.11,0.0,0.0,0.03,BLOCKED_WINDOW_MAX_POS,0.0
1788867226.0463023,5962890,74.0,NO,0.8816,0.189,0.11,0.0,0.0,0.03,BLOCKED_WINDOW_MAX_POS,0.0
1788867227.093903,5962890,72.95,NO,0.8886,0.1871,0.1,0.0,0.0,0.03,BLOCKED_WINDOW_MAX_POS,0.0
1788867228.145212,5962890,71.9,NO,0.8951,0.1854,0.12,0.0,0.0,0.03,BLOCKED_WINDOW_MAX_POS,0.0
1788867229.1952038,5962890,70.85,NO,0.9075,0.1821,0.09,0.0,0.0,0.03,BLOCKED_WINDOW_MAX_POS,0.0
1788867230.246741,5962890,69.8,NO,0.9146,0.1802,0.09,0.0,0.0,0.03,BLOCKED_WINDOW_MAX_POS,0.0
1788867231.31317,5962890,68.74,NO,0.9189,0.1791,0.09,0.0,0.0,0.03,BLOCKED_WINDOW_MAX_POS,0.0
1788867232.363005,5962890,67.68,NO,0.9264,0.1771,0.08,0.0,0.0,0.03,BLOCKED_WINDOW_MAX_POS,0.0
1788867233.4154084,5962890,66.63,NO,0.9339,0.1752,0.08,0.0,0.0,0.03,BLOCKED_WINDOW_MAX_POS,0.0
1788867234.4668915,5962890,65.58,NO,0.9075,0.1821,0.07,0.0,0.0,0.03,BLOCKED_WINDOW_MAX_POS,0.0
1788867235.520202,5962890,64.53,NO,0.9424,0.173,0.07,0.0,0.0,0.03,BLOCKED_WINDOW_MAX_POS,0.0
1788867236.5777934,5962890,63.47,NO,0.9549,0.1698,0.07,0.0,0.0,0.03,BLOCKED_WINDOW_MAX_POS,0.0
1788867237.651292,5962890,62.42,NO,0.9676,0.1666,0.06,0.0,0.0,0.03,BLOCKED_WINDOW_MAX_POS,0.0
1788867238.7078297,5962890,61.34,NO,0.954,0.17,0.06,0.0,0.0,0.03,BLOCKED_WINDOW_MAX_POS,0.0
1788867239.8033285,5962890,60.29,NO,0.9619,0.168,0.06,0.0,0.0,0.03,BLOCKED_WINDOW_MAX_POS,0.0
1788867240.8569508,5962890,59.19,NO,0.96,0.1685,0.06,0.0,0.0,0.03,BLOCKED_WINDOW_MAX_POS,0.0
1788867241.9096,5962890,58.14,NO,0.9693,0.1662,0.06,0.0,0.0,0.03,BLOCKED_WINDOW_MAX_POS,0.0
1788867242.9574277,5962890,57.09,NO,0.9624,0.1679,0.05,0.0,0.0,0.03,BLOCKED_WINDOW_MAX_POS,0.0
1788867244.0202157,5962890,56.03,NO,0.9845,0.1624,0.05,0.0,0.0,0.03,BLOCKED_WINDOW_MAX_POS,0.0
1788867245.081888,5962890,54.96,NO,0.9945,0.16,0.04,0.0,0.0,0.03,BLOCKED_WINDOW_MAX_POS,0.0
1788867246.1350155,5962890,53.91,NO,1.032,0.151,0.03,0.0,0.0,0.03,BLOCKED_WINDOW_MAX_POS,0.0
1788867247.1872966,5962890,52.86,NO,1.0426,0.1486,0.03,0.0,0.0,0.03,BLOCKED_WINDOW_MAX_POS,0.0
1788867248.2406387,5962890,51.8,NO,1.0544,0.1458,0.03,0.0,0.0,0.03,BLOCKED_WINDOW_MAX_POS,0.0
1788867249.2966034,5962890,50.75,NO,1.0662,0.1432,0.03,0.0,0.0,0.03,BLOCKED_WINDOW_MAX_POS,0.0
1788867250.3517203,5962890,49.7,NO,1.0869,0.1386,0.02,0.0,0.0,0.03,BLOCKED_WINDOW_MAX_POS,0.0
1788867251.411881,5962890,48.64,NO,1.1137,0.1327,0.02,0.0,0.0,0.03,BLOCKED_WINDOW_MAX_POS,0.0
1788867252.4758713,5962890,47.59,NO,1.1286,0.1295,0.02,0.0,0.0,0.03,BLOCKED_WINDOW_MAX_POS,0.0
1788867253.535329,5962890,46.51,NO,1.1357,0.1281,0.02,0.0,0.0,0.03,BLOCKED_WINDOW_MAX_POS,0.0
1788867254.5920224,5962890,45.45,NO,1.1434,0.1264,0.02,0.0,0.0,0.03,BLOCKED_WINDOW_MAX_POS,0.0
1788867255.7084942,5962890,44.4,NO,1.1547,0.1241,0.02,0.0,0.0,0.03,BLOCKED_WINDOW_MAX_POS,0.0
1788867256.7684455,5962890,43.28,NO,1.1729,0.1204,0.02,0.0,0.0,0.03,BLOCKED_WINDOW_MAX_POS,0.0
1788867257.824026,5962890,42.22,NO,1.1877,0.1175,0.02,0.0,0.0,0.03,BLOCKED_WINDOW_MAX_POS,0.0
1788867258.8716989,5962890,41.17,NO,1.1878,0.1175,0.02,0.0,0.0,0.03,BLOCKED_WINDOW_MAX_POS,0.0
1788867259.9234214,5962890,40.12,YES,1.2038,0.8857,0.0,0.0,0.0,0.035,BLOCKED_WINDOW_MAX_POS,0.0
1788867260.980036,5962890,39.07,YES,1.0728,0.8583,0.0,0.0,0.0,0.035,BLOCKED_WINDOW_MAX_POS,0.0
1788867262.0286322,5962890,38.02,YES,1.086,0.8613,0.0,0.0,0.0,0.035,BLOCKED_WINDOW_MAX_POS,0.0
1788867263.0802236,5962890,36.97,YES,1.1026,0.8649,0.0,0.0,0.0,0.035,BLOCKED_WINDOW_MAX_POS,0.0
1788867264.1365407,5962890,35.92,YES,1.1203,0.8687,0.0,0.0,0.0,0.035,BLOCKED_WINDOW_MAX_POS,0.0
1788867265.1949663,5962890,34.85,YES,1.1392,0.8727,0.0,0.0,0.0,0.035,BLOCKED_WINDOW_MAX_POS,0.0
1788867266.2522185,5962890,33.79,YES,1.1587,0.8767,0.0,0.0,0.0,0.035,BLOCKED_WINDOW_MAX_POS,0.0
1788867267.306438,5962890,32.74,YES,1.1784,0.8807,0.0,0.0,0.0,0.035,BLOCKED_WINDOW_MAX_POS,0.0
1788867268.357475,5962890,31.69,YES,1.2014,0.8852,0.0,0.0,0.0,0.035,BLOCKED_WINDOW_MAX_POS,0.0
1788867269.415957,5962890,30.63,YES,1.223,0.8893,0.0,0.0,0.0,0.035,BLOCKED_WINDOW_MAX_POS,0.0
1788867270.4692848,5962890,29.58,YES,1.2465,0.8937,0.0,0.0,0.0,0.035,BLOCKED_WINDOW_MAX_POS,0.0
1788867271.5170155,5962890,28.53,YES,1.2745,0.8988,0.0,0.0,0.0,0.035,BLOCKED_WINDOW_MAX_POS,0.0
1788867272.567913,5962890,27.48,YES,1.3007,0.9033,0.0,0.0,0.0,0.035,BLOCKED_WINDOW_MAX_POS,0.0
1788867273.6232398,5962890,26.42,YES,1.3247,0.9074,0.0,0.0,0.0,0.035,BLOCKED_WINDOW_MAX_POS,0.0
1788867274.668722,5962890,25.38,YES,1.3541,0.9121,0.0,0.0,0.0,0.035,BLOCKED_WINDOW_MAX_POS,0.0
1788867275.7288647,5962890,24.32,YES,1.386,0.9171,0.0,0.0,0.0,0.035,BLOCKED_WINDOW_MAX_POS,0.0
1788867276.7802749,5962890,23.27,YES,1.4195,0.9221,0.0,0.0,0.0,0.035,BLOCKED_WINDOW_MAX_POS,0.0
1788867277.8343337,5962890,22.21,YES,1.4556,0.9272,0.0,0.0,0.0,0.035,BLOCKED_WINDOW_MAX_POS,0.0
1788867278.8804128,5962890,21.17,YES,1.4954,0.9326,0.0,0.0,0.0,0.035,BLOCKED_WINDOW_MAX_POS,0.0
1788867279.9381554,5962890,20.11,YES,1.5381,0.938,0.0,0.0,0.0,0.035,BLOCKED_WINDOW_MAX_POS,0.0
1788867280.9972515,5962890,19.05,YES,1.6986,0.9553,0.0,0.0,0.0,0.035,BLOCKED_WINDOW_MAX_POS,0.0
1788867282.0476928,5962890,18.0,YES,1.772,0.9618,0.0,0.0,0.0,0.035,BLOCKED_WINDOW_MAX_POS,0.0
1788867283.100727,5962890,16.95,YES,1.828,0.9662,0.0,0.0,0.0,0.035,BLOCKED_WINDOW_MAX_POS,0.0
1788867284.1661487,5962890,15.89,YES,1.8902,0.9706,0.0,0.0,0.0,0.035,BLOCKED_WINDOW_MAX_POS,0.0
1788867285.2256567,5962890,14.82,YES,1.9613,0.9751,0.0,0.0,0.0,0.035,BLOCKED_WINDOW_MAX_POS,0.0
1788867286.2798462,5962890,13.76,YES,2.0383,0.9792,0.0,0.0,0.0,0.035,BLOCKED_WINDOW_MAX_POS,0.0
1788867287.3313332,5962890,12.71,YES,2.1243,0.9832,0.0,0.0,0.0,0.035,BLOCKED_WINDOW_MAX_POS,0.0
1788867288.3976717,5962890,11.66,YES,2.2219,0.9869,0.0,0.0,0.0,0.035,BLOCKED_WINDOW_MAX_POS,0.0
1788867289.4588513,5962890,10.59,YES,2.3355,0.9902,0.0,0.0,0.0,0.035,BLOCKED_WINDOW_MAX_POS,0.0
1788867290.5134504,5962890,9.53,YES,2.4672,0.9932,0.0,0.0,0.0,0.035,BLOCKED_WINDOW_MAX_POS,0.0
1788867291.5705473,5962890,8.48,YES,2.7858,0.9973,0.0,0.0,0.0,0.035,BLOCKED_WINDOW_MAX_POS,0.0
1788867292.638054,5962890,7.42,YES,2.9719,0.9985,0.0,0.0,0.0,0.035,BLOCKED_WINDOW_MAX_POS,0.0
1788867293.7053897,5962890,6.35,YES,3.2066,0.9993,0.0,0.0,0.0,0.035,BLOCKED_WINDOW_MAX_POS,0.0
1788867294.766908,5962890,5.28,YES,3.5025,0.9998,0.0,0.0,0.0,0.035,BLOCKED_WINDOW_MAX_POS,0.0
1788867295.8167188,5962890,4.23,YES,3.9084,1.0,0.0,0.0,0.0,0.035,BLOCKED_WINDOW_MAX_POS,0.0
1788867296.877206,5962890,3.18,YES,4.8614,1.0,0.0,0.0,0.0,0.035,BLOCKED_WINDOW_MAX_POS,0.0
1788867297.9233797,5962890,2.12,YES,6.5128,1.0,0.0,0.0,0.0,0.035,BLOCKED_WINDOW_MAX_POS,0.0
1788867298.9782817,5962890,1.07,YES,9.1555,1.0,0.0,0.0,0.0,0.035,BLOCKED_WINDOW_MAX_POS,0.0
1788867300.037825,5962890,1.0,YES,7.8706,1.0,0.0,0.0,0.0,0.035,BLOCKED_WINDOW_MAX_POS,0.0
1788867301.4808817,5962891,298.96,NONE,-0.0956,0.4619,0.0,0.0,0.0,0.0,BLOCKED_NOISE,0.0
1788867302.54184,5962891,297.51,NONE,-0.2764,0.3911,0.0,0.0,0.0,0.0,BLOCKED_NOISE,0.0
1788867303.5979102,5962891,296.45,NONE,-0.2738,0.3921,0.0,0.0,0.0,0.0,BLOCKED_NOISE,0.0
1788867304.6594086,5962891,295.4,NONE,-0.2742,0.392,0.0,0.0,0.0,0.0,BLOCKED_NOISE,0.0
1788867305.7083468,5962891,294.34,NONE,-0.2748,0.3917,0.0,0.0,0.0,0.0,BLOCKED_NOISE,0.0
1788867306.7708871,5962891,293.28,NONE,-0.2752,0.3916,0.0,0.0,0.0,0.0,BLOCKED_NOISE,0.0
1788867307.8163247,5962891,292.23,NONE,-0.2799,0.3898,0.0,0.0,0.0,0.0,BLOCKED_NOISE,0.0
1788867308.8676379,5962891,291.17,NONE,-0.288,0.3867,0.0,0.0,0.0,0.0,BLOCKED_NOISE,0.0
1788867309.9216018,5962891,290.13,NONE,-0.289,0.3863,0.0,0.0,0.0,0.0,BLOCKED_NOISE,0.0
1788867310.971668,5962891,289.07,NONE,-0.2843,0.3881,0.0,0.0,0.0,0.0,BLOCKED_NOISE,0.0
1788867312.0190098,5962891,288.03,NONE,-0.2722,0.3927,0.0,0.0,0.0,0.0,BLOCKED_NOISE,0.0
1788867313.0667086,5962891,286.98,NONE,-0.2107,0.4166,0.0,0.0,0.0,0.0,BLOCKED_NOISE,0.0
1788867314.1152089,5962891,285.93,NONE,-0.2117,0.4162,0.0,0.0,0.0,0.0,BLOCKED_NOISE,0.0
1788867315.1679828,5962891,284.88,NONE,-0.2118,0.4161,0.0,0.0,0.0,0.0,BLOCKED_NOISE,0.0
1788867316.2362037,5962891,283.82,NONE,-0.2121,0.416,0.0,0.0,0.0,0.0,BLOCKED_NOISE,0.0
1788867317.3390133,5962891,282.75,NONE,-0.2141,0.4152,0.0,0.0,0.0,0.0,BLOCKED_NOISE,0.0
1788867318.3859959,5962891,281.66,NONE,-0.2123,0.4159,0.0,0.0,0.0,0.0,BLOCKED_NOISE,0.0
1788867319.441486,5962891,280.61,NONE,-0.2127,0.4158,0.0,0.0,0.0,0.0,BLOCKED_NOISE,0.0
1788867320.4885604,5962891,279.56,NONE,-0.2134,0.4155,0.0,0.0,0.0,0.0,BLOCKED_NOISE,0.0
1788867321.544935,5962891,278.5,NONE,-0.2138,0.4154,0.0,0.0,0.0,0.0,BLOCKED_NOISE,0.0
1788867322.6017194,5962891,277.44,NONE,-0.214,0.4153,0.0,0.0,0.0,0.0,BLOCKED_NOISE,0.0
1788867323.6685367,5962891,276.39,NONE,-0.22,0.4129,0.0,0.0,0.0,0.0,BLOCKED_NOISE,0.0
1788867324.7304606,5962891,275.32,NONE,-0.22,0.4129,0.0,0.0,0.0,0.0,BLOCKED_NOISE,0.0
1788867325.7912245,5962891,274.26,NONE,-0.2207,0.4127,0.0,0.0,0.0,0.0,BLOCKED_NOISE,0.0
1788867326.8434973,5962891,273.2,NONE,-0.2205,0.4127,0.0,0.0,0.0,0.0,BLOCKED_NOISE,0.0
1788867327.898008,5962891,272.15,NONE,-0.2553,0.3993,0.0,0.0,0.0,0.0,BLOCKED_NOISE,0.0
1788867328.9440014,5962891,271.1,NONE,-0.2536,0.3999,0.0,0.0,0.0,0.0,BLOCKED_NOISE,0.0
1788867330.0020478,5962891,270.04,NONE,-0.2542,0.3997,0.0,0.0,0.0,0.0,BLOCKED_NOISE,0.0
1788867331.0542357,5962891,268.99,NONE,-0.2237,0.4115,0.0,0.0,0.0,0.0,BLOCKED_NOISE,0.0
1788867332.1129186,5962891,267.93,NONE,-0.2234,0.4116,0.0,0.0,0.0,0.0,BLOCKED_NOISE,0.0
1788867333.2505214,5962891,266.88,NONE,-0.1218,0.4515,0.0,0.0,0.0,0.0,BLOCKED_NOISE,0.0
1788867334.3111193,5962891,265.74,NONE,-0.1246,0.4504,0.0,0.0,0.0,0.0,BLOCKED_NOISE,0.0
1788867335.3637714,5962891,264.69,NONE,-0.1289,0.4487,0.0,0.0,0.0,0.0,BLOCKED_NOISE,0.0
1788867336.4092293,5962891,263.64,NONE,-0.129,0.4487,0.0,0.0,0.0,0.0,BLOCKED_NOISE,0.0
1788867337.4654903,5962891,262.58,NONE,-0.1289,0.4487,0.0,0.0,0.0,0.0,BLOCKED_NOISE,0.0
1788867338.5231977,5962891,261.52,NONE,-0.1291,0.4486,0.0,0.0,0.0,0.0,BLOCKED_NOISE,0.0
1788867339.5887055,5962891,260.47,NONE,-0.1343,0.4466,0.0,0.0,0.0,0.0,BLOCKED_NOISE,0.0
1788867340.6533108,5962891,259.41,NONE,-0.1346,0.4465,0.0,0.0,0.0,0.0,BLOCKED_NOISE,0.0
1788867341.704391,5962891,258.34,NONE,-0.1345,0.4465,0.0,0.0,0.0,0.0,BLOCKED_NOISE,0.0
1788867342.767298,5962891,257.28,NONE,-0.1975,0.4217,0.0,0.0,0.0,0.0,BLOCKED_NOISE,0.0
1788867343.852426,5962891,256.22,NONE,-0.1972,0.4219,0.0,0.0,0.0,0.0,BLOCKED_NOISE,0.0
1788867344.912557,5962891,255.14,NONE,-0.1892,0.425,0.0,0.0,0.0,0.0,BLOCKED_NOISE,0.0
1788867345.9627218,5962891,254.08,NONE,-0.194,0.4231,0.0,0.0,0.0,0.0,BLOCKED_NOISE,0.0
1788867347.0181508,5962891,253.03,NONE,-0.1676,0.4335,0.0,0.0,0.0,0.0,BLOCKED_NOISE,0.0
1788867348.075135,5962891,251.98,NONE,-0.1681,0.4332,0.0,0.0,0.0,0.0,BLOCKED_NOISE,0.0
1788867349.1679068,5962891,250.92,NONE,-0.1685,0.4331,0.0,0.0,0.0,0.0,BLOCKED_NOISE,0.0
1788867350.2211711,5962891,249.82,NONE,-0.189,0.4251,0.0,0.0,0.0,0.0,BLOCKED_NOISE,0.0
1788867351.277566,5962891,248.77,NONE,-0.1832,0.4273,0.0,0.0,0.0,0.0,BLOCKED_NOISE,0.0
1788867352.3241189,5962891,247.72,NONE,-0.1837,0.4271,0.0,0.0,0.0,0.0,BLOCKED_NOISE,0.0
1788867353.3784893,5962891,246.67,NONE,-0.1614,0.4359,0.0,0.0,0.0,0.0,BLOCKED_NOISE,0.0
1788867354.4261127,5962891,245.62,NONE,-0.161,0.4361,0.0,0.0,0.0,0.0,BLOCKED_NOISE,0.0
1788867355.4874423,5962891,244.56,NONE,-0.1614,0.4359,0.0,0.0,0.0,0.0,BLOCKED_NOISE,0.0
1788867356.5391948,5962891,243.51,NONE,-0.1452,0.4423,0.0,0.0,0.0,0.0,BLOCKED_NOISE,0.0
1788867357.5906901,5962891,242.45,NONE,-0.1452,0.4423,0.0,0.0,0.0,0.0,BLOCKED_NOISE,0.0
1788867358.645302,5962891,241.41,NONE,-0.1692,0.4328,0.0,0.0,0.0,0.0,BLOCKED_NOISE,0.0
1788867359.7010772,5962891,240.34,NONE,-0.1695,0.4327,0.0,0.0,0.0,0.0,BLOCKED_NOISE,0.0
1788867360.7532218,5962891,239.29,NONE,-0.1699,0.4325,0.0,0.0,0.0,0.0,BLOCKED_NOISE,0.0
1788867361.797294,5962891,238.25,NONE,-0.1574,0.4375,0.0,0.0,0.0,0.0,BLOCKED_NOISE,0.0
1788867362.883709,5962891,237.19,NONE,-0.1585,0.437,0.0,0.0,0.0,0.0,BLOCKED_NOISE,0.0
1788867363.934023,5962891,236.11,NONE,-0.1589,0.4369,0.0,0.0,0.0,0.0,BLOCKED_NOISE,0.0
1788867365.043965,5962891,235.06,NONE,-0.2172,0.414,0.0,0.0,0.0,0.0,BLOCKED_NOISE,0.0
1788867366.0984051,5962891,233.95,NONE,-0.2098,0.4169,0.0,0.0,0.0,0.0,BLOCKED_NOISE,0.0
1788867367.1554675,5962891,232.89,NONE,-0.1883,0.4253,0.0,0.0,0.0,0.0,BLOCKED_NOISE,0.0
1788867368.2221668,5962891,231.84,NONE,-0.1887,0.4251,0.0,0.0,0.0,0.0,BLOCKED_NOISE,0.0
1788867369.2695699,5962891,230.77,NONE,-0.1893,0.4249,0.0,0.0,0.0,0.0,BLOCKED_NOISE,0.0
1788867370.32952,5962891,229.72,NONE,-0.1898,0.4247,0.0,0.0,0.0,0.0,BLOCKED_NOISE,0.0
1788867371.3812373,5962891,228.67,NONE,-0.1747,0.4306,0.0,0.0,0.0,0.0,BLOCKED_NOISE,0.0
1788867372.432049,5962891,227.61,NONE,-0.1752,0.4305,0.0,0.0,0.0,0.0,BLOCKED_NOISE,0.0
1788867373.4792802,5962891,226.57,NONE,-0.1633,0.4352,0.0,0.0,0.0,0.0,BLOCKED_NOISE,0.0
1788867374.5347703,5962891,225.52,NONE,-0.1551,0.4384,0.0,0.0,0.0,0.0,BLOCKED_NOISE,0.0
1788867375.5954814,5962891,224.45,NONE,-0.1447,0.4425,0.0,0.0,0.0,0.0,BLOCKED_NOISE,0.0
1788867376.651789,5962891,223.4,NONE,-0.1455,0.4422,0.0,0.0,0.0,0.0,BLOCKED_NOISE,0.0
1788867377.7116234,5962891,222.34,NONE,-0.1422,0.4435,0.0,0.0,0.0,0.0,BLOCKED_NOISE,0.0
1788867378.768596,5962891,221.28,NONE,-0.1419,0.4436,0.0,0.0,0.0,0.0,BLOCKED_NOISE,0.0
1788867379.8188381,5962891,220.23,NONE,-0.141,0.4439,0.0,0.0,0.0,0.0,BLOCKED_NOISE,0.0
1788867380.964738,5962891,219.17,NONE,-0.1365,0.4457,0.0,0.0,0.0,0.0,BLOCKED_NOISE,0.0
1788867382.0153582,5962891,218.03,NONE,-0.137,0.4455,0.0,0.0,0.0,0.0,BLOCKED_NOISE,0.0
1788867383.0661495,5962891,216.98,NONE,-0.1386,0.4449,0.0,0.0,0.0,0.0,BLOCKED_NOISE,0.0
1788867384.1264937,5962891,215.93,NONE,-0.1392,0.4446,0.0,0.0,0.0,0.0,BLOCKED_NOISE,0.0
1788867385.1801481,5962891,214.86,NONE,-0.1606,0.4362,0.0,0.0,0.0,0.0,BLOCKED_NOISE,0.0
1788867386.2256057,5962891,213.82,NONE,-0.1694,0.4328,0.0,0.0,0.0,0.0,BLOCKED_NOISE,0.0
1788867387.2740219,5962891,212.77,NONE,-0.1738,0.431,0.0,0.0,0.0,0.0,BLOCKED_NOISE,0.0
1788867388.3292198,5962891,211.72,NONE,-0.1743,0.4308,0.0,0.0,0.0,0.0,BLOCKED_NOISE,0.0
1788867389.4069307,5962891,210.66,NONE,-0.2022,0.4199,0.0,0.0,0.0,0.0,BLOCKED_NOISE,0.0
1788867390.465447,5962891,209.58,NONE,-0.2191,0.4133,0.0,0.0,0.0,0.0,BLOCKED_NOISE,0.0
1788867391.5101364,5962891,208.53,NONE,-0.2195,0.4131,0.0,0.0,0.0,0.0,BLOCKED_NOISE,0.0
1788867392.5557532,5962891,207.49,NONE,-0.2203,0.4128,0.0,0.0,0.0,0.0,BLOCKED_NOISE,0.0
1788867393.6179452,5962891,206.43,NONE,-0.2193,0.4132,0.0,0.0,0.0,0.0,BLOCKED_NOISE,0.0
1788867394.6843386,5962891,205.37,NONE,-0.1946,0.4228,0.0,0.0,0.0,0.0,BLOCKED_NOISE,0.0
1788867395.745887,5962891,204.3,NONE,-0.1782,0.4293,0.0,0.0,0.0,0.0,BLOCKED_NOISE,0.0
1788867396.8487566,5962891,203.24,NONE,-0.14,0.4443,0.0,0.0,0.0,0.0,BLOCKED_NOISE,0.0
1788867397.903014,5962891,202.14,NONE,-0.142,0.4435,0.0,0.0,0.0,0.0,BLOCKED_NOISE,0.0
1788867398.9570582,5962891,201.09,NONE,-0.1403,0.4442,0.0,0.0,0.0,0.0,BLOCKED_NOISE,0.0
1788867400.010271,5962891,200.04,NONE,-0.1108,0.4559,0.0,0.0,0.0,0.0,BLOCKED_NOISE,0.0
1788867401.0621214,5962891,198.99,NONE,-0.1062,0.4577,0.0,0.0,0.0,0.0,BLOCKED_NOISE,0.0
1788867402.118775,5962891,197.93,NONE,-0.106,0.4578,0.0,0.0,0.0,0.0,BLOCKED_NOISE,0.0
1788867403.1655023,5962891,196.88,NONE,-0.1065,0.4576,0.0,0.0,0.0,0.0,BLOCKED_NOISE,0.0
1788867404.2294548,5962891,195.82,NONE,-0.1094,0.4565,0.0,0.0,0.0,0.0,BLOCKED_NOISE,0.0
1788867405.2749252,5962891,194.77,NONE,-0.1611,0.436,0.0,0.0,0.0,0.0,BLOCKED_NOISE,0.0
1788867406.3286257,5962891,193.72,NONE,-0.1612,0.436,0.0,0.0,0.0,0.0,BLOCKED_NOISE,0.0
1788867407.3811982,5962891,192.66,NONE,-0.1617,0.4358,0.0,0.0,0.0,0.0,BLOCKED_NOISE,0.0
1788867408.7202404,5962891,191.61,NONE,-0.1616,0.4358,0.0,0.0,0.0,0.0,BLOCKED_NOISE,0.0
1788867409.801193,5962891,190.26,NONE,-0.1625,0.4355,0.0,0.0,0.0,0.0,BLOCKED_NOISE,0.0
1788867410.854681,5962891,189.19,NONE,-0.1587,0.4369,0.0,0.0,0.0,0.0,BLOCKED_NOISE,0.0
1788867411.9730573,5962891,188.13,NONE,-0.0873,0.4652,0.0,0.0,0.0,0.0,BLOCKED_NOISE,0.0
1788867413.0228708,5962891,187.02,NONE,-0.0446,0.4822,0.0,0.0,0.0,0.0,BLOCKED_NOISE,0.0
1788867414.0702324,5962891,185.98,NONE,-0.0471,0.4812,0.0,0.0,0.0,0.0,BLOCKED_NOISE,0.0
1788867415.128243,5962891,184.92,NONE,-0.0474,0.4811,0.0,0.0,0.0,0.0,BLOCKED_NOISE,0.0
1788867416.1748376,5962891,183.87,NONE,-0.047,0.4812,0.0,0.0,0.0,0.0,BLOCKED_NOISE,0.0
1788867417.227224,5962891,182.82,NONE,-0.0517,0.4794,0.0,0.0,0.0,0.0,BLOCKED_NOISE,0.0
1788867418.2849915,5962891,181.77,NONE,-0.0522,0.4792,0.0,0.0,0.0,0.0,BLOCKED_NOISE,0.0
1788867419.3393118,5962891,180.71,NONE,-0.0419,0.4833,0.0,0.0,0.0,0.0,BLOCKED_NOISE,0.0
1788867420.389663,5962891,179.65,NONE,-0.0391,0.4844,0.0,0.0,0.0,0.0,BLOCKED_NOISE,0.0
1788867421.4637816,5962891,178.6,NONE,-0.0394,0.4843,0.0,0.0,0.0,0.0,BLOCKED_NOISE,0.0
1788867422.5268593,5962891,177.52,NONE,-0.0472,0.4812,0.0,0.0,0.0,0.0,BLOCKED_NOISE,0.0
1788867423.5798242,5962891,176.47,NONE,-0.0476,0.481,0.0,0.0,0.0,0.0,BLOCKED_NOISE,0.0
1788867424.6372585,5962891,175.41,NONE,-0.0481,0.4808,0.0,0.0,0.0,0.0,BLOCKED_NOISE,0.0
1788867425.7062352,5962891,174.35,NONE,-0.0502,0.48,0.0,0.0,0.0,0.0,BLOCKED_NOISE,0.0
1788867426.76513,5962891,173.28,NONE,-0.0576,0.477,0.0,0.0,0.0,0.0,BLOCKED_NOISE,0.0
1788867427.8752258,5962891,172.23,NONE,0.079,0.5315,0.0,0.0,0.0,0.0,BLOCKED_NOISE,0.0
1788867428.9336214,5962891,171.11,NONE,0.1736,0.5689,0.0,0.0,0.0,0.0,BLOCKED_NOISE,0.0
1788867429.9895644,5962891,170.06,NONE,0.1815,0.572,0.0,0.0,0.0,0.0,BLOCKED_NOISE,0.0
1788867431.049162,5962891,168.99,NONE,0.1792,0.5711,0.0,0.0,0.0,0.0,BLOCKED_NOISE,0.0
1788867432.1018023,5962891,167.94,NONE,0.18,0.5714,0.0,0.0,0.0,0.0,BLOCKED_NOISE,0.0
1788867433.1566145,5962891,166.89,NONE,0.1829,0.5725,0.0,0.0,0.0,0.0,BLOCKED_NOISE,0.0
1788867434.2049408,5962891,165.84,NONE,0.1836,0.5728,0.0,0.0,0.0,0.0,BLOCKED_NOISE,0.0
1788867435.256284,5962891,164.79,NONE,0.2106,0.5834,0.0,0.0,0.0,0.0,BLOCKED_NOISE,0.0
1788867436.3071506,5962891,163.74,NONE,0.3193,0.6252,0.0,0.0,0.0,0.0,BLOCKED_NOISE,0.0
1788867437.3781993,5962891,162.68,NONE,0.3197,0.6254,0.0,0.0,0.0,0.0,BLOCKED_NOISE,0.0
1788867438.432948,5962891,161.61,NONE,0.3117,0.6224,0.0,0.0,0.0,0.0,BLOCKED_NOISE,0.0
1788867439.484,5962891,160.56,NONE,0.3052,0.6199,0.0,0.0,0.0,0.0,BLOCKED_NOISE,0.0
1788867440.5305161,5962891,159.51,NONE,0.3062,0.6203,0.0,0.0,0.0,0.0,BLOCKED_NOISE,0.0
1788867441.580992,5962891,158.46,NONE,0.3066,0.6204,0.0,0.0,0.0,0.0,BLOCKED_NOISE,0.0
1788867442.6359608,5962891,157.41,NONE,0.306,0.6202,0.0,0.0,0.0,0.0,BLOCKED_NOISE,0.0
1788867443.7843509,5962891,156.35,NONE,0.3066,0.6204,0.0,0.0,0.0,0.0,BLOCKED_NOISE,0.0
1788867444.8405955,5962891,155.2,NONE,0.3092,0.6214,0.0,0.0,0.0,0.0,BLOCKED_NOISE,0.0
1788867445.8970613,5962891,154.15,NONE,0.3091,0.6214,0.0,0.0,0.0,0.0,BLOCKED_NOISE,0.0
1788867446.947198,5962891,153.1,NONE,0.3063,0.6203,0.0,0.0,0.0,0.0,BLOCKED_NOISE,0.0
1788867447.9993742,5962891,152.05,NONE,0.307,0.6206,0.0,0.0,0.0,0.0,BLOCKED_NOISE,0.0
1788867449.067391,5962891,150.98,NONE,0.3078,0.6209,0.0,0.0,0.0,0.0,BLOCKED_NOISE,0.0
1788867450.1214542,5962891,149.92,NONE,0.3073,0.6207,0.0,0.0,0.0,0.0,BLOCKED_NOISE,0.0
1788867451.1779344,5962891,148.88,NONE,0.308,0.6209,0.0,0.0,0.0,0.0,BLOCKED_NOISE,0.0
1788867452.22948,5962891,147.82,NONE,0.3087,0.6212,0.0,0.0,0.0,0.0,BLOCKED_NOISE,0.0
1788867453.5514224,5962891,146.77,NONE,0.3097,0.6216,0.0,0.0,0.0,0.0,BLOCKED_NOISE,0.0
1788867454.6110382,5962891,145.44,NONE,0.3106,0.622,0.0,0.0,0.0,0.0,BLOCKED_NOISE,0.0
1788867455.66078,5962891,144.39,NONE,0.3113,0.6222,0.0,0.0,0.0,0.0,BLOCKED_NOISE,0.0
1788867456.716355,5962891,143.33,NONE,0.3116,0.6223,0.0,0.0,0.0,0.0,BLOCKED_NOISE,0.0
1788867457.7653847,5962891,142.28,NONE,0.311,0.6221,0.0,0.0,0.0,0.0,BLOCKED_NOISE,0.0
1788867458.8739407,5962891,141.23,NONE,0.3103,0.6219,0.0,0.0,0.0,0.0,BLOCKED_NOISE,0.0
1788867459.930699,5962891,140.11,NONE,0.3111,0.6221,0.0,0.0,0.0,0.0,BLOCKED_NOISE,0.0
1788867460.9904492,5962891,139.05,NONE,0.3109,0.6221,0.0,0.0,0.0,0.0,BLOCKED_NOISE,0.0
1788867462.0663545,5962891,138.0,NONE,0.3064,0.6204,0.0,0.0,0.0,0.0,BLOCKED_NOISE,0.0
1788867463.1179469,5962891,136.93,NONE,0.3072,0.6207,0.0,0.0,0.0,0.0,BLOCKED_NOISE,0.0
1788867464.197347,5962891,135.87,NONE,0.3058,0.6201,0.0,0.0,0.0,0.0,BLOCKED_NOISE,0.0
1788867465.2555318,5962891,134.79,NONE,0.3067,0.6205,0.0,0.0,0.0,0.0,BLOCKED_NOISE,0.0
1788867466.301898,5962891,133.74,NONE,0.3051,0.6199,0.0,0.0,0.0,0.0,BLOCKED_NOISE,0.0
1788867467.3562894,5962891,132.69,NONE,0.3055,0.62,0.0,0.0,0.0,0.0,BLOCKED_NOISE,0.0
1788867468.4096925,5962891,131.64,NONE,0.2996,0.6178,0.0,0.0,0.0,0.0,BLOCKED_NOISE,0.0
1788867469.4592009,5962891,130.58,NONE,0.3005,0.6181,0.0,0.0,0.0,0.0,BLOCKED_NOISE,0.0
1788867470.5194085,5962891,129.53,NONE,0.2964,0.6165,0.0,0.0,0.0,0.0,BLOCKED_NOISE,0.0
1788867471.5662043,5962891,128.48,NONE,0.2972,0.6168,0.0,0.0,0.0,0.0,BLOCKED_NOISE,0.0
1788867472.622869,5962891,127.43,NONE,0.298,0.6172,0.0,0.0,0.0,0.0,BLOCKED_NOISE,0.0
1788867473.6754477,5962891,126.38,NONE,0.2989,0.6175,0.0,0.0,0.0,0.0,BLOCKED_NOISE,0.0
1788867474.7665792,5962891,125.32,NONE,0.2976,0.617,0.0,0.0,0.0,0.0,BLOCKED_NOISE,0.0
1788867475.8236067,5962891,124.22,NONE,0.2988,0.6174,0.0,0.0,0.0,0.0,BLOCKED_NOISE,0.0
1788867476.8814945,5962891,123.17,NONE,0.2998,0.6178,0.0,0.0,0.0,0.0,BLOCKED_NOISE,0.0
1788867477.933863,5962891,122.11,NONE,0.3007,0.6182,0.0,0.0,0.0,0.0,BLOCKED_NOISE,0.0
1788867478.9852161,5962891,121.06,NONE,0.3016,0.6185,0.0,0.0,0.0,0.0,BLOCKED_NOISE,0.0
1788867480.0411184,5962891,120.01,NONE,0.2961,0.6164,0.0,0.0,0.0,0.0,BLOCKED_NOISE,0.0
1788867481.0969515,5962891,118.95,NONE,0.3059,0.6202,0.0,0.0,0.0,0.0,BLOCKED_NOISE,0.0
1788867482.1556625,5962891,117.89,NONE,0.3064,0.6203,0.0,0.0,0.0,0.0,BLOCKED_NOISE,0.0
1788867483.1990414,5962891,116.84,NONE,0.3068,0.6205,0.0,0.0,0.0,0.0,BLOCKED_NOISE,0.0
1788867484.2661002,5962891,115.79,NONE,0.3039,0.6194,0.0,0.0,0.0,0.0,BLOCKED_NOISE,0.0
1788867485.3321233,5962891,114.72,NO,-0.485,0.6862,0.47,0.14,0.2162,0.095,EXECUTED,25.0
1788867486.4240215,5962891,113.65,NO,-0.5359,0.704,0.59,0.0,0.0,0.03,BLOCKED_WINDOW_MAX_POS,0.0
1788867487.4833758,5962891,112.57,NO,-0.506,0.6936,0.52,0.0,0.0,0.03,BLOCKED_WINDOW_MAX_POS,0.0
1788867488.5455737,5962891,111.5,NO,-0.5223,0.6993,0.53,0.0,0.0,0.03,BLOCKED_WINDOW_MAX_POS,0.0
1788867489.5981705,5962891,110.45,NO,-0.524,0.6999,0.65,0.0,0.0,0.03,BLOCKED_WINDOW_MAX_POS,0.0
1788867490.7145889,5962891,109.39,NO,-0.5258,0.7005,0.61,0.0,0.0,0.03,BLOCKED_WINDOW_MAX_POS,0.0
1788867491.76707,5962891,108.28,NO,-0.5265,0.7007,0.56,0.0,0.0,0.03,BLOCKED_WINDOW_MAX_POS,0.0
1788867492.8232403,5962891,107.22,NO,-0.5284,0.7014,0.56,0.0,0.0,0.03,BLOCKED_WINDOW_MAX_POS,0.0
1788867493.8734765,5962891,106.17,NO,-0.5302,0.702,0.57,0.0,0.0,0.03,BLOCKED_WINDOW_MAX_POS,0.0
1788867494.926816,5962891,105.12,NO,-0.5214,0.699,0.53,0.0,0.0,0.03,BLOCKED_WINDOW_MAX_POS,0.0
1788867495.9786258,5962891,104.06,NO,-0.5204,0.6986,0.52,0.0,0.0,0.03,BLOCKED_WINDOW_MAX_POS,0.0
1788867497.037062,5962891,103.01,NO,-0.4798,0.6843,0.52,0.0,0.0,0.03,BLOCKED_WINDOW_MAX_POS,0.0
1788867498.0873356,5962891,101.96,NO,-0.4836,0.6857,0.52,0.0,0.0,0.03,BLOCKED_WINDOW_MAX_POS,0.0
1788867499.1444397,5962891,100.91,NO,-0.4855,0.6864,0.52,0.0,0.0,0.03,BLOCKED_WINDOW_MAX_POS,0.0
1788867500.194237,5962891,99.85,NO,-0.4876,0.6871,0.55,0.0,0.0,0.03,BLOCKED_WINDOW_MAX_POS,0.0
1788867501.2506845,5962891,98.8,NO,-0.4897,0.6878,0.55,0.0,0.0,0.03,BLOCKED_WINDOW_MAX_POS,0.0
1788867502.3145843,5962891,97.74,NO,-0.4918,0.6886,0.55,0.0,0.0,0.03,BLOCKED_WINDOW_MAX_POS,0.0
1788867503.366966,5962891,96.68,NO,-0.4939,0.6893,0.55,0.0,0.0,0.03,BLOCKED_WINDOW_MAX_POS,0.0
1788867504.4410355,5962891,95.62,NO,-0.4961,0.6901,0.56,0.0,0.0,0.03,BLOCKED_WINDOW_MAX_POS,0.0
1788867505.4959333,5962891,94.56,NO,-0.4988,0.691,0.56,0.0,0.0,0.03,BLOCKED_WINDOW_MAX_POS,0.0
1788867506.595903,5962891,93.5,NO,-0.501,0.6918,0.56,0.0,0.0,0.03,BLOCKED_WINDOW_MAX_POS,0.0
1788867507.649534,5962891,92.4,NO,-0.5033,0.6926,0.56,0.0,0.0,0.03,BLOCKED_WINDOW_MAX_POS,0.0
1788867508.7092295,5962891,91.34,NO,-0.5052,0.6933,0.56,0.0,0.0,0.03,BLOCKED_WINDOW_MAX_POS,0.0
1788867509.762767,5962891,90.29,NO,-0.5075,0.6941,0.56,0.0,0.0,0.03,BLOCKED_WINDOW_MAX_POS,0.0
1788867510.8243725,5962891,89.22,NO,-0.5193,0.6982,0.56,0.0,0.0,0.03,BLOCKED_WINDOW_MAX_POS,0.0
1788867511.8842115,5962891,88.16,NO,-0.5217,0.6991,0.54,0.0,0.0,0.03,BLOCKED_WINDOW_MAX_POS,0.0
1788867512.9420981,5962891,87.11,NO,-0.5241,0.6999,0.54,0.0,0.0,0.03,BLOCKED_WINDOW_MAX_POS,0.0
1788867513.9916325,5962891,86.05,NO,-0.5267,0.7008,0.54,0.0,0.0,0.03,BLOCKED_WINDOW_MAX_POS,0.0
1788867515.0474792,5962891,85.0,NO,-0.5292,0.7017,0.54,0.0,0.0,0.03,BLOCKED_WINDOW_MAX_POS,0.0
1788867516.1054547,5962891,83.94,NO,-0.528,0.7012,0.55,0.0,0.0,0.03,BLOCKED_WINDOW_MAX_POS,0.0
1788867517.1614578,5962891,82.89,NO,-0.5322,0.7027,0.58,0.0,0.0,0.03,BLOCKED_WINDOW_MAX_POS,0.0
1788867518.2271364,5962891,81.83,NO,-0.5349,0.7036,0.58,0.0,0.0,0.03,BLOCKED_WINDOW_MAX_POS,0.0
1788867519.2854533,5962891,80.76,NO,-0.3661,0.6429,0.58,0.0,0.0,0.03,BLOCKED_WINDOW_MAX_POS,0.0
1788867520.3389096,5962891,79.71,NO,-0.3742,0.6459,0.58,0.0,0.0,0.03,BLOCKED_WINDOW_MAX_POS,0.0
1788867521.3879929,5962891,78.66,NO,-0.3878,0.6509,0.58,0.0,0.0,0.03,BLOCKED_WINDOW_MAX_POS,0.0
1788867522.495459,5962891,77.6,NONE,-0.3922,0.3474,0.0,0.0,0.0,0.0,NO_SIGNAL,0.0
1788867523.5469046,5962891,76.5,YES,-0.3805,0.3518,0.26,0.0,0.0,0.03,BLOCKED_WINDOW_MAX_POS,0.0
1788867524.60876,5962891,75.45,YES,-0.3836,0.3506,0.27,0.0,0.0,0.03,BLOCKED_WINDOW_MAX_POS,0.0
1788867525.6629214,5962891,74.38,YES,-0.4085,0.3415,0.26,0.0,0.0,0.03,BLOCKED_WINDOW_MAX_POS,0.0
1788867526.7188945,5962891,73.33,YES,-0.4117,0.3403,0.26,0.0,0.0,0.03,BLOCKED_WINDOW_MAX_POS,0.0
1788867527.8060858,5962891,72.27,YES,-0.4257,0.3352,0.28,0.0,0.0,0.03,BLOCKED_WINDOW_MAX_POS,0.0
1788867528.8606775,5962891,71.19,YES,-0.4297,0.3337,0.29,0.0,0.0,0.03,BLOCKED_WINDOW_MAX_POS,0.0
1788867529.9239464,5962891,70.14,NONE,-0.4341,0.3321,0.0,0.0,0.0,0.0,NO_SIGNAL,0.0
1788867530.9773269,5962891,69.07,YES,-0.4286,0.3341,0.28,0.0,0.0,0.03,BLOCKED_WINDOW_MAX_POS,0.0
1788867532.0359924,5962891,68.01,YES,-0.4322,0.3328,0.27,0.0,0.0,0.03,BLOCKED_WINDOW_MAX_POS,0.0
1788867533.0865521,5962891,66.96,YES,-0.4099,0.341,0.25,0.0,0.0,0.03,BLOCKED_WINDOW_MAX_POS,0.0
1788867534.1399264,5962891,65.91,YES,-0.7002,0.2419,0.2,0.0,0.0,0.03,BLOCKED_WINDOW_MAX_POS,0.0
1788867535.1900878,5962891,64.86,YES,-0.7051,0.2404,0.1,0.0,0.0,0.03,BLOCKED_WINDOW_MAX_POS,0.0
1788867536.2489882,5962891,63.8,YES,-0.7145,0.2375,0.08,0.0,0.0,0.03,BLOCKED_WINDOW_MAX_POS,0.0
1788867537.3069396,5962891,62.74,YES,-0.7198,0.2358,0.08,0.0,0.0,0.03,BLOCKED_WINDOW_MAX_POS,0.0
1788867538.4087005,5962891,61.69,YES,-0.7259,0.2339,0.08,0.0,0.0,0.03,BLOCKED_WINDOW_MAX_POS,0.0
1788867539.466163,5962891,60.59,YES,-0.7362,0.2308,0.07,0.0,0.0,0.03,BLOCKED_WINDOW_MAX_POS,0.0
1788867540.514602,5962891,59.53,YES,-0.7419,0.2291,0.07,0.0,0.0,0.03,BLOCKED_WINDOW_MAX_POS,0.0
1788867541.5706687,5962891,58.48,YES,-0.7493,0.2268,0.06,0.0,0.0,0.03,BLOCKED_WINDOW_MAX_POS,0.0
1788867542.6199543,5962891,57.43,YES,-0.7552,0.2251,0.06,0.0,0.0,0.03,BLOCKED_WINDOW_MAX_POS,0.0
1788867543.6752572,5962891,56.37,YES,-0.7619,0.2231,0.05,0.0,0.0,0.03,BLOCKED_WINDOW_MAX_POS,0.0
1788867544.730254,5962891,55.32,YES,-0.7573,0.2244,0.05,0.0,0.0,0.03,BLOCKED_WINDOW_MAX_POS,0.0
1788867545.7808924,5962891,54.26,YES,-0.8414,0.2001,0.04,0.0,0.0,0.03,BLOCKED_WINDOW_MAX_POS,0.0
1788867546.8359945,5962891,53.21,YES,-0.8501,0.1976,0.04,0.0,0.0,0.03,BLOCKED_WINDOW_MAX_POS,0.0
1788867547.8917239,5962891,52.15,YES,-0.8583,0.1954,0.03,0.0,0.0,0.03,BLOCKED_WINDOW_MAX_POS,0.0
1788867548.94911,5962891,51.1,YES,-0.8603,0.1948,0.03,0.0,0.0,0.03,BLOCKED_WINDOW_MAX_POS,0.0
1788867550.0018404,5962891,50.04,YES,-0.8681,0.1927,0.03,0.0,0.0,0.03,BLOCKED_WINDOW_MAX_POS,0.0
1788867551.0617154,5962891,48.99,YES,-0.8762,0.1905,0.03,0.0,0.0,0.03,BLOCKED_WINDOW_MAX_POS,0.0
1788867552.1105814,5962891,47.93,YES,-0.885,0.1881,0.03,0.0,0.0,0.03,BLOCKED_WINDOW_MAX_POS,0.0
1788867553.1699955,5962891,46.88,YES,-0.8938,0.1857,0.02,0.0,0.0,0.03,BLOCKED_WINDOW_MAX_POS,0.0
1788867554.2810724,5962891,45.83,YES,-0.8942,0.1856,0.02,0.0,0.0,0.03,BLOCKED_WINDOW_MAX_POS,0.0
1788867555.3361194,5962891,44.71,YES,-0.9051,0.1827,0.03,0.0,0.0,0.03,BLOCKED_WINDOW_MAX_POS,0.0
1788867556.3883674,5962891,43.66,YES,-0.9113,0.1811,0.02,0.0,0.0,0.03,BLOCKED_WINDOW_MAX_POS,0.0
1788867557.441696,5962891,42.6,NO,-0.8984,0.8155,0.0,0.0,0.0,0.035,BLOCKED_WINDOW_MAX_POS,0.0
1788867558.487211,5962891,41.56,NO,-0.7382,0.7698,0.0,0.0,0.0,0.035,BLOCKED_WINDOW_MAX_POS,0.0
1788867559.5563638,5962891,40.51,NO,-0.7476,0.7726,0.0,0.0,0.0,0.035,BLOCKED_WINDOW_MAX_POS,0.0
1788867560.6063266,5962891,39.44,NO,-0.7592,0.7761,0.0,0.0,0.0,0.035,BLOCKED_WINDOW_MAX_POS,0.0
1788867561.6610632,5962891,38.38,NO,-0.7705,0.7795,0.0,0.0,0.0,0.035,BLOCKED_WINDOW_MAX_POS,0.0
1788867562.715829,5962891,37.33,NO,-0.7825,0.783,0.0,0.0,0.0,0.035,BLOCKED_WINDOW_MAX_POS,0.0
1788867563.7693515,5962891,36.28,NO,-0.795,0.7867,0.0,0.0,0.0,0.035,BLOCKED_WINDOW_MAX_POS,0.0
1788867564.838399,5962891,35.22,NO,-0.7813,0.7827,0.0,0.0,0.0,0.035,BLOCKED_WINDOW_MAX_POS,0.0
1788867565.8930888,5962891,34.15,NO,-0.7951,0.7867,0.0,0.0,0.0,0.035,BLOCKED_WINDOW_MAX_POS,0.0
1788867566.9447432,5962891,33.1,NO,-0.8053,0.7897,0.0,0.0,0.0,0.035,BLOCKED_WINDOW_MAX_POS,0.0
1788867568.001495,5962891,32.04,NO,-0.9,0.8159,0.0,0.0,0.0,0.035,BLOCKED_WINDOW_MAX_POS,0.0
1788867569.0548937,5962891,30.99,NO,-0.9174,0.8205,0.0,0.0,0.0,0.035,BLOCKED_WINDOW_MAX_POS,0.0
1788867570.1083922,5962891,29.94,NO,-0.931,0.8241,0.0,0.0,0.0,0.035,BLOCKED_WINDOW_MAX_POS,0.0
1788867571.162917,5962891,28.88,NO,-0.9495,0.8288,0.0,0.0,0.0,0.035,BLOCKED_WINDOW_MAX_POS,0.0
1788867572.2198048,5962891,27.83,NO,-0.969,0.8337,0.0,0.0,0.0,0.035,BLOCKED_WINDOW_MAX_POS,0.0
1788867573.2745054,5962891,26.77,NO,-0.9897,0.8388,0.0,0.0,0.0,0.035,BLOCKED_WINDOW_MAX_POS,0.0
1788867574.3235831,5962891,25.72,NO,-1.0115,0.8441,0.0,0.0,0.0,0.035,BLOCKED_WINDOW_MAX_POS,0.0
1788867575.3749735,5962891,24.67,NO,-1.0348,0.8496,0.0,0.0,0.0,0.035,BLOCKED_WINDOW_MAX_POS,0.0
1788867576.4334576,5962891,23.61,NO,-1.0597,0.8554,0.0,0.0,0.0,0.035,BLOCKED_WINDOW_MAX_POS,0.0
1788867577.4909637,5962891,22.55,NO,-1.0822,0.8604,0.0,0.0,0.0,0.035,BLOCKED_WINDOW_MAX_POS,0.0
1788867578.5425963,5962891,21.5,NO,-1.1096,0.8664,0.0,0.0,0.0,0.035,BLOCKED_WINDOW_MAX_POS,0.0
1788867579.594128,5962891,20.45,NO,-1.1402,0.8729,0.0,0.0,0.0,0.035,BLOCKED_WINDOW_MAX_POS,0.0
1788867580.6654704,5962891,19.39,NO,-1.1735,0.8797,0.0,0.0,0.0,0.035,BLOCKED_WINDOW_MAX_POS,0.0
1788867581.714582,5962891,18.33,NO,-1.76,0.9608,0.0,0.0,0.0,0.035,BLOCKED_WINDOW_MAX_POS,0.0
1788867582.7760386,5962891,17.27,NO,-1.8142,0.9652,0.0,0.0,0.0,0.035,BLOCKED_WINDOW_MAX_POS,0.0
1788867583.8345487,5962891,16.21,NO,-1.8742,0.9695,0.0,0.0,0.0,0.035,BLOCKED_WINDOW_MAX_POS,0.0
1788867584.8854685,5962891,15.16,NO,-1.9405,0.9738,0.0,0.0,0.0,0.035,BLOCKED_WINDOW_MAX_POS,0.0
1788867585.9428673,5962891,14.1,NO,-2.0133,0.978,0.0,0.0,0.0,0.035,BLOCKED_WINDOW_MAX_POS,0.0
1788867586.997132,5962891,13.05,NO,-2.095,0.9819,0.0,0.0,0.0,0.035,BLOCKED_WINDOW_MAX_POS,0.0
1788867588.0569544,5962891,11.99,NO,-2.1888,0.9857,0.0,0.0,0.0,0.035,BLOCKED_WINDOW_MAX_POS,0.0
1788867589.101619,5962891,10.94,NO,-2.293,0.9891,0.0,0.0,0.0,0.035,BLOCKED_WINDOW_MAX_POS,0.0
1788867590.1618223,5962891,9.88,NO,-2.4973,0.9937,0.0,0.0,0.0,0.035,BLOCKED_WINDOW_MAX_POS,0.0
1788867591.2128153,5962891,8.83,NO,-2.6249,0.9957,0.0,0.0,0.0,0.035,BLOCKED_WINDOW_MAX_POS,0.0
1788867592.2591364,5962891,7.79,NO,-2.7949,0.9974,0.0,0.0,0.0,0.035,BLOCKED_WINDOW_MAX_POS,0.0
1788867593.3120735,5962891,6.73,NO,-3.0033,0.9987,0.0,0.0,0.0,0.035,BLOCKED_WINDOW_MAX_POS,0.0
1788867594.3660188,5962891,5.68,NO,-5.1352,1.0,0.0,0.0,0.0,0.035,BLOCKED_WINDOW_MAX_POS,0.0
1788867595.4233334,5962891,4.62,NO,-5.6782,1.0,0.0,0.0,0.0,0.035,BLOCKED_WINDOW_MAX_POS,0.0
1788867596.4706619,5962891,3.57,NO,-6.4433,1.0,0.0,0.0,0.0,0.035,BLOCKED_WINDOW_MAX_POS,0.0
1788867597.5269358,5962891,2.52,NO,-7.6579,1.0,0.0,0.0,0.0,0.035,BLOCKED_WINDOW_MAX_POS,0.0
1788867598.5894895,5962891,1.46,NO,-10.0209,1.0,0.0,0.0,0.0,0.035,BLOCKED_WINDOW_MAX_POS,0.0
1788867599.6579375,5962891,1.0,NO,-12.0832,1.0,0.0,0.0,0.0,0.035,BLOCKED_WINDOW_MAX_POS,0.0
1788867601.1113498,5962892,299.33,NONE,-0.1427,0.4432,0.0,0.0,0.0,0.0,BLOCKED_NOISE,0.0
1788867602.1940506,5962892,297.88,NONE,-0.1427,0.4432,0.0,0.0,0.0,0.0,BLOCKED_NOISE,0.0
1788867603.2525518,5962892,296.79,NONE,-0.1427,0.4433,0.0,0.0,0.0,0.0,BLOCKED_NOISE,0.0
1788867604.308559,5962892,295.75,NONE,-0.1146,0.4544,0.0,0.0,0.0,0.0,BLOCKED_NOISE,0.0
1788867605.3695004,5962892,294.68,NONE,-0.1146,0.4544,0.0,0.0,0.0,0.0,BLOCKED_NOISE,0.0
1788867606.4309092,5962892,293.62,NONE,-0.1142,0.4545,0.0,0.0,0.0,0.0,BLOCKED_NOISE,0.0
1788867607.4878368,5962892,292.56,NONE,-0.1143,0.4545,0.0,0.0,0.0,0.0,BLOCKED_NOISE,0.0
1788867608.536067,5962892,291.51,NONE,-0.1134,0.4548,0.0,0.0,0.0,0.0,BLOCKED_NOISE,0.0
1788867609.594077,5962892,290.46,NONE,-0.1151,0.4542,0.0,0.0,0.0,0.0,BLOCKED_NOISE,0.0
1788867610.671554,5962892,289.39,NONE,-0.1151,0.4542,0.0,0.0,0.0,0.0,BLOCKED_NOISE,0.0
1788867611.7995753,5962892,288.32,NONE,-0.193,0.4235,0.0,0.0,0.0,0.0,BLOCKED_NOISE,0.0
1788867612.8572075,5962892,287.19,NONE,-0.1931,0.4234,0.0,0.0,0.0,0.0,BLOCKED_NOISE,0.0
1788867613.9090078,5962892,286.13,NONE,-0.1921,0.4238,0.0,0.0,0.0,0.0,BLOCKED_NOISE,0.0
1788867614.965113,5962892,285.08,NONE,-0.1922,0.4238,0.0,0.0,0.0,0.0,BLOCKED_NOISE,0.0
1788867616.0229254,5962892,284.03,NONE,-0.1924,0.4237,0.0,0.0,0.0,0.0,BLOCKED_NOISE,0.0
1788867617.1195652,5962892,282.98,NONE,-0.1925,0.4237,0.0,0.0,0.0,0.0,BLOCKED_NOISE,0.0
1788867618.1661186,5962892,281.88,NONE,-0.1926,0.4237,0.0,0.0,0.0,0.0,BLOCKED_NOISE,0.0
1788867619.22193,5962892,280.82,NONE,-0.1927,0.4236,0.0,0.0,0.0,0.0,BLOCKED_NOISE,0.0
1788867620.2704368,5962892,279.78,NONE,-0.1929,0.4235,0.0,0.0,0.0,0.0,BLOCKED_NOISE,0.0
1788867621.321322,5962892,278.72,NONE,-0.1849,0.4266,0.0,0.0,0.0,0.0,BLOCKED_NOISE,0.0
1788867622.377874,5962892,277.67,NONE,-0.1851,0.4266,0.0,0.0,0.0,0.0,BLOCKED_NOISE,0.0
1788867623.43387,5962892,276.61,NONE,-0.1853,0.4265,0.0,0.0,0.0,0.0,BLOCKED_NOISE,0.0
1788867624.499836,5962892,275.56,NONE,-0.1448,0.4424,0.0,0.0,0.0,0.0,BLOCKED_NOISE,0.0
1788867625.573694,5962892,274.49,NONE,-0.2233,0.4117,0.0,0.0,0.0,0.0,BLOCKED_NOISE,0.0
1788867626.622578,5962892,273.42,NONE,-0.2235,0.4116,0.0,0.0,0.0,0.0,BLOCKED_NOISE,0.0
1788867627.6736126,5962892,272.37,NONE,-0.2238,0.4115,0.0,0.0,0.0,0.0,BLOCKED_NOISE,0.0
1788867628.7332127,5962892,271.32,NONE,-0.2249,0.411,0.0,0.0,0.0,0.0,BLOCKED_NOISE,0.0
1788867629.7859137,5962892,270.26,NONE,-0.2251,0.4109,0.0,0.0,0.0,0.0,BLOCKED_NOISE,0.0
1788867630.8363585,5962892,269.21,NONE,-0.2254,0.4108,0.0,0.0,0.0,0.0,BLOCKED_NOISE,0.0
1788867631.8917701,5962892,268.15,NONE,-0.2289,0.4095,0.0,0.0,0.0,0.0,BLOCKED_NOISE,0.0
1788867632.997219,5962892,267.1,NONE,-0.2291,0.4094,0.0,0.0,0.0,0.0,BLOCKED_NOISE,0.0
1788867634.0436313,5962892,266.0,NONE,-0.2295,0.4092,0.0,0.0,0.0,0.0,BLOCKED_NOISE,0.0
1788867635.1026037,5962892,264.94,NONE,-0.134,0.4467,0.0,0.0,0.0,0.0,BLOCKED_NOISE,0.0
1788867636.1562061,5962892,263.89,NONE,0.1156,0.546,0.0,0.0,0.0,0.0,BLOCKED_NOISE,0.0
1788867637.2088797,5962892,262.84,NONE,0.1136,0.5452,0.0,0.0,0.0,0.0,BLOCKED_NOISE,0.0
1788867638.28722,5962892,261.78,NONE,0.1137,0.5453,0.0,0.0,0.0,0.0,BLOCKED_NOISE,0.0
1788867639.3389533,5962892,260.71,NONE,0.1112,0.5443,0.0,0.0,0.0,0.0,BLOCKED_NOISE,0.0
1788867640.3939753,5962892,259.66,YES,0.3576,0.6397,0.44,0.04,0.1997,0.045,EXECUTED,25.0
1788867641.4506352,5962892,258.6,YES,0.3777,0.6472,0.5,0.0,0.0,0.03,BLOCKED_WINDOW_MAX_POS,0.0
1788867642.5153685,5962892,257.54,YES,0.3835,0.6493,0.52,0.0,0.0,0.03,BLOCKED_WINDOW_MAX_POS,0.0
1788867643.5729165,5962892,256.48,YES,0.5418,0.706,0.56,0.0,0.0,0.03,BLOCKED_WINDOW_MAX_POS,0.0
1788867644.6266139,5962892,255.42,YES,0.5883,0.7218,0.58,0.0,0.0,0.03,BLOCKED_WINDOW_MAX_POS,0.0
1788867645.6788347,5962892,254.37,YES,0.5892,0.7221,0.58,0.0,0.0,0.03,BLOCKED_WINDOW_MAX_POS,0.0
1788867646.7261844,5962892,253.32,YES,0.5702,0.7157,0.57,0.0,0.0,0.03,BLOCKED_WINDOW_MAX_POS,0.0
1788867647.779615,5962892,252.26,YES,0.5711,0.716,0.57,0.0,0.0,0.03,BLOCKED_WINDOW_MAX_POS,0.0
1788867648.8776221,5962892,251.21,YES,0.5967,0.7247,0.57,0.0,0.0,0.03,BLOCKED_WINDOW_MAX_POS,0.0
1788867649.9267058,5962892,250.12,YES,0.6,0.7258,0.53,0.0,0.0,0.03,BLOCKED_WINDOW_MAX_POS,0.0
1788867651.0385613,5962892,249.07,YES,0.586,0.7211,0.53,0.0,0.0,0.03,BLOCKED_WINDOW_MAX_POS,0.0
1788867652.0907307,5962892,247.96,NONE,0.3453,0.6351,0.0,0.0,0.0,0.0,BLOCKED_NOISE,0.0
1788867653.1841192,5962892,246.9,NONE,0.3447,0.6348,0.0,0.0,0.0,0.0,BLOCKED_NOISE,0.0
1788867654.241916,5962892,245.81,NONE,0.3299,0.6293,0.0,0.0,0.0,0.0,BLOCKED_NOISE,0.0
1788867655.29687,5962892,244.75,NONE,0.3305,0.6295,0.0,0.0,0.0,0.0,BLOCKED_NOISE,0.0
1788867656.361744,5962892,243.69,NONE,0.3312,0.6297,0.0,0.0,0.0,0.0,BLOCKED_NOISE,0.0
1788867657.4336069,5962892,242.63,NONE,0.3318,0.63,0.0,0.0,0.0,0.0,BLOCKED_NOISE,0.0
1788867658.4834871,5962892,241.56,NONE,0.332,0.63,0.0,0.0,0.0,0.0,BLOCKED_NOISE,0.0
1788867659.5401258,5962892,240.51,NONE,0.3306,0.6295,0.0,0.0,0.0,0.0,BLOCKED_NOISE,0.0
1788867660.5998423,5962892,239.45,NONE,0.3313,0.6298,0.0,0.0,0.0,0.0,BLOCKED_NOISE,0.0
1788867661.6564312,5962892,238.39,NONE,0.332,0.6301,0.0,0.0,0.0,0.0,BLOCKED_NOISE,0.0
1788867662.713635,5962892,237.34,NONE,0.3477,0.636,0.0,0.0,0.0,0.0,BLOCKED_NOISE,0.0
1788867663.7802765,5962892,236.27,NONE,0.3483,0.6362,0.0,0.0,0.0,0.0,BLOCKED_NOISE,0.0
1788867664.880004,5962892,235.22,NONE,0.3344,0.631,0.0,0.0,0.0,0.0,BLOCKED_NOISE,0.0
1788867665.9387028,5962892,234.11,NONE,0.3352,0.6313,0.0,0.0,0.0,0.0,BLOCKED_NOISE,0.0
1788867666.9918745,5962892,233.06,NONE,0.3176,0.6246,0.0,0.0,0.0,0.0,BLOCKED_NOISE,0.0
1788867668.043309,5962892,232.01,NONE,0.2267,0.5897,0.0,0.0,0.0,0.0,BLOCKED_NOISE,0.0
1788867669.109933,5962892,230.95,NONE,0.2221,0.5879,0.0,0.0,0.0,0.0,BLOCKED_NOISE,0.0
1788867670.1629164,5962892,229.89,NONE,0.2241,0.5887,0.0,0.0,0.0,0.0,BLOCKED_NOISE,0.0
1788867671.2166734,5962892,228.84,NONE,0.2164,0.5856,0.0,0.0,0.0,0.0,BLOCKED_NOISE,0.0
1788867672.2676027,5962892,227.78,NONE,0.215,0.5851,0.0,0.0,0.0,0.0,BLOCKED_NOISE,0.0
1788867673.317787,5962892,226.73,NONE,0.2157,0.5854,0.0,0.0,0.0,0.0,BLOCKED_NOISE,0.0
1788867674.3696413,5962892,225.68,NONE,0.1798,0.5713,0.0,0.0,0.0,0.0,BLOCKED_NOISE,0.0
1788867675.4318743,5962892,224.62,NONE,0.1804,0.5716,0.0,0.0,0.0,0.0,BLOCKED_NOISE,0.0
1788867676.4887872,5962892,223.56,NONE,0.1811,0.5718,0.0,0.0,0.0,0.0,BLOCKED_NOISE,0.0
1788867677.5611508,5962892,222.5,NONE,0.1831,0.5726,0.0,0.0,0.0,0.0,BLOCKED_NOISE,0.0
1788867678.6206346,5962892,221.43,NONE,0.1891,0.575,0.0,0.0,0.0,0.0,BLOCKED_NOISE,0.0
1788867679.6833782,5962892,220.36,NONE,0.1833,0.5727,0.0,0.0,0.0,0.0,BLOCKED_NOISE,0.0
1788867680.7880228,5962892,219.32,NONE,0.1835,0.5728,0.0,0.0,0.0,0.0,BLOCKED_NOISE,0.0
1788867681.8501031,5962892,218.2,NONE,0.1891,0.575,0.0,0.0,0.0,0.0,BLOCKED_NOISE,0.0
1788867682.9080405,5962892,217.14,NONE,0.1895,0.5751,0.0,0.0,0.0,0.0,BLOCKED_NOISE,0.0
1788867683.963611,5962892,216.09,NONE,0.1902,0.5754,0.0,0.0,0.0,0.0,BLOCKED_NOISE,0.0
1788867685.0166857,5962892,215.03,NONE,0.1909,0.5757,0.0,0.0,0.0,0.0,BLOCKED_NOISE,0.0
1788867686.077976,5962892,213.98,NONE,0.1863,0.5739,0.0,0.0,0.0,0.0,BLOCKED_NOISE,0.0
1788867687.1279504,5962892,212.92,NONE,0.187,0.5742,0.0,0.0,0.0,0.0,BLOCKED_NOISE,0.0
1788867688.1717212,5962892,211.87,NONE,0.1877,0.5744,0.0,0.0,0.0,0.0,BLOCKED_NOISE,0.0
1788867689.2582903,5962892,210.82,NONE,0.1889,0.5749,0.0,0.0,0.0,0.0,BLOCKED_NOISE,0.0
1788867690.3109407,5962892,209.74,NONE,0.189,0.575,0.0,0.0,0.0,0.0,BLOCKED_NOISE,0.0
1788867691.3825157,5962892,208.69,NONE,0.1898,0.5753,0.0,0.0,0.0,0.0,BLOCKED_NOISE,0.0
1788867692.4331276,5962892,207.62,NONE,0.1906,0.5756,0.0,0.0,0.0,0.0,BLOCKED_NOISE,0.0
1788867693.485541,5962892,206.56,NONE,0.1913,0.5759,0.0,0.0,0.0,0.0,BLOCKED_NOISE,0.0
1788867694.5453944,5962892,205.5,NONE,0.0091,0.5036,0.0,0.0,0.0,0.0,BLOCKED_NOISE,0.0
1788867695.6008832,5962892,204.45,NONE,0.0094,0.5037,0.0,0.0,0.0,0.0,BLOCKED_NOISE,0.0
1788867696.7261915,5962892,203.4,NONE,0.0085,0.5034,0.0,0.0,0.0,0.0,BLOCKED_NOISE,0.0
1788867697.7827382,5962892,202.27,NONE,0.0089,0.5035,0.0,0.0,0.0,0.0,BLOCKED_NOISE,0.0
1788867698.8335867,5962892,201.22,NONE,0.0392,0.5156,0.0,0.0,0.0,0.0,BLOCKED_NOISE,0.0
1788867699.8849125,5962892,200.16,NONE,0.0396,0.5158,0.0,0.0,0.0,0.0,BLOCKED_NOISE,0.0
1788867700.9416795,5962892,199.11,NONE,-0.0587,0.4766,0.0,0.0,0.0,0.0,BLOCKED_NOISE,0.0
1788867702.001361,5962892,198.06,NONE,-0.2719,0.3929,0.0,0.0,0.0,0.0,BLOCKED_NOISE,0.0
1788867703.056904,5962892,196.99,NONE,-0.2837,0.3883,0.0,0.0,0.0,0.0,BLOCKED_NOISE,0.0
1788867704.1319199,5962892,195.93,NONE,0.2754,0.6085,0.0,0.0,0.0,0.0,BLOCKED_NOISE,0.0
1788867705.2090888,5962892,194.86,NONE,0.3167,0.6243,0.0,0.0,0.0,0.0,BLOCKED_NOISE,0.0
1788867706.280202,5962892,193.78,NONE,0.3212,0.626,0.0,0.0,0.0,0.0,BLOCKED_NOISE,0.0
1788867707.3714576,5962892,192.71,NONE,0.1612,0.564,0.0,0.0,0.0,0.0,BLOCKED_NOISE,0.0
1788867708.429058,5962892,191.62,NONE,0.1612,0.564,0.0,0.0,0.0,0.0,BLOCKED_NOISE,0.0
1788867709.4868941,5962892,190.56,NONE,0.1616,0.5642,0.0,0.0,0.0,0.0,BLOCKED_NOISE,0.0
1788867710.5399442,5962892,189.51,NONE,0.1619,0.5643,0.0,0.0,0.0,0.0,BLOCKED_NOISE,0.0
1788867711.6139805,5962892,188.45,NONE,0.1785,0.5708,0.0,0.0,0.0,0.0,BLOCKED_NOISE,0.0
1788867712.7380395,5962892,187.38,NONE,0.1902,0.5754,0.0,0.0,0.0,0.0,BLOCKED_NOISE,0.0
1788867713.793004,5962892,186.26,NONE,0.1906,0.5756,0.0,0.0,0.0,0.0,BLOCKED_NOISE,0.0
1788867714.8473835,5962892,185.21,NONE,0.1573,0.5625,0.0,0.0,0.0,0.0,BLOCKED_NOISE,0.0
1788867715.9144754,5962892,184.14,NONE,0.154,0.5612,0.0,0.0,0.0,0.0,BLOCKED_NOISE,0.0
1788867716.97541,5962892,183.07,NONE,0.1544,0.5614,0.0,0.0,0.0,0.0,BLOCKED_NOISE,0.0
1788867718.0277247,5962892,182.02,YES,0.4026,0.6564,0.46,0.0,0.0,0.06,BLOCKED_WINDOW_MAX_POS,0.0
1788867719.0803218,5962892,180.97,YES,0.517,0.6974,0.54,0.0,0.0,0.03,BLOCKED_WINDOW_MAX_POS,0.0
1788867720.1337988,5962892,179.92,YES,0.6375,0.7381,0.59,0.0,0.0,0.03,BLOCKED_WINDOW_MAX_POS,0.0
1788867721.1920488,5962892,178.85,YES,0.6392,0.7386,0.56,0.0,0.0,0.03,BLOCKED_WINDOW_MAX_POS,0.0
1788867722.2505977,5962892,177.8,YES,0.5252,0.7003,0.44,0.0,0.0,0.03,BLOCKED_WINDOW_MAX_POS,0.0
1788867723.3079226,5962892,176.74,YES,0.3807,0.6483,0.42,0.0,0.0,0.03,BLOCKED_WINDOW_MAX_POS,0.0
1788867724.363901,5962892,175.69,YES,0.3794,0.6478,0.43,0.0,0.0,0.03,BLOCKED_WINDOW_MAX_POS,0.0
1788867725.417326,5962892,174.63,YES,0.3985,0.6549,0.43,0.0,0.0,0.03,BLOCKED_WINDOW_MAX_POS,0.0
1788867726.4687762,5962892,173.58,YES,0.3968,0.6542,0.43,0.0,0.0,0.03,BLOCKED_WINDOW_MAX_POS,0.0
1788867727.5276895,5962892,172.52,YES,0.3967,0.6542,0.43,0.0,0.0,0.03,BLOCKED_WINDOW_MAX_POS,0.0
1788867728.648995,5962892,171.45,YES,0.3754,0.6463,0.44,0.0,0.0,0.03,BLOCKED_WINDOW_MAX_POS,0.0
1788867729.7103047,5962892,170.34,YES,0.3675,0.6434,0.46,0.0,0.0,0.03,BLOCKED_WINDOW_MAX_POS,0.0
1788867730.783357,5962892,169.28,YES,0.3778,0.6472,0.51,0.0,0.0,0.03,BLOCKED_WINDOW_MAX_POS,0.0
1788867731.8329499,5962892,168.22,YES,0.3793,0.6478,0.51,0.0,0.0,0.03,BLOCKED_WINDOW_MAX_POS,0.0
1788867732.898903,5962892,167.17,YES,0.5251,0.7002,0.58,0.0,0.0,0.03,BLOCKED_WINDOW_MAX_POS,0.0
1788867733.951408,5962892,166.1,YES,0.5098,0.6949,0.62,0.0,0.0,0.03,BLOCKED_WINDOW_MAX_POS,0.0
1788867735.0378435,5962892,165.03,YES,0.5063,0.6937,0.61,0.0,0.0,0.03,BLOCKED_WINDOW_MAX_POS,0.0
1788867736.0932019,5962892,163.96,YES,0.508,0.6943,0.56,0.0,0.0,0.03,BLOCKED_WINDOW_MAX_POS,0.0
1788867737.1508393,5962892,162.9,YES,0.5822,0.7198,0.56,0.0,0.0,0.03,BLOCKED_WINDOW_MAX_POS,0.0
1788867738.2125816,5962892,161.84,YES,0.5812,0.7194,0.56,0.0,0.0,0.03,BLOCKED_WINDOW_MAX_POS,0.0
1788867739.2763581,5962892,160.77,YES,0.5863,0.7212,0.56,0.0,0.0,0.03,BLOCKED_WINDOW_MAX_POS,0.0
1788867740.3315682,5962892,159.72,YES,0.586,0.7211,0.56,0.0,0.0,0.03,BLOCKED_WINDOW_MAX_POS,0.0
1788867741.4081361,5962892,158.66,YES,0.5864,0.7212,0.55,0.0,0.0,0.03,BLOCKED_WINDOW_MAX_POS,0.0
1788867742.4623673,5962892,157.58,YES,0.5874,0.7215,0.55,0.0,0.0,0.03,BLOCKED_WINDOW_MAX_POS,0.0
1788867743.5187464,5962892,156.53,YES,0.5763,0.7178,0.55,0.0,0.0,0.03,BLOCKED_WINDOW_MAX_POS,0.0
1788867744.6468253,5962892,155.47,YES,0.574,0.717,0.54,0.0,0.0,0.03,BLOCKED_WINDOW_MAX_POS,0.0
1788867745.7067404,5962892,154.35,YES,0.5756,0.7176,0.55,0.0,0.0,0.03,BLOCKED_WINDOW_MAX_POS,0.0
1788867746.7563758,5962892,153.29,YES,0.5771,0.7181,0.55,0.0,0.0,0.03,BLOCKED_WINDOW_MAX_POS,0.0
1788867747.8203747,5962892,152.23,YES,0.5704,0.7158,0.55,0.0,0.0,0.03,BLOCKED_WINDOW_MAX_POS,0.0
1788867748.8720028,5962892,151.18,YES,0.5684,0.7151,0.55,0.0,0.0,0.03,BLOCKED_WINDOW_MAX_POS,0.0
1788867749.9268968,5962892,150.12,YES,0.554,0.7102,0.55,0.0,0.0,0.03,BLOCKED_WINDOW_MAX_POS,0.0
1788867750.985637,5962892,149.06,YES,0.5558,0.7108,0.55,0.0,0.0,0.03,BLOCKED_WINDOW_MAX_POS,0.0
1788867752.0360324,5962892,148.01,YES,0.5612,0.7127,0.56,0.0,0.0,0.03,BLOCKED_WINDOW_MAX_POS,0.0
1788867753.086977,5962892,146.96,YES,0.652,0.7428,0.56,0.0,0.0,0.03,BLOCKED_WINDOW_MAX_POS,0.0
1788867754.1420934,5962892,145.91,YES,0.6626,0.7462,0.56,0.0,0.0,0.03,BLOCKED_WINDOW_MAX_POS,0.0
1788867755.2069578,5962892,144.84,YES,0.5578,0.7115,0.43,0.0,0.0,0.03,BLOCKED_WINDOW_MAX_POS,0.0
1788867756.2696207,5962892,143.78,YES,0.5544,0.7104,0.46,0.0,0.0,0.03,BLOCKED_WINDOW_MAX_POS,0.0
1788867757.3225415,5962892,142.73,YES,0.5558,0.7108,0.49,0.0,0.0,0.03,BLOCKED_WINDOW_MAX_POS,0.0
1788867758.3839946,5962892,141.67,YES,0.5596,0.7121,0.49,0.0,0.0,0.03,BLOCKED_WINDOW_MAX_POS,0.0
1788867759.4440954,5962892,140.6,YES,0.5624,0.7131,0.49,0.0,0.0,0.03,BLOCKED_WINDOW_MAX_POS,0.0
1788867760.54218,5962892,139.55,YES,0.5677,0.7149,0.49,0.0,0.0,0.03,BLOCKED_WINDOW_MAX_POS,0.0
1788867761.5978303,5962892,138.45,YES,0.5727,0.7166,0.49,0.0,0.0,0.03,BLOCKED_WINDOW_MAX_POS,0.0
1788867762.652038,5962892,137.4,YES,0.5137,0.6963,0.49,0.0,0.0,0.03,BLOCKED_WINDOW_MAX_POS,0.0
1788867763.705089,5962892,136.34,YES,0.4788,0.684,0.49,0.0,0.0,0.03,BLOCKED_WINDOW_MAX_POS,0.0
1788867764.7563179,5962892,135.29,YES,0.4791,0.6841,0.49,0.0,0.0,0.03,BLOCKED_WINDOW_MAX_POS,0.0
1788867765.82214,5962892,134.23,YES,0.4735,0.6821,0.56,0.0,0.0,0.03,BLOCKED_WINDOW_MAX_POS,0.0
1788867766.8786433,5962892,133.17,YES,0.4756,0.6828,0.56,0.0,0.0,0.03,BLOCKED_WINDOW_MAX_POS,0.0
1788867767.9404266,5962892,132.12,YES,0.4866,0.6867,0.56,0.0,0.0,0.03,BLOCKED_WINDOW_MAX_POS,0.0
1788867769.0043051,5962892,131.05,YES,0.4743,0.6824,0.53,0.0,0.0,0.03,BLOCKED_WINDOW_MAX_POS,0.0
1788867770.0586793,5962892,129.99,YES,0.4696,0.6807,0.51,0.0,0.0,0.03,BLOCKED_WINDOW_MAX_POS,0.0
1788867771.112235,5962892,128.93,YES,0.4724,0.6817,0.52,0.0,0.0,0.03,BLOCKED_WINDOW_MAX_POS,0.0
1788867772.1646223,5962892,127.88,YES,0.4666,0.6796,0.5,0.0,0.0,0.03,BLOCKED_WINDOW_MAX_POS,0.0
1788867773.221765,5962892,126.83,YES,0.4693,0.6806,0.5,0.0,0.0,0.03,BLOCKED_WINDOW_MAX_POS,0.0
1788867774.2701492,5962892,125.78,YES,0.4715,0.6814,0.5,0.0,0.0,0.03,BLOCKED_WINDOW_MAX_POS,0.0
1788867775.3190734,5962892,124.73,YES,0.4745,0.6824,0.5,0.0,0.0,0.03,BLOCKED_WINDOW_MAX_POS,0.0
1788867776.4231513,5962892,123.67,YES,0.4776,0.6835,0.52,0.0,0.0,0.03,BLOCKED_WINDOW_MAX_POS,0.0
1788867777.4789197,5962892,122.57,YES,0.4804,0.6845,0.53,0.0,0.0,0.03,BLOCKED_WINDOW_MAX_POS,0.0
1788867778.536082,5962892,121.51,YES,0.4841,0.6858,0.54,0.0,0.0,0.03,BLOCKED_WINDOW_MAX_POS,0.0
1788867779.5975082,5962892,120.45,YES,0.4806,0.6846,0.54,0.0,0.0,0.03,BLOCKED_WINDOW_MAX_POS,0.0
1788867780.6691213,5962892,119.39,YES,0.4832,0.6855,0.55,0.0,0.0,0.03,BLOCKED_WINDOW_MAX_POS,0.0
1788867781.7279084,5962892,118.32,YES,0.4668,0.6797,0.56,0.0,0.0,0.03,BLOCKED_WINDOW_MAX_POS,0.0
1788867782.7855573,5962892,117.26,YES,0.4694,0.6806,0.56,0.0,0.0,0.03,BLOCKED_WINDOW_MAX_POS,0.0
1788867783.8458614,5962892,116.21,YES,0.4721,0.6816,0.54,0.0,0.0,0.03,BLOCKED_WINDOW_MAX_POS,0.0
1788867784.9101973,5962892,115.15,YES,0.4778,0.6836,0.55,0.0,0.0,0.03,BLOCKED_WINDOW_MAX_POS,0.0
1788867785.9723215,5962892,114.07,YES,0.4798,0.6843,0.55,0.0,0.0,0.03,BLOCKED_WINDOW_MAX_POS,0.0
1788867787.0299897,5962892,113.02,YES,0.4878,0.6872,0.54,0.0,0.0,0.03,BLOCKED_WINDOW_MAX_POS,0.0
1788867788.0971766,5962892,111.96,YES,0.4909,0.6882,0.54,0.0,0.0,0.03,BLOCKED_WINDOW_MAX_POS,0.0
1788867789.1541495,5962892,110.9,YES,0.4937,0.6892,0.52,0.0,0.0,0.03,BLOCKED_WINDOW_MAX_POS,0.0
1788867790.2170565,5962892,109.83,YES,0.4965,0.6902,0.52,0.0,0.0,0.03,BLOCKED_WINDOW_MAX_POS,0.0
1788867791.2810292,5962892,108.77,YES,0.4994,0.6912,0.54,0.0,0.0,0.03,BLOCKED_WINDOW_MAX_POS,0.0
1788867792.4053402,5962892,107.71,YES,0.5483,0.7083,0.55,0.0,0.0,0.03,BLOCKED_WINDOW_MAX_POS,0.0
1788867793.4681103,5962892,106.58,YES,0.5511,0.7092,0.56,0.0,0.0,0.03,BLOCKED_WINDOW_MAX_POS,0.0
1788867794.5362916,5962892,105.52,YES,0.5541,0.7102,0.56,0.0,0.0,0.03,BLOCKED_WINDOW_MAX_POS,0.0
1788867795.59647,5962892,104.45,YES,0.5569,0.7112,0.55,0.0,0.0,0.03,BLOCKED_WINDOW_MAX_POS,0.0
1788867796.656644,5962892,103.39,YES,0.7858,0.784,0.65,0.0,0.0,0.07,BLOCKED_WINDOW_MAX_POS,0.0
1788867797.7243538,5962892,102.33,YES,1.1306,0.8709,0.84,0.0,0.0,0.03,BLOCKED_WINDOW_MAX_POS,0.0
1788867798.7784812,5962892,101.27,YES,1.1348,0.8718,0.82,0.0,0.0,0.03,BLOCKED_WINDOW_MAX_POS,0.0
1788867799.8311076,5962892,100.22,YES,1.14,0.8729,0.82,0.0,0.0,0.03,BLOCKED_WINDOW_MAX_POS,0.0
1788867800.8965878,5962892,99.15,YES,1.1464,0.8742,0.82,0.0,0.0,0.03,BLOCKED_WINDOW_MAX_POS,0.0
1788867801.9764638,5962892,98.1,YES,1.1572,0.8764,0.82,0.0,0.0,0.03,BLOCKED_WINDOW_MAX_POS,0.0
1788867803.041307,5962892,97.01,YES,1.1639,0.8778,0.83,0.0,0.0,0.03,BLOCKED_WINDOW_MAX_POS,0.0
1788867804.0946012,5962892,95.95,YES,1.1699,0.879,0.83,0.0,0.0,0.03,BLOCKED_WINDOW_MAX_POS,0.0
1788867805.1423237,5962892,94.9,YES,1.1758,0.8802,0.84,0.0,0.0,0.03,BLOCKED_WINDOW_MAX_POS,0.0
1788867806.207191,5962892,93.85,YES,1.1818,0.8814,0.84,0.0,0.0,0.03,BLOCKED_WINDOW_MAX_POS,0.0
1788867807.2637992,5962892,92.78,YES,1.1622,0.8774,0.84,0.0,0.0,0.03,BLOCKED_WINDOW_MAX_POS,0.0
1788867808.3706005,5962892,91.72,YES,1.1689,0.8788,0.84,0.0,0.0,0.03,BLOCKED_WINDOW_MAX_POS,0.0
1788867809.4249322,5962892,90.62,YES,1.1756,0.8801,0.85,0.0,0.0,0.03,BLOCKED_WINDOW_MAX_POS,0.0
1788867810.4853075,5962892,89.57,NONE,1.1824,0.8815,0.0,0.0,0.0,0.0,NO_SIGNAL,0.0
1788867811.548676,5962892,88.5,YES,1.1891,0.8828,0.85,0.0,0.0,0.03,BLOCKED_WINDOW_MAX_POS,0.0
1788867812.6005647,5962892,87.44,YES,1.1958,0.8841,0.85,0.0,0.0,0.03,BLOCKED_WINDOW_MAX_POS,0.0
1788867813.664188,5962892,86.38,YES,1.2029,0.8855,0.85,0.0,0.0,0.03,BLOCKED_WINDOW_MAX_POS,0.0
1788867814.7189698,5962892,85.33,NONE,1.2096,0.8868,0.0,0.0,0.0,0.0,NO_SIGNAL,0.0
1788867815.770555,5962892,84.28,NONE,1.2167,0.8881,0.0,0.0,0.0,0.0,NO_SIGNAL,0.0
1788867816.8334596,5962892,83.23,YES,1.2656,0.8972,0.86,0.0,0.0,0.03,BLOCKED_WINDOW_MAX_POS,0.0
1788867817.8917744,5962892,82.16,YES,1.274,0.8987,0.84,0.0,0.0,0.03,BLOCKED_WINDOW_MAX_POS,0.0
1788867818.948127,5962892,81.11,NONE,1.303,0.9037,0.0,0.0,0.0,0.0,NO_SIGNAL,0.0
1788867820.0100784,5962892,80.04,NONE,1.312,0.9052,0.0,0.0,0.0,0.0,NO_SIGNAL,0.0
1788867821.0596354,5962892,78.99,NONE,1.3197,0.9065,0.0,0.0,0.0,0.0,NO_SIGNAL,0.0
1788867822.1082084,5962892,77.94,NONE,1.3278,0.9079,0.0,0.0,0.0,0.0,NO_SIGNAL,0.0
1788867823.1664279,5962892,76.88,NONE,1.336,0.9092,0.0,0.0,0.0,0.0,NO_SIGNAL,0.0
1788867824.2618062,5962892,75.83,YES,1.3445,0.9106,0.87,0.0,0.0,0.03,BLOCKED_WINDOW_MAX_POS,0.0
1788867825.323755,5962892,74.73,NONE,1.3535,0.912,0.0,0.0,0.0,0.0,NO_SIGNAL,0.0
1788867826.382639,5962892,73.67,NONE,1.3623,0.9134,0.0,0.0,0.0,0.0,NO_SIGNAL,0.0
1788867827.432409,5962892,72.62,YES,1.3713,0.9149,0.86,0.0,0.0,0.03,BLOCKED_WINDOW_MAX_POS,0.0
1788867828.5042887,5962892,71.55,YES,1.3802,0.9162,0.86,0.0,0.0,0.03,BLOCKED_WINDOW_MAX_POS,0.0
1788867829.570525,5962892,70.48,YES,1.3886,0.9175,0.87,0.0,0.0,0.03,BLOCKED_WINDOW_MAX_POS,0.0
1788867830.6331215,5962892,69.43,YES,1.2997,0.9032,0.83,0.0,0.0,0.03,BLOCKED_WINDOW_MAX_POS,0.0
1788867831.68878,5962892,68.36,YES,1.3087,0.9047,0.87,0.0,0.0,0.03,BLOCKED_WINDOW_MAX_POS,0.0
1788867832.748883,5962892,67.3,YES,1.3183,0.9063,0.85,0.0,0.0,0.03,BLOCKED_WINDOW_MAX_POS,0.0
1788867833.8005602,5962892,66.24,YES,1.328,0.9079,0.85,0.0,0.0,0.03,BLOCKED_WINDOW_MAX_POS,0.0
1788867834.8665757,5962892,65.19,YES,1.3379,0.9095,0.86,0.0,0.0,0.03,BLOCKED_WINDOW_MAX_POS,0.0
1788867835.9247363,5962892,64.12,YES,1.3482,0.9112,0.88,0.0,0.0,0.03,BLOCKED_WINDOW_MAX_POS,0.0
1788867836.9852428,5962892,63.06,YES,1.3586,0.9129,0.88,0.0,0.0,0.03,BLOCKED_WINDOW_MAX_POS,0.0
1788867838.0476172,5962892,62.0,YES,1.3689,0.9145,0.88,0.0,0.0,0.03,BLOCKED_WINDOW_MAX_POS,0.0
1788867839.1166043,5962892,60.94,NONE,1.3799,0.9162,0.0,0.0,0.0,0.0,NO_SIGNAL,0.0
1788867840.2180626,5962892,59.87,NONE,1.3955,0.9186,0.0,0.0,0.0,0.0,NO_SIGNAL,0.0
1788867841.267546,5962892,58.78,NONE,1.4074,0.9204,0.0,0.0,0.0,0.0,NO_SIGNAL,0.0
1788867842.3353245,5962892,57.72,NONE,1.4203,0.9222,0.0,0.0,0.0,0.0,NO_SIGNAL,0.0
1788867843.3891,5962892,56.66,NONE,1.4328,0.924,0.0,0.0,0.0,0.0,NO_SIGNAL,0.0
1788867844.4466581,5962892,55.6,NONE,1.4455,0.9258,0.0,0.0,0.0,0.0,NO_SIGNAL,0.0
1788867845.5094545,5962892,54.55,NONE,1.4584,0.9276,0.0,0.0,0.0,0.0,NO_SIGNAL,0.0
1788867846.5727699,5962892,53.48,YES,0.811,0.7913,0.49,0.0,0.0,0.03,BLOCKED_WINDOW_MAX_POS,0.0
1788867847.633923,5962892,52.42,YES,0.7458,0.7721,0.51,0.0,0.0,0.03,BLOCKED_WINDOW_MAX_POS,0.0
1788867848.6952384,5962892,51.36,YES,0.5428,0.7064,0.3,0.0,0.0,0.03,BLOCKED_WINDOW_MAX_POS,0.0
1788867849.7542148,5962892,50.3,YES,0.5143,0.6965,0.26,0.0,0.0,0.03,BLOCKED_WINDOW_MAX_POS,0.0
1788867850.8108113,5962892,49.24,YES,0.5207,0.6987,0.39,0.0,0.0,0.03,BLOCKED_WINDOW_MAX_POS,0.0
1788867851.8758755,5962892,48.18,YES,0.5144,0.6965,0.43,0.0,0.0,0.035,BLOCKED_WINDOW_MAX_POS,0.0
1788867852.930759,5962892,47.12,YES,0.5205,0.6986,0.53,0.0,0.0,0.03,BLOCKED_WINDOW_MAX_POS,0.0
1788867853.9850624,5962892,46.07,YES,0.5249,0.7002,0.46,0.0,0.0,0.03,BLOCKED_WINDOW_MAX_POS,0.0
1788867855.0368273,5962892,45.01,YES,0.5265,0.7007,0.44,0.0,0.0,0.03,BLOCKED_WINDOW_MAX_POS,0.0
1788867856.1616282,5962892,43.96,YES,0.5647,0.7139,0.36,0.0,0.0,0.03,BLOCKED_WINDOW_MAX_POS,0.0
1788867857.2134402,5962892,42.84,YES,0.5735,0.7168,0.47,0.0,0.0,0.03,BLOCKED_WINDOW_MAX_POS,0.0
1788867858.2742345,5962892,41.78,YES,0.5818,0.7196,0.4,0.0,0.0,0.03,BLOCKED_WINDOW_MAX_POS,0.0
1788867859.336874,5962892,40.72,YES,0.6119,0.7297,0.39,0.0,0.0,0.03,BLOCKED_WINDOW_MAX_POS,0.0
1788867860.3959637,5962892,39.65,YES,0.626,0.7343,0.37,0.0,0.0,0.03,BLOCKED_WINDOW_MAX_POS,0.0
1788867861.4857352,5962892,38.6,YES,0.4173,0.6618,0.1,0.0,0.0,0.03,BLOCKED_WINDOW_MAX_POS,0.0
1788867862.5441787,5962892,37.51,YES,0.4153,0.661,0.2,0.0,0.0,0.03,BLOCKED_WINDOW_MAX_POS,0.0
1788867863.6056411,5962892,36.44,YES,0.4225,0.6637,0.16,0.0,0.0,0.03,BLOCKED_WINDOW_MAX_POS,0.0
1788867864.6721716,5962892,35.39,YES,0.4325,0.6673,0.13,0.0,0.0,0.03,BLOCKED_WINDOW_MAX_POS,0.0
1788867865.725359,5962892,34.33,YES,0.4429,0.6711,0.13,0.0,0.0,0.03,BLOCKED_WINDOW_MAX_POS,0.0
1788867866.7814605,5962892,33.27,YES,0.4551,0.6755,0.2,0.0,0.0,0.035,BLOCKED_WINDOW_MAX_POS,0.0
1788867867.8373265,5962892,32.21,YES,0.4631,0.6784,0.13,0.0,0.0,0.03,BLOCKED_WINDOW_MAX_POS,0.0
1788867868.8957717,5962892,31.16,YES,0.4742,0.6823,0.1,0.0,0.0,0.05,BLOCKED_WINDOW_MAX_POS,0.0
1788867869.9466789,5962892,30.1,YES,0.4838,0.6857,0.03,0.0,0.0,0.03,BLOCKED_WINDOW_MAX_POS,0.0
1788867871.0091264,5962892,29.04,YES,0.4932,0.6891,0.03,0.0,0.0,0.03,BLOCKED_WINDOW_MAX_POS,0.0
1788867872.07236,5962892,27.98,YES,0.504,0.6929,0.03,0.0,0.0,0.03,BLOCKED_WINDOW_MAX_POS,0.0
1788867873.127483,5962892,26.92,YES,0.5171,0.6975,0.03,0.0,0.0,0.03,BLOCKED_WINDOW_MAX_POS,0.0
1788867874.1792245,5962892,25.87,YES,0.5236,0.6997,0.03,0.0,0.0,0.03,BLOCKED_WINDOW_MAX_POS,0.0
1788867875.240668,5962892,24.81,YES,0.5359,0.704,0.02,0.0,0.0,0.03,BLOCKED_WINDOW_MAX_POS,0.0
1788867876.292445,5962892,23.76,YES,0.5977,0.725,0.02,0.0,0.0,0.03,BLOCKED_WINDOW_MAX_POS,0.0
1788867877.3492851,5962892,22.7,YES,0.3572,0.6395,0.02,0.0,0.0,0.03,BLOCKED_WINDOW_MAX_POS,0.0
1788867878.409573,5962892,21.64,YES,0.3717,0.645,0.01,0.0,0.0,0.035,BLOCKED_WINDOW_MAX_POS,0.0
1788867879.461109,5962892,20.58,YES,0.3826,0.649,0.01,0.0,0.0,0.035,BLOCKED_WINDOW_MAX_POS,0.0
1788867880.5174084,5962892,19.53,YES,0.3897,0.6516,0.01,0.0,0.0,0.035,BLOCKED_WINDOW_MAX_POS,0.0
1788867881.5801353,5962892,18.47,YES,0.4022,0.6562,0.01,0.0,0.0,0.035,BLOCKED_WINDOW_MAX_POS,0.0
1788867882.632069,5962892,17.42,YES,0.4161,0.6613,0.01,0.0,0.0,0.035,BLOCKED_WINDOW_MAX_POS,0.0
1788867883.685666,5962892,16.36,YES,0.4297,0.6663,0.01,0.0,0.0,0.035,BLOCKED_WINDOW_MAX_POS,0.0
1788867884.7883372,5962892,15.3,YES,0.4439,0.6714,0.01,0.0,0.0,0.035,BLOCKED_WINDOW_MAX_POS,0.0
1788867885.8362086,5962892,14.21,YES,0.4624,0.6781,0.01,0.0,0.0,0.035,BLOCKED_WINDOW_MAX_POS,0.0
1788867886.8872526,5962892,13.16,YES,0.4828,0.6854,0.01,0.0,0.0,0.035,BLOCKED_WINDOW_MAX_POS,0.0
1788867887.9390638,5962892,12.11,YES,0.5125,0.6959,0.01,0.0,0.0,0.035,BLOCKED_WINDOW_MAX_POS,0.0
1788867888.9920797,5962892,11.05,YES,0.5249,0.7002,0.01,0.0,0.0,0.035,BLOCKED_WINDOW_MAX_POS,0.0
1788867890.041974,5962892,10.0,YES,0.5502,0.7089,0.01,0.0,0.0,0.035,BLOCKED_WINDOW_MAX_POS,0.0
1788867891.0997844,5962892,8.95,YES,0.5975,0.7249,0.01,0.0,0.0,0.035,BLOCKED_WINDOW_MAX_POS,0.0
1788867892.1553333,5962892,7.89,YES,0.6401,0.739,0.01,0.0,0.0,0.035,BLOCKED_WINDOW_MAX_POS,0.0
1788867893.2174215,5962892,6.84,YES,0.6912,0.7553,0.01,0.0,0.0,0.035,BLOCKED_WINDOW_MAX_POS,0.0
1788867894.2774038,5962892,5.77,YES,0.7587,0.776,0.01,0.0,0.0,0.035,BLOCKED_WINDOW_MAX_POS,0.0
1788867895.3454132,5962892,4.71,YES,0.8458,0.8012,0.01,0.0,0.0,0.035,BLOCKED_WINDOW_MAX_POS,0.0
1788867896.400056,5962892,3.65,YES,0.9608,0.8317,0.01,0.0,0.0,0.035,BLOCKED_WINDOW_MAX_POS,0.0
1788867897.4551842,5962892,2.59,YES,1.152,0.8753,0.01,0.0,0.0,0.035,BLOCKED_WINDOW_MAX_POS,0.0
1788867898.5072744,5962892,1.54,YES,1.5144,0.935,0.01,0.0,0.0,0.035,BLOCKED_WINDOW_MAX_POS,0.0
1788867899.5743139,5962892,1.0,YES,1.8991,0.9712,0.01,0.0,0.0,0.035,BLOCKED_WINDOW_MAX_POS,0.0
1788867901.510161,5962893,299.42,NONE,-0.0079,0.4969,0.0,0.0,0.0,0.0,BLOCKED_NOISE,0.0
1788867902.5587037,5962893,297.49,NONE,0.0496,0.5198,0.0,0.0,0.0,0.0,BLOCKED_NOISE,0.0
1788867903.6218398,5962893,296.43,NONE,0.0535,0.5213,0.0,0.0,0.0,0.0,BLOCKED_NOISE,0.0
1788867904.6718261,5962893,295.38,NONE,0.0507,0.5202,0.0,0.0,0.0,0.0,BLOCKED_NOISE,0.0
1788867905.7373638,5962893,294.31,NONE,0.0508,0.5203,0.0,0.0,0.0,0.0,BLOCKED_NOISE,0.0
1788867906.797487,5962893,293.25,NONE,0.051,0.5203,0.0,0.0,0.0,0.0,BLOCKED_NOISE,0.0
1788867907.8484447,5962893,292.2,NONE,0.134,0.5533,0.0,0.0,0.0,0.0,BLOCKED_NOISE,0.0
1788867908.8986056,5962893,291.15,NONE,0.1439,0.5572,0.0,0.0,0.0,0.0,BLOCKED_NOISE,0.0
1788867909.9515228,5962893,290.1,NONE,0.1189,0.5473,0.0,0.0,0.0,0.0,BLOCKED_NOISE,0.0
1788867911.009454,5962893,289.04,NONE,0.1189,0.5473,0.0,0.0,0.0,0.0,BLOCKED_NOISE,0.0
1788867912.0628188,5962893,287.99,NONE,0.1182,0.5471,0.0,0.0,0.0,0.0,BLOCKED_NOISE,0.0
1788867913.116497,5962893,286.93,NONE,0.1122,0.5447,0.0,0.0,0.0,0.0,BLOCKED_NOISE,0.0
1788867914.170774,5962893,285.87,NONE,0.1161,0.5462,0.0,0.0,0.0,0.0,BLOCKED_NOISE,0.0
1788867915.2238922,5962893,284.83,NONE,0.1254,0.5499,0.0,0.0,0.0,0.0,BLOCKED_NOISE,0.0
1788867916.2791107,5962893,283.77,NONE,0.0051,0.502,0.0,0.0,0.0,0.0,BLOCKED_NOISE,0.0
1788867917.3796964,5962893,282.72,NONE,-0.2409,0.4048,0.0,0.0,0.0,0.0,BLOCKED_NOISE,0.0
1788867918.4397147,5962893,281.61,NONE,-0.2413,0.4047,0.0,0.0,0.0,0.0,BLOCKED_NOISE,0.0
1788867919.5074005,5962893,280.55,NONE,-0.2416,0.4045,0.0,0.0,0.0,0.0,BLOCKED_NOISE,0.0
1788867920.612329,5962893,279.48,NONE,-0.1373,0.4454,0.0,0.0,0.0,0.0,BLOCKED_NOISE,0.0
1788867921.6757832,5962893,278.37,NONE,-0.127,0.4495,0.0,0.0,0.0,0.0,BLOCKED_NOISE,0.0
1788867922.739808,5962893,277.32,NONE,-0.127,0.4495,0.0,0.0,0.0,0.0,BLOCKED_NOISE,0.0
1788867923.7951343,5962893,276.25,NONE,-0.1278,0.4492,0.0,0.0,0.0,0.0,BLOCKED_NOISE,0.0
1788867924.857163,5962893,275.2,NONE,-0.1279,0.4491,0.0,0.0,0.0,0.0,BLOCKED_NOISE,0.0
1788867925.9249198,5962893,274.13,NONE,-0.128,0.4491,0.0,0.0,0.0,0.0,BLOCKED_NOISE,0.0
1788867926.9895046,5962893,273.06,NONE,-0.1291,0.4486,0.0,0.0,0.0,0.0,BLOCKED_NOISE,0.0
1788867928.057655,5962893,271.99,NONE,-0.1059,0.4578,0.0,0.0,0.0,0.0,BLOCKED_NOISE,0.0
1788867929.1071827,5962893,270.94,NONE,-0.1052,0.4581,0.0,0.0,0.0,0.0,BLOCKED_NOISE,0.0
1788867930.1740255,5962893,269.88,NONE,-0.1053,0.4581,0.0,0.0,0.0,0.0,BLOCKED_NOISE,0.0
1788867931.2290928,5962893,268.82,NONE,-0.1159,0.4539,0.0,0.0,0.0,0.0,BLOCKED_NOISE,0.0
1788867932.284765,5962893,267.77,NONE,-0.1331,0.4471,0.0,0.0,0.0,0.0,BLOCKED_NOISE,0.0
1788867933.3822675,5962893,266.71,NONE,-0.1348,0.4464,0.0,0.0,0.0,0.0,BLOCKED_NOISE,0.0
1788867934.4713805,5962893,265.6,NONE,-0.1352,0.4462,0.0,0.0,0.0,0.0,BLOCKED_NOISE,0.0
1788867935.5424333,5962893,264.53,NONE,-0.1353,0.4462,0.0,0.0,0.0,0.0,BLOCKED_NOISE,0.0
1788867936.595514,5962893,263.45,NONE,-0.1354,0.4461,0.0,0.0,0.0,0.0,BLOCKED_NOISE,0.0
1788867937.6524029,5962893,262.4,NONE,-0.1344,0.4465,0.0,0.0,0.0,0.0,BLOCKED_NOISE,0.0
1788867938.7054863,5962893,261.34,NONE,-0.1358,0.446,0.0,0.0,0.0,0.0,BLOCKED_NOISE,0.0
1788867939.7588615,5962893,260.29,NONE,-0.1353,0.4462,0.0,0.0,0.0,0.0,BLOCKED_NOISE,0.0
1788867940.815053,5962893,259.23,NONE,-0.1354,0.4461,0.0,0.0,0.0,0.0,BLOCKED_NOISE,0.0
1788867941.8744042,5962893,258.17,NONE,-0.1955,0.4225,0.0,0.0,0.0,0.0,BLOCKED_NOISE,0.0
1788867942.9325092,5962893,257.12,NONE,-0.2022,0.4199,0.0,0.0,0.0,0.0,BLOCKED_NOISE,0.0
1788867943.9924707,5962893,256.05,NONE,-0.2019,0.42,0.0,0.0,0.0,0.0,BLOCKED_NOISE,0.0
1788867945.043378,5962893,255.01,NONE,-0.2089,0.4173,0.0,0.0,0.0,0.0,BLOCKED_NOISE,0.0
1788867946.106716,5962893,253.94,NONE,-0.2091,0.4172,0.0,0.0,0.0,0.0,BLOCKED_NOISE,0.0
1788867947.1745853,5962893,252.88,NONE,-0.1024,0.4592,0.0,0.0,0.0,0.0,BLOCKED_NOISE,0.0
1788867948.2336757,5962893,251.82,NONE,-0.1017,0.4595,0.0,0.0,0.0,0.0,BLOCKED_NOISE,0.0
1788867949.3301125,5962893,250.76,NONE,-0.1019,0.4594,0.0,0.0,0.0,0.0,BLOCKED_NOISE,0.0
1788867950.3931773,5962893,249.66,NONE,-0.0992,0.4605,0.0,0.0,0.0,0.0,BLOCKED_NOISE,0.0
1788867951.4592288,5962893,248.59,YES,-0.3637,0.358,0.27,0.01,0.088,0.03,EXECUTED,15.41
1788867952.5254643,5962893,247.52,YES,-0.3579,0.3602,0.27,0.0,0.0,0.03,BLOCKED_WINDOW_MAX_POS,0.0
1788867953.580342,5962893,246.47,YES,-0.3581,0.3601,0.28,0.0,0.0,0.03,BLOCKED_WINDOW_MAX_POS,0.0
1788867954.6333897,5962893,245.42,YES,-0.3579,0.3602,0.29,0.0,0.0,0.03,BLOCKED_WINDOW_MAX_POS,0.0
1788867955.689426,5962893,244.36,YES,-0.3587,0.3599,0.29,0.0,0.0,0.03,BLOCKED_WINDOW_MAX_POS,0.0
1788867956.7546647,5962893,243.3,YES,-0.3592,0.3597,0.3,0.0,0.0,0.03,BLOCKED_WINDOW_MAX_POS,0.0
1788867957.820448,5962893,242.23,YES,-0.3588,0.3599,0.31,0.0,0.0,0.03,BLOCKED_WINDOW_MAX_POS,0.0
1788867958.8821206,5962893,241.17,YES,-0.3646,0.3577,0.31,0.0,0.0,0.03,BLOCKED_WINDOW_MAX_POS,0.0
1788867959.9460993,5962893,240.1,YES,-0.3652,0.3575,0.3,0.0,0.0,0.03,BLOCKED_WINDOW_MAX_POS,0.0
1788867961.0033455,5962893,239.05,YES,-0.3657,0.3573,0.3,0.0,0.0,0.03,BLOCKED_WINDOW_MAX_POS,0.0
1788867962.0648162,5962893,237.99,YES,-0.3542,0.3616,0.3,0.0,0.0,0.03,BLOCKED_WINDOW_MAX_POS,0.0
1788867963.1188817,5962893,236.93,YES,-0.3548,0.3614,0.28,0.0,0.0,0.03,BLOCKED_WINDOW_MAX_POS,0.0
1788867964.1818435,5962893,235.87,YES,-0.3553,0.3612,0.28,0.0,0.0,0.03,BLOCKED_WINDOW_MAX_POS,0.0
1788867965.2872374,5962893,234.81,YES,-0.3559,0.3609,0.29,0.0,0.0,0.03,BLOCKED_WINDOW_MAX_POS,0.0
1788867966.3430033,5962893,233.71,YES,-0.3571,0.3605,0.31,0.0,0.0,0.03,BLOCKED_WINDOW_MAX_POS,0.0
1788867967.403413,5962893,232.65,YES,-0.3579,0.3602,0.28,0.0,0.0,0.03,BLOCKED_WINDOW_MAX_POS,0.0
1788867968.457867,5962893,231.59,NONE,-0.3489,0.3636,0.0,0.0,0.0,0.0,BLOCKED_NOISE,0.0
1788867969.5111296,5962893,230.54,NONE,-0.3486,0.3637,0.0,0.0,0.0,0.0,BLOCKED_NOISE,0.0
1788867970.575952,5962893,229.48,YES,-0.4045,0.3429,0.25,0.0,0.0,0.03,BLOCKED_WINDOW_MAX_POS,0.0
1788867971.6339781,5962893,228.41,YES,-0.4094,0.3411,0.23,0.0,0.0,0.03,BLOCKED_WINDOW_MAX_POS,0.0
1788867972.6872065,5962893,227.37,YES,-0.4088,0.3413,0.22,0.0,0.0,0.03,BLOCKED_WINDOW_MAX_POS,0.0
1788867973.7473693,5962893,226.31,YES,-0.6644,0.2532,0.19,0.0,0.0,0.03,BLOCKED_WINDOW_MAX_POS,0.0
1788867974.802501,5962893,225.25,YES,-0.6657,0.2528,0.19,0.0,0.0,0.03,BLOCKED_WINDOW_MAX_POS,0.0
1788867975.8498044,5962893,224.2,YES,-0.667,0.2524,0.2,0.0,0.0,0.03,BLOCKED_WINDOW_MAX_POS,0.0
1788867976.898841,5962893,223.15,YES,-0.6684,0.2519,0.2,0.0,0.0,0.03,BLOCKED_WINDOW_MAX_POS,0.0
1788867977.9547958,5962893,222.09,YES,-0.6685,0.2519,0.19,0.0,0.0,0.03,BLOCKED_WINDOW_MAX_POS,0.0
1788867979.0128963,5962893,221.04,YES,-0.699,0.2423,0.17,0.0,0.0,0.03,BLOCKED_WINDOW_MAX_POS,0.0
1788867980.0658312,5962893,219.98,YES,-0.7037,0.2408,0.17,0.0,0.0,0.03,BLOCKED_WINDOW_MAX_POS,0.0
1788867981.1713567,5962893,218.93,YES,-0.7001,0.2419,0.19,0.0,0.0,0.03,BLOCKED_WINDOW_MAX_POS,0.0
1788867982.236534,5962893,217.82,YES,-0.6858,0.2464,0.19,0.0,0.0,0.03,BLOCKED_WINDOW_MAX_POS,0.0
1788867983.295523,5962893,216.76,YES,-0.7433,0.2286,0.16,0.0,0.0,0.03,BLOCKED_WINDOW_MAX_POS,0.0
1788867984.3582022,5962893,215.7,YES,-0.7533,0.2256,0.15,0.0,0.0,0.03,BLOCKED_WINDOW_MAX_POS,0.0
1788867985.4154704,5962893,214.64,YES,-0.8354,0.2018,0.14,0.0,0.0,0.03,BLOCKED_WINDOW_MAX_POS,0.0
1788867986.474034,5962893,213.58,YES,-0.8371,0.2013,0.14,0.0,0.0,0.03,BLOCKED_WINDOW_MAX_POS,0.0
1788867987.537118,5962893,212.51,YES,-0.8389,0.2008,0.14,0.0,0.0,0.03,BLOCKED_WINDOW_MAX_POS,0.0
1788867988.6091354,5962893,211.45,YES,-0.9063,0.1824,0.13,0.0,0.0,0.03,BLOCKED_WINDOW_MAX_POS,0.0
1788867989.6667264,5962893,210.38,YES,-0.9078,0.182,0.13,0.0,0.0,0.03,BLOCKED_WINDOW_MAX_POS,0.0
1788867990.7309716,5962893,209.33,YES,-0.9107,0.1812,0.13,0.0,0.0,0.03,BLOCKED_WINDOW_MAX_POS,0.0
1788867991.7836695,5962893,208.27,YES,-0.9115,0.181,0.15,0.0,0.0,0.03,BLOCKED_WINDOW_MAX_POS,0.0
1788867992.852492,5962893,207.2,NONE,-0.7746,0.2193,0.0,0.0,0.0,0.0,NO_SIGNAL,0.0
1788867993.9156604,5962893,206.13,YES,-0.7288,0.233,0.19,0.0,0.0,0.03,BLOCKED_WINDOW_MAX_POS,0.0
1788867994.9786394,5962893,205.08,YES,-0.6718,0.2508,0.2,0.0,0.0,0.03,BLOCKED_WINDOW_MAX_POS,0.0
1788867996.034448,5962893,204.02,YES,-0.6631,0.2536,0.2,0.0,0.0,0.03,BLOCKED_WINDOW_MAX_POS,0.0
1788867997.201094,5962893,202.96,YES,-0.6642,0.2533,0.2,0.0,0.0,0.03,BLOCKED_WINDOW_MAX_POS,0.0
1788867998.2654488,5962893,201.79,YES,-0.6664,0.2526,0.2,0.0,0.0,0.03,BLOCKED_WINDOW_MAX_POS,0.0
1788867999.3271205,5962893,200.72,YES,-0.5591,0.2881,0.23,0.0,0.0,0.03,BLOCKED_WINDOW_MAX_POS,0.0
1788868000.3868952,5962893,199.66,YES,-0.4306,0.3334,0.24,0.0,0.0,0.03,BLOCKED_WINDOW_MAX_POS,0.0
1788868001.438454,5962893,198.61,YES,-0.4167,0.3385,0.24,0.0,0.0,0.03,BLOCKED_WINDOW_MAX_POS,0.0
1788868002.495435,5962893,197.55,YES,-0.3694,0.3559,0.28,0.0,0.0,0.03,BLOCKED_WINDOW_MAX_POS,0.0
1788868003.556148,5962893,196.49,YES,-0.3688,0.3561,0.22,0.0,0.0,0.03,BLOCKED_WINDOW_MAX_POS,0.0
1788868004.632894,5962893,195.43,YES,-0.3731,0.3545,0.21,0.0,0.0,0.03,BLOCKED_WINDOW_MAX_POS,0.0
1788868005.7000844,5962893,194.36,YES,-0.5005,0.3084,0.16,0.0,0.0,0.03,BLOCKED_WINDOW_MAX_POS,0.0
1788868006.7585065,5962893,193.29,YES,-0.5487,0.2916,0.15,0.0,0.0,0.03,BLOCKED_WINDOW_MAX_POS,0.0
1788868007.824678,5962893,192.23,YES,-0.55,0.2912,0.15,0.0,0.0,0.03,BLOCKED_WINDOW_MAX_POS,0.0
1788868008.8788419,5962893,191.17,YES,-0.5516,0.2906,0.15,0.0,0.0,0.03,BLOCKED_WINDOW_MAX_POS,0.0
1788868009.933727,5962893,190.11,YES,-0.5539,0.2898,0.15,0.0,0.0,0.03,BLOCKED_WINDOW_MAX_POS,0.0
1788868011.0254402,5962893,189.06,YES,-0.5743,0.2829,0.15,0.0,0.0,0.03,BLOCKED_WINDOW_MAX_POS,0.0
1788868012.1049767,5962893,187.97,YES,-0.5841,0.2796,0.13,0.0,0.0,0.03,BLOCKED_WINDOW_MAX_POS,0.0
1788868013.245241,5962893,186.88,YES,-0.6585,0.2551,0.13,0.0,0.0,0.03,BLOCKED_WINDOW_MAX_POS,0.0
1788868014.2979214,5962893,185.75,YES,-0.6572,0.2555,0.12,0.0,0.0,0.03,BLOCKED_WINDOW_MAX_POS,0.0
1788868015.361883,5962893,184.69,YES,-0.9645,0.1674,0.1,0.0,0.0,0.03,BLOCKED_WINDOW_MAX_POS,0.0
1788868016.4195485,5962893,183.63,YES,-0.9737,0.1651,0.1,0.0,0.0,0.03,BLOCKED_WINDOW_MAX_POS,0.0
1788868017.4762907,5962893,182.57,YES,-0.9682,0.1665,0.11,0.0,0.0,0.03,BLOCKED_WINDOW_MAX_POS,0.0
1788868018.5337822,5962893,181.52,YES,-0.9626,0.1679,0.11,0.0,0.0,0.03,BLOCKED_WINDOW_MAX_POS,0.0
1788868019.58961,5962893,180.46,YES,-0.965,0.1673,0.11,0.0,0.0,0.03,BLOCKED_WINDOW_MAX_POS,0.0
1788868020.646637,5962893,179.41,YES,-0.9659,0.1671,0.11,0.0,0.0,0.03,BLOCKED_WINDOW_MAX_POS,0.0
1788868021.698587,5962893,178.35,YES,-0.8227,0.2053,0.12,0.0,0.0,0.03,BLOCKED_WINDOW_MAX_POS,0.0
1788868022.7571368,5962893,177.29,YES,-0.8302,0.2032,0.12,0.0,0.0,0.03,BLOCKED_WINDOW_MAX_POS,0.0
1788868023.8313837,5962893,176.23,YES,-0.8261,0.2044,0.12,0.0,0.0,0.03,BLOCKED_WINDOW_MAX_POS,0.0
1788868024.898165,5962893,175.15,YES,-0.8421,0.1999,0.12,0.0,0.0,0.03,BLOCKED_WINDOW_MAX_POS,0.0
1788868025.9553585,5962893,174.1,YES,-0.8381,0.201,0.12,0.0,0.0,0.03,BLOCKED_WINDOW_MAX_POS,0.0
1788868027.0136256,5962893,173.04,YES,-0.7427,0.2288,0.15,0.0,0.0,0.03,BLOCKED_WINDOW_MAX_POS,0.0
1788868028.1150234,5962893,171.97,NO,-0.6078,0.7283,0.82,0.0,0.0,0.035,BLOCKED_WINDOW_MAX_POS,0.0
1788868029.2211127,5962893,170.88,YES,-0.5562,0.289,0.21,0.0,0.0,0.03,BLOCKED_WINDOW_MAX_POS,0.0
1788868030.2880614,5962893,169.77,YES,-0.5724,0.2835,0.2,0.0,0.0,0.03,BLOCKED_WINDOW_MAX_POS,0.0
1788868031.3420632,5962893,168.71,YES,-0.5762,0.2822,0.19,0.0,0.0,0.03,BLOCKED_WINDOW_MAX_POS,0.0
1788868032.4038546,5962893,167.64,YES,-0.826,0.2044,0.14,0.0,0.0,0.03,BLOCKED_WINDOW_MAX_POS,0.0
1788868033.4747796,5962893,166.59,YES,-0.8272,0.2041,0.14,0.0,0.0,0.03,BLOCKED_WINDOW_MAX_POS,0.0
1788868034.5333505,5962893,165.52,YES,-0.8296,0.2034,0.13,0.0,0.0,0.03,BLOCKED_WINDOW_MAX_POS,0.0
1788868035.5957975,5962893,164.45,YES,-0.832,0.2027,0.13,0.0,0.0,0.03,BLOCKED_WINDOW_MAX_POS,0.0
1788868036.6550932,5962893,163.4,YES,-0.8327,0.2025,0.13,0.0,0.0,0.03,BLOCKED_WINDOW_MAX_POS,0.0
1788868037.7092667,5962893,162.34,YES,-0.8415,0.2,0.13,0.0,0.0,0.03,BLOCKED_WINDOW_MAX_POS,0.0
1788868038.7603195,5962893,161.29,YES,-0.8528,0.1969,0.13,0.0,0.0,0.03,BLOCKED_WINDOW_MAX_POS,0.0
1788868039.8213665,5962893,160.23,YES,-0.8585,0.1953,0.12,0.0,0.0,0.03,BLOCKED_WINDOW_MAX_POS,0.0
1788868040.8746207,5962893,159.18,YES,-0.7831,0.2168,0.17,0.0,0.0,0.03,BLOCKED_WINDOW_MAX_POS,0.0
1788868041.9331815,5962893,158.12,YES,-0.7788,0.2181,0.17,0.0,0.0,0.03,BLOCKED_WINDOW_MAX_POS,0.0
1788868042.9893053,5962893,157.06,YES,-0.6432,0.26,0.21,0.0,0.0,0.03,BLOCKED_WINDOW_MAX_POS,0.0
1788868044.052425,5962893,155.99,YES,-0.6357,0.2625,0.19,0.0,0.0,0.03,BLOCKED_WINDOW_MAX_POS,0.0
1788868045.180488,5962893,154.93,YES,-0.6375,0.2619,0.17,0.0,0.0,0.03,BLOCKED_WINDOW_MAX_POS,0.0
1788868046.239928,5962893,153.81,YES,-0.6356,0.2625,0.17,0.0,0.0,0.03,BLOCKED_WINDOW_MAX_POS,0.0
1788868047.2960596,5962893,152.76,YES,-0.6419,0.2605,0.16,0.0,0.0,0.03,BLOCKED_WINDOW_MAX_POS,0.0
1788868048.3560386,5962893,151.69,YES,-0.6438,0.2598,0.16,0.0,0.0,0.03,BLOCKED_WINDOW_MAX_POS,0.0
1788868049.4142368,5962893,150.63,YES,-0.6452,0.2594,0.16,0.0,0.0,0.03,BLOCKED_WINDOW_MAX_POS,0.0
1788868050.4869578,5962893,149.57,YES,-0.6466,0.2589,0.14,0.0,0.0,0.03,BLOCKED_WINDOW_MAX_POS,0.0
1788868051.548844,5962893,148.5,YES,-0.6619,0.254,0.13,0.0,0.0,0.03,BLOCKED_WINDOW_MAX_POS,0.0
1788868052.6013396,5962893,147.45,YES,-0.664,0.2534,0.12,0.0,0.0,0.03,BLOCKED_WINDOW_MAX_POS,0.0
1788868053.66466,5962893,146.39,YES,-0.6759,0.2496,0.13,0.0,0.0,0.03,BLOCKED_WINDOW_MAX_POS,0.0
1788868054.727728,5962893,145.33,YES,-0.678,0.2489,0.12,0.0,0.0,0.03,BLOCKED_WINDOW_MAX_POS,0.0
1788868055.7777731,5962893,144.27,YES,-0.6802,0.2482,0.12,0.0,0.0,0.03,BLOCKED_WINDOW_MAX_POS,0.0
1788868056.8418288,5962893,143.21,YES,-0.8264,0.2043,0.09,0.0,0.0,0.03,BLOCKED_WINDOW_MAX_POS,0.0
1788868057.9099433,5962893,142.14,YES,-0.8403,0.2004,0.09,0.0,0.0,0.03,BLOCKED_WINDOW_MAX_POS,0.0
1788868058.959996,5962893,141.09,YES,-0.8566,0.1958,0.09,0.0,0.0,0.03,BLOCKED_WINDOW_MAX_POS,0.0
1788868060.0166533,5962893,140.04,YES,-0.8594,0.1951,0.08,0.0,0.0,0.03,BLOCKED_WINDOW_MAX_POS,0.0
1788868061.152277,5962893,138.98,YES,-0.9295,0.1763,0.07,0.0,0.0,0.03,BLOCKED_WINDOW_MAX_POS,0.0
1788868062.205742,5962893,137.84,YES,-0.9328,0.1755,0.07,0.0,0.0,0.03,BLOCKED_WINDOW_MAX_POS,0.0
1788868063.265585,5962893,136.79,YES,-0.936,0.1746,0.07,0.0,0.0,0.03,BLOCKED_WINDOW_MAX_POS,0.0
1788868064.3172138,5962893,135.73,YES,-0.8038,0.2108,0.07,0.0,0.0,0.03,BLOCKED_WINDOW_MAX_POS,0.0
1788868065.375478,5962893,134.68,YES,-0.8067,0.2099,0.06,0.0,0.0,0.03,BLOCKED_WINDOW_MAX_POS,0.0
1788868066.4512675,5962893,133.62,YES,-0.8627,0.1941,0.07,0.0,0.0,0.03,BLOCKED_WINDOW_MAX_POS,0.0
1788868067.513518,5962893,132.54,YES,-0.8584,0.1953,0.06,0.0,0.0,0.03,BLOCKED_WINDOW_MAX_POS,0.0
1788868068.570509,5962893,131.48,YES,-0.8618,0.1944,0.06,0.0,0.0,0.03,BLOCKED_WINDOW_MAX_POS,0.0
1788868069.6263604,5962893,130.42,YES,-0.8654,0.1934,0.06,0.0,0.0,0.03,BLOCKED_WINDOW_MAX_POS,0.0
1788868070.6874642,5962893,129.36,YES,-0.8834,0.1885,0.08,0.0,0.0,0.03,BLOCKED_WINDOW_MAX_POS,0.0
1788868071.7540543,5962893,128.3,YES,-0.9494,0.1712,0.07,0.0,0.0,0.03,BLOCKED_WINDOW_MAX_POS,0.0
1788868072.8125088,5962893,127.24,YES,-0.9567,0.1694,0.07,0.0,0.0,0.03,BLOCKED_WINDOW_MAX_POS,0.0
1788868073.877252,5962893,126.17,YES,-1.0309,0.1513,0.07,0.0,0.0,0.03,BLOCKED_WINDOW_MAX_POS,0.0
1788868074.9500206,5962893,125.12,YES,-1.0349,0.1504,0.07,0.0,0.0,0.03,BLOCKED_WINDOW_MAX_POS,0.0
1788868076.0117655,5962893,124.04,YES,-1.039,0.1494,0.07,0.0,0.0,0.03,BLOCKED_WINDOW_MAX_POS,0.0
1788868077.1080494,5962893,122.99,YES,-1.0395,0.1493,0.07,0.0,0.0,0.03,BLOCKED_WINDOW_MAX_POS,0.0
1788868078.164811,5962893,121.89,YES,-1.0406,0.149,0.08,0.0,0.0,0.03,BLOCKED_WINDOW_MAX_POS,0.0
1788868079.2278209,5962893,120.83,YES,-1.0448,0.1481,0.08,0.0,0.0,0.03,BLOCKED_WINDOW_MAX_POS,0.0
1788868080.2797503,5962893,119.77,YES,-0.9338,0.1752,0.08,0.0,0.0,0.03,BLOCKED_WINDOW_MAX_POS,0.0
1788868081.3364606,5962893,118.71,YES,-0.9376,0.1742,0.09,0.0,0.0,0.03,BLOCKED_WINDOW_MAX_POS,0.0
1788868082.3968446,5962893,117.65,YES,-0.9285,0.1766,0.09,0.0,0.0,0.03,BLOCKED_WINDOW_MAX_POS,0.0
1788868083.457789,5962893,116.59,YES,-0.9362,0.1746,0.09,0.0,0.0,0.03,BLOCKED_WINDOW_MAX_POS,0.0
1788868084.533281,5962893,115.53,YES,-0.6355,0.2625,0.14,0.0,0.0,0.03,BLOCKED_WINDOW_MAX_POS,0.0
1788868085.5864518,5962893,114.46,YES,-0.6336,0.2632,0.13,0.0,0.0,0.03,BLOCKED_WINDOW_MAX_POS,0.0
1788868086.6395974,5962893,113.41,YES,-0.6354,0.2626,0.13,0.0,0.0,0.03,BLOCKED_WINDOW_MAX_POS,0.0
1788868087.7007353,5962893,112.35,YES,-0.6239,0.2664,0.13,0.0,0.0,0.03,BLOCKED_WINDOW_MAX_POS,0.0
1788868088.7587793,5962893,111.29,YES,-0.5774,0.2818,0.14,0.0,0.0,0.03,BLOCKED_WINDOW_MAX_POS,0.0
1788868089.8158216,5962893,110.23,YES,-0.5785,0.2815,0.14,0.0,0.0,0.03,BLOCKED_WINDOW_MAX_POS,0.0
1788868090.8764384,5962893,109.18,YES,-0.5772,0.2819,0.13,0.0,0.0,0.03,BLOCKED_WINDOW_MAX_POS,0.0
1788868091.9276357,5962893,108.12,YES,-0.5828,0.28,0.14,0.0,0.0,0.03,BLOCKED_WINDOW_MAX_POS,0.0
1788868093.036189,5962893,107.06,YES,-0.582,0.2803,0.13,0.0,0.0,0.03,BLOCKED_WINDOW_MAX_POS,0.0
1788868094.1151845,5962893,105.95,YES,-0.602,0.2736,0.12,0.0,0.0,0.03,BLOCKED_WINDOW_MAX_POS,0.0
1788868095.1737914,5962893,104.88,YES,-0.6054,0.2725,0.12,0.0,0.0,0.03,BLOCKED_WINDOW_MAX_POS,0.0
1788868096.2269099,5962893,103.82,YES,-0.6093,0.2712,0.12,0.0,0.0,0.03,BLOCKED_WINDOW_MAX_POS,0.0
1788868097.2774506,5962893,102.77,YES,-0.6062,0.2722,0.11,0.0,0.0,0.03,BLOCKED_WINDOW_MAX_POS,0.0
1788868098.3420143,5962893,101.72,YES,-0.6131,0.2699,0.11,0.0,0.0,0.03,BLOCKED_WINDOW_MAX_POS,0.0
1788868099.3946092,5962893,100.65,YES,-0.6199,0.2677,0.1,0.0,0.0,0.03,BLOCKED_WINDOW_MAX_POS,0.0
1788868100.4611351,5962893,99.6,YES,-0.6232,0.2666,0.1,0.0,0.0,0.03,BLOCKED_WINDOW_MAX_POS,0.0
1788868101.518592,5962893,98.53,YES,-0.7092,0.2391,0.1,0.0,0.0,0.03,BLOCKED_WINDOW_MAX_POS,0.0
1788868102.5708513,5962893,97.48,YES,-0.7103,0.2388,0.08,0.0,0.0,0.03,BLOCKED_WINDOW_MAX_POS,0.0
1788868103.6354446,5962893,96.41,YES,-0.7142,0.2376,0.07,0.0,0.0,0.03,BLOCKED_WINDOW_MAX_POS,0.0
1788868104.6870022,5962893,95.36,YES,-0.5424,0.2938,0.1,0.0,0.0,0.03,BLOCKED_WINDOW_MAX_POS,0.0
1788868105.74007,5962893,94.31,YES,-0.5358,0.296,0.09,0.0,0.0,0.03,BLOCKED_WINDOW_MAX_POS,0.0
1788868106.792275,5962893,93.26,YES,-0.5393,0.2949,0.08,0.0,0.0,0.03,BLOCKED_WINDOW_MAX_POS,0.0
1788868107.873467,5962893,92.2,YES,-0.5424,0.2938,0.08,0.0,0.0,0.03,BLOCKED_WINDOW_MAX_POS,0.0
1788868108.9792643,5962893,91.12,YES,-0.5448,0.2929,0.08,0.0,0.0,0.03,BLOCKED_WINDOW_MAX_POS,0.0
1788868110.0359209,5962893,90.01,YES,-0.5483,0.2918,0.08,0.0,0.0,0.03,BLOCKED_WINDOW_MAX_POS,0.0
1788868111.0947597,5962893,88.95,YES,-0.5608,0.2875,0.08,0.0,0.0,0.03,BLOCKED_WINDOW_MAX_POS,0.0
1788868112.1536212,5962893,87.9,YES,-0.5642,0.2863,0.08,0.0,0.0,0.03,BLOCKED_WINDOW_MAX_POS,0.0
1788868113.20419,5962893,86.84,YES,-0.5704,0.2842,0.08,0.0,0.0,0.03,BLOCKED_WINDOW_MAX_POS,0.0
1788868114.3020186,5962893,85.79,YES,-0.5734,0.2832,0.08,0.0,0.0,0.03,BLOCKED_WINDOW_MAX_POS,0.0
1788868115.3677154,5962893,84.69,YES,-0.6038,0.273,0.08,0.0,0.0,0.03,BLOCKED_WINDOW_MAX_POS,0.0
1788868116.4358652,5962893,83.63,YES,-0.6142,0.2695,0.08,0.0,0.0,0.03,BLOCKED_WINDOW_MAX_POS,0.0
1788868117.516284,5962893,82.55,YES,-0.618,0.2683,0.07,0.0,0.0,0.03,BLOCKED_WINDOW_MAX_POS,0.0
1788868118.5870194,5962893,81.48,YES,-0.6218,0.267,0.07,0.0,0.0,0.03,BLOCKED_WINDOW_MAX_POS,0.0
1788868119.6722026,5962893,80.4,YES,-0.7421,0.229,0.07,0.0,0.0,0.03,BLOCKED_WINDOW_MAX_POS,0.0
1788868120.741126,5962893,79.32,YES,-1.0266,0.1523,0.04,0.0,0.0,0.03,BLOCKED_WINDOW_MAX_POS,0.0
1788868121.804469,5962893,78.25,YES,-1.0453,0.1479,0.03,0.0,0.0,0.03,BLOCKED_WINDOW_MAX_POS,0.0
1788868122.8610845,5962893,77.19,YES,-1.0526,0.1463,0.03,0.0,0.0,0.03,BLOCKED_WINDOW_MAX_POS,0.0
1788868123.9157097,5962893,76.13,YES,-1.0659,0.1432,0.03,0.0,0.0,0.03,BLOCKED_WINDOW_MAX_POS,0.0
1788868125.0171585,5962893,75.07,YES,-1.0729,0.1417,0.03,0.0,0.0,0.03,BLOCKED_WINDOW_MAX_POS,0.0
1788868126.0754309,5962893,73.98,YES,-1.0808,0.1399,0.04,0.0,0.0,0.03,BLOCKED_WINDOW_MAX_POS,0.0
1788868127.1266184,5962893,72.92,YES,-1.0882,0.1382,0.03,0.0,0.0,0.03,BLOCKED_WINDOW_MAX_POS,0.0
1788868128.177346,5962893,71.87,YES,-1.0956,0.1366,0.04,0.0,0.0,0.03,BLOCKED_WINDOW_MAX_POS,0.0
1788868129.2404432,5962893,70.81,YES,-1.1033,0.135,0.04,0.0,0.0,0.03,BLOCKED_WINDOW_MAX_POS,0.0
1788868130.2955375,5962893,69.76,YES,-1.098,0.1361,0.04,0.0,0.0,0.03,BLOCKED_WINDOW_MAX_POS,0.0
1788868131.352518,5962893,68.69,YES,-0.9665,0.1669,0.05,0.0,0.0,0.03,BLOCKED_WINDOW_MAX_POS,0.0
1788868132.4095595,5962893,67.64,YES,-0.9739,0.1651,0.05,0.0,0.0,0.03,BLOCKED_WINDOW_MAX_POS,0.0
1788868133.4627857,5962893,66.59,YES,-0.8979,0.1846,0.05,0.0,0.0,0.03,BLOCKED_WINDOW_MAX_POS,0.0
1788868134.54599,5962893,65.52,YES,-0.9609,0.1683,0.04,0.0,0.0,0.03,BLOCKED_WINDOW_MAX_POS,0.0
1788868135.6015115,5962893,64.45,YES,-0.9867,0.1619,0.04,0.0,0.0,0.03,BLOCKED_WINDOW_MAX_POS,0.0
1788868136.6516275,5962893,63.39,YES,-0.9919,0.1606,0.04,0.0,0.0,0.03,BLOCKED_WINDOW_MAX_POS,0.0
1788868137.711572,5962893,62.34,YES,-1.0,0.1587,0.04,0.0,0.0,0.03,BLOCKED_WINDOW_MAX_POS,0.0
1788868138.7628026,5962893,61.28,YES,-1.0141,0.1553,0.03,0.0,0.0,0.03,BLOCKED_WINDOW_MAX_POS,0.0
1788868139.811174,5962893,60.23,YES,-1.0201,0.1538,0.03,0.0,0.0,0.03,BLOCKED_WINDOW_MAX_POS,0.0
1788868140.9698782,5962893,59.18,YES,-1.0299,0.1515,0.02,0.0,0.0,0.03,BLOCKED_WINDOW_MAX_POS,0.0
1788868142.0542583,5962893,58.02,NO,-1.0495,0.853,0.0,0.0,0.0,0.035,BLOCKED_WINDOW_MAX_POS,0.0
1788868143.111186,5962893,56.94,NO,-1.0591,0.8552,0.0,0.0,0.0,0.035,BLOCKED_WINDOW_MAX_POS,0.0
1788868144.1727307,5962893,55.88,NO,-1.0629,0.8561,0.0,0.0,0.0,0.035,BLOCKED_WINDOW_MAX_POS,0.0
1788868145.2231932,5962893,54.83,NO,-1.0728,0.8583,0.0,0.0,0.0,0.035,BLOCKED_WINDOW_MAX_POS,0.0
1788868146.28478,5962893,53.76,NO,-1.083,0.8606,0.0,0.0,0.0,0.035,BLOCKED_WINDOW_MAX_POS,0.0
1788868147.3437073,5962893,52.71,NO,-1.087,0.8615,0.0,0.0,0.0,0.035,BLOCKED_WINDOW_MAX_POS,0.0
1788868148.3972096,5962893,51.66,NO,-1.1961,0.8842,0.0,0.0,0.0,0.035,BLOCKED_WINDOW_MAX_POS,0.0
1788868149.4599664,5962893,50.59,NO,-1.214,0.8876,0.0,0.0,0.0,0.035,BLOCKED_WINDOW_MAX_POS,0.0
1788868150.5240004,5962893,49.53,NO,-1.3686,0.9144,0.0,0.0,0.0,0.035,BLOCKED_WINDOW_MAX_POS,0.0
1788868151.5916166,5962893,48.46,NO,-1.3794,0.9161,0.0,0.0,0.0,0.035,BLOCKED_WINDOW_MAX_POS,0.0
1788868152.6466787,5962893,47.4,NO,-1.3853,0.917,0.0,0.0,0.0,0.035,BLOCKED_WINDOW_MAX_POS,0.0
1788868153.7154062,5962893,46.34,NO,-1.4009,0.9194,0.0,0.0,0.0,0.035,BLOCKED_WINDOW_MAX_POS,0.0
1788868154.7784023,5962893,45.27,NO,-1.595,0.9446,0.0,0.0,0.0,0.035,BLOCKED_WINDOW_MAX_POS,0.0
1788868155.8420928,5962893,44.21,NO,-1.6219,0.9476,0.0,0.0,0.0,0.035,BLOCKED_WINDOW_MAX_POS,0.0
1788868156.8939166,5962893,43.15,NO,-1.6407,0.9496,0.0,0.0,0.0,0.035,BLOCKED_WINDOW_MAX_POS,0.0
1788868157.9591222,5962893,42.09,NO,-1.6601,0.9516,0.0,0.0,0.0,0.035,BLOCKED_WINDOW_MAX_POS,0.0
1788868159.0226889,5962893,41.03,NO,-1.6821,0.9537,0.0,0.0,0.0,0.035,BLOCKED_WINDOW_MAX_POS,0.0
1788868160.0728447,5962893,39.98,NO,-1.8157,0.9653,0.0,0.0,0.0,0.035,BLOCKED_WINDOW_MAX_POS,0.0
1788868161.1240487,5962893,38.92,NO,-1.8392,0.9671,0.0,0.0,0.0,0.035,BLOCKED_WINDOW_MAX_POS,0.0
1788868162.1746793,5962893,37.87,NO,-1.889,0.9706,0.0,0.0,0.0,0.035,BLOCKED_WINDOW_MAX_POS,0.0
1788868163.2431738,5962893,36.81,NO,-1.9644,0.9753,0.0,0.0,0.0,0.035,BLOCKED_WINDOW_MAX_POS,0.0
1788868164.31135,5962893,35.74,NO,-1.9938,0.9769,0.0,0.0,0.0,0.035,BLOCKED_WINDOW_MAX_POS,0.0
1788868165.3687642,5962893,34.68,NO,-2.0219,0.9784,0.0,0.0,0.0,0.035,BLOCKED_WINDOW_MAX_POS,0.0
1788868166.4429429,5962893,33.63,NO,-2.0518,0.9799,0.0,0.0,0.0,0.035,BLOCKED_WINDOW_MAX_POS,0.0
1788868167.5079355,5962893,32.55,NO,-2.0859,0.9815,0.0,0.0,0.0,0.035,BLOCKED_WINDOW_MAX_POS,0.0
1788868168.5627947,5962893,31.49,NO,-2.1154,0.9828,0.0,0.0,0.0,0.035,BLOCKED_WINDOW_MAX_POS,0.0
1788868169.636124,5962893,30.42,NO,-2.1521,0.9843,0.0,0.0,0.0,0.035,BLOCKED_WINDOW_MAX_POS,0.0
1788868170.713807,5962893,29.35,NO,-2.1846,0.9855,0.0,0.0,0.0,0.035,BLOCKED_WINDOW_MAX_POS,0.0
1788868171.769528,5962893,28.28,NO,-2.2235,0.9869,0.0,0.0,0.0,0.035,BLOCKED_WINDOW_MAX_POS,0.0
1788868172.8258932,5962893,27.23,NO,-2.264,0.9882,0.0,0.0,0.0,0.035,BLOCKED_WINDOW_MAX_POS,0.0
1788868173.8843641,5962893,26.17,NO,-2.3119,0.9896,0.0,0.0,0.0,0.035,BLOCKED_WINDOW_MAX_POS,0.0
1788868174.9498854,5962893,25.11,NO,-2.3562,0.9908,0.0,0.0,0.0,0.035,BLOCKED_WINDOW_MAX_POS,0.0
1788868176.004097,5962893,24.05,NO,-2.4053,0.9919,0.0,0.0,0.0,0.035,BLOCKED_WINDOW_MAX_POS,0.0
1788868177.057866,5962893,22.99,NO,-2.4573,0.993,0.0,0.0,0.0,0.035,BLOCKED_WINDOW_MAX_POS,0.0
1788868178.1176524,5962893,21.93,NO,-2.5131,0.994,0.0,0.0,0.0,0.035,BLOCKED_WINDOW_MAX_POS,0.0
1788868179.1708128,5962893,20.88,NO,-2.5663,0.9949,0.0,0.0,0.0,0.035,BLOCKED_WINDOW_MAX_POS,0.0
1788868180.2325487,5962893,19.82,NO,-2.6314,0.9957,0.0,0.0,0.0,0.035,BLOCKED_WINDOW_MAX_POS,0.0
1788868181.2989416,5962893,18.76,NO,-0.9932,0.8397,0.0,0.0,0.0,0.035,BLOCKED_WINDOW_MAX_POS,0.0
1788868182.373844,5962893,17.7,NO,-0.7809,0.7826,0.0,0.0,0.0,0.035,BLOCKED_WINDOW_MAX_POS,0.0
1788868183.4263022,5962893,16.62,NO,-0.8099,0.791,0.0,0.0,0.0,0.035,BLOCKED_WINDOW_MAX_POS,0.0
1788868184.4780047,5962893,15.57,NO,-0.6001,0.7258,0.0,0.0,0.0,0.035,BLOCKED_WINDOW_MAX_POS,0.0
1788868185.5348544,5962893,14.52,NONE,-0.1495,0.4406,0.0,0.0,0.0,0.0,BLOCKED_NOISE,0.0
1788868186.5924833,5962893,13.46,NONE,-0.148,0.4412,0.0,0.0,0.0,0.0,BLOCKED_NOISE,0.0
1788868187.6450777,5962893,12.41,NONE,-0.1606,0.4362,0.0,0.0,0.0,0.0,BLOCKED_NOISE,0.0
1788868188.71106,5962893,11.34,NONE,-0.1751,0.4305,0.0,0.0,0.0,0.0,BLOCKED_NOISE,0.0
1788868189.7669826,5962893,10.28,NONE,-0.1918,0.4239,0.0,0.0,0.0,0.0,BLOCKED_NOISE,0.0
1788868190.825437,5962893,9.23,NONE,-0.2017,0.4201,0.0,0.0,0.0,0.0,BLOCKED_NOISE,0.0
1788868191.8881595,5962893,8.16,NO,-0.5749,0.7173,0.0,0.0,0.0,0.035,BLOCKED_WINDOW_MAX_POS,0.0
1788868192.9408615,5962893,7.11,NO,-0.6365,0.7378,0.0,0.0,0.0,0.035,BLOCKED_WINDOW_MAX_POS,0.0
1788868193.9951043,5962893,6.05,NO,-0.6798,0.7517,0.0,0.0,0.0,0.035,BLOCKED_WINDOW_MAX_POS,0.0
1788868195.0496564,5962893,5.0,NO,-0.766,0.7782,0.0,0.0,0.0,0.035,BLOCKED_WINDOW_MAX_POS,0.0
1788868196.103448,5962893,3.94,NO,-0.8892,0.813,0.0,0.0,0.0,0.035,BLOCKED_WINDOW_MAX_POS,0.0
1788868197.1542532,5962893,2.9,NO,-1.0552,0.8543,0.0,0.0,0.0,0.035,BLOCKED_WINDOW_MAX_POS,0.0
1788868198.2180889,5962893,1.83,NO,-1.3533,0.912,0.0,0.0,0.0,0.035,BLOCKED_WINDOW_MAX_POS,0.0
1788868199.2773504,5962893,1.0,NO,-1.8685,0.9692,0.0,0.0,0.0,0.035,BLOCKED_WINDOW_MAX_POS,0.0
1788868201.1702046,5962894,299.72,NONE,-0.0002,0.4999,0.0,0.0,0.0,0.0,BLOCKED_NOISE,0.0
1788868202.2411144,5962894,297.81,NONE,0.0053,0.5021,0.0,0.0,0.0,0.0,BLOCKED_NOISE,0.0
1788868203.3029568,5962894,296.75,NONE,0.0441,0.5176,0.0,0.0,0.0,0.0,BLOCKED_NOISE,0.0
1788868204.3589847,5962894,295.69,NONE,0.0899,0.5358,0.0,0.0,0.0,0.0,BLOCKED_NOISE,0.0
1788868205.4447181,5962894,294.63,NONE,0.1488,0.5591,0.0,0.0,0.0,0.0,BLOCKED_NOISE,0.0
1788868206.5076141,5962894,293.55,NONE,0.2672,0.6053,0.0,0.0,0.0,0.0,BLOCKED_NOISE,0.0
1788868207.5613847,5962894,292.49,NONE,0.2676,0.6055,0.0,0.0,0.0,0.0,BLOCKED_NOISE,0.0
1788868208.629148,5962894,291.43,NONE,-0.1166,0.4536,0.0,0.0,0.0,0.0,BLOCKED_NOISE,0.0
1788868209.6790164,5962894,290.37,NONE,-0.1284,0.4489,0.0,0.0,0.0,0.0,BLOCKED_NOISE,0.0
1788868210.7399688,5962894,289.32,NONE,-0.1185,0.4528,0.0,0.0,0.0,0.0,BLOCKED_NOISE,0.0
1788868211.803053,5962894,288.25,NONE,-0.1847,0.4267,0.0,0.0,0.0,0.0,BLOCKED_NOISE,0.0
1788868212.8603382,5962894,287.19,NONE,-0.1907,0.4244,0.0,0.0,0.0,0.0,BLOCKED_NOISE,0.0
1788868213.9170032,5962894,286.13,NONE,-0.1386,0.4449,0.0,0.0,0.0,0.0,BLOCKED_NOISE,0.0
1788868214.9708202,5962894,285.08,NONE,-0.1071,0.4574,0.0,0.0,0.0,0.0,BLOCKED_NOISE,0.0
1788868216.0218325,5962894,284.03,NONE,-0.2008,0.4204,0.0,0.0,0.0,0.0,BLOCKED_NOISE,0.0
1788868217.1999137,5962894,282.96,NONE,-0.223,0.4118,0.0,0.0,0.0,0.0,BLOCKED_NOISE,0.0
1788868218.2586093,5962894,281.79,NONE,-0.2035,0.4194,0.0,0.0,0.0,0.0,BLOCKED_NOISE,0.0
1788868219.3066394,5962894,280.74,NONE,-0.1905,0.4245,0.0,0.0,0.0,0.0,BLOCKED_NOISE,0.0
1788868220.3728187,5962894,279.68,NONE,-0.1906,0.4244,0.0,0.0,0.0,0.0,BLOCKED_NOISE,0.0
1788868221.4312983,5962894,278.62,NONE,-0.1912,0.4242,0.0,0.0,0.0,0.0,BLOCKED_NOISE,0.0
1788868222.4974134,5962894,277.55,NONE,-0.1913,0.4242,0.0,0.0,0.0,0.0,BLOCKED_NOISE,0.0
1788868223.5548556,5962894,276.49,NONE,-0.1919,0.4239,0.0,0.0,0.0,0.0,BLOCKED_NOISE,0.0
1788868224.606654,5962894,275.44,NONE,-0.1983,0.4214,0.0,0.0,0.0,0.0,BLOCKED_NOISE,0.0
1788868225.6669853,5962894,274.39,NONE,-0.2556,0.3991,0.0,0.0,0.0,0.0,BLOCKED_NOISE,0.0
1788868226.7242057,5962894,273.33,NONE,-0.2525,0.4003,0.0,0.0,0.0,0.0,BLOCKED_NOISE,0.0
1788868227.7923589,5962894,272.28,NONE,-0.2525,0.4003,0.0,0.0,0.0,0.0,BLOCKED_NOISE,0.0
1788868228.847201,5962894,271.2,NONE,-0.2518,0.4006,0.0,0.0,0.0,0.0,BLOCKED_NOISE,0.0
1788868229.9074104,5962894,270.14,NONE,-0.249,0.4017,0.0,0.0,0.0,0.0,BLOCKED_NOISE,0.0
1788868230.9783778,5962894,269.09,NONE,-0.2492,0.4016,0.0,0.0,0.0,0.0,BLOCKED_NOISE,0.0
1788868232.0360029,5962894,268.02,NONE,-0.2493,0.4015,0.0,0.0,0.0,0.0,BLOCKED_NOISE,0.0
1788868233.139539,5962894,266.96,NONE,-0.2504,0.4011,0.0,0.0,0.0,0.0,BLOCKED_NOISE,0.0
1788868234.2022178,5962894,265.85,NONE,-0.254,0.3997,0.0,0.0,0.0,0.0,BLOCKED_NOISE,0.0
1788868235.254856,5962894,264.8,NONE,-0.2542,0.3997,0.0,0.0,0.0,0.0,BLOCKED_NOISE,0.0
1788868236.3231678,5962894,263.73,NONE,-0.2676,0.3945,0.0,0.0,0.0,0.0,BLOCKED_NOISE,0.0
1788868237.3867886,5962894,262.66,NONE,-0.2679,0.3944,0.0,0.0,0.0,0.0,BLOCKED_NOISE,0.0
1788868238.4374423,5962894,261.61,NONE,-0.1047,0.4583,0.0,0.0,0.0,0.0,BLOCKED_NOISE,0.0
1788868239.4958684,5962894,260.55,NONE,-0.0659,0.4737,0.0,0.0,0.0,0.0,BLOCKED_NOISE,0.0
1788868240.557614,5962894,259.49,NONE,0.0549,0.5219,0.0,0.0,0.0,0.0,BLOCKED_NOISE,0.0
1788868241.6097376,5962894,258.44,NONE,0.2471,0.5976,0.0,0.0,0.0,0.0,BLOCKED_NOISE,0.0
1788868242.6855853,5962894,257.38,NONE,0.2543,0.6004,0.0,0.0,0.0,0.0,BLOCKED_NOISE,0.0
1788868243.7429585,5962894,256.31,NONE,0.2495,0.5985,0.0,0.0,0.0,0.0,BLOCKED_NOISE,0.0
1788868244.808463,5962894,255.25,NONE,0.2511,0.5991,0.0,0.0,0.0,0.0,BLOCKED_NOISE,0.0
1788868245.882913,5962894,254.18,NONE,0.2508,0.599,0.0,0.0,0.0,0.0,BLOCKED_NOISE,0.0
1788868246.9458516,5962894,253.1,NONE,0.2795,0.6101,0.0,0.0,0.0,0.0,BLOCKED_NOISE,0.0
1788868248.0295753,5962894,252.05,NONE,0.175,0.5694,0.0,0.0,0.0,0.0,BLOCKED_NOISE,0.0
1788868249.1498394,5962894,250.95,NONE,0.1383,0.555,0.0,0.0,0.0,0.0,BLOCKED_NOISE,0.0
1788868250.205297,5962894,249.85,NONE,0.0477,0.519,0.0,0.0,0.0,0.0,BLOCKED_NOISE,0.0
1788868251.260973,5962894,248.79,NONE,0.0356,0.5142,0.0,0.0,0.0,0.0,BLOCKED_NOISE,0.0
1788868252.6012766,5962894,247.73,NONE,-0.0528,0.479,0.0,0.0,0.0,0.0,BLOCKED_NOISE,0.0
1788868253.664202,5962894,246.39,NONE,-0.2009,0.4204,0.0,0.0,0.0,0.0,BLOCKED_NOISE,0.0
1788868254.7129,5962894,245.33,NONE,-0.2107,0.4166,0.0,0.0,0.0,0.0,BLOCKED_NOISE,0.0
1788868255.7717412,5962894,244.28,NONE,-0.2071,0.418,0.0,0.0,0.0,0.0,BLOCKED_NOISE,0.0
1788868256.8340616,5962894,243.22,NONE,-0.3008,0.3818,0.0,0.0,0.0,0.0,BLOCKED_NOISE,0.0
1788868257.8873475,5962894,242.16,NONE,-0.3143,0.3767,0.0,0.0,0.0,0.0,BLOCKED_NOISE,0.0
1788868258.954732,5962894,241.1,NONE,-0.3105,0.3781,0.0,0.0,0.0,0.0,BLOCKED_NOISE,0.0
1788868260.0249813,5962894,240.03,NONE,-0.3092,0.3786,0.0,0.0,0.0,0.0,BLOCKED_NOISE,0.0
1788868261.0971317,5962894,238.97,NO,-0.4026,0.6564,0.49,0.01,0.1664,0.03,EXECUTED,25.0
1788868262.1714878,5962894,237.9,NO,-0.4418,0.6707,0.51,0.0,0.0,0.03,BLOCKED_WINDOW_MAX_POS,0.0
1788868263.240707,5962894,236.82,NO,-0.4359,0.6685,0.53,0.0,0.0,0.03,BLOCKED_WINDOW_MAX_POS,0.0
1788868264.376492,5962894,235.75,NO,-0.4243,0.6643,0.53,0.0,0.0,0.03,BLOCKED_WINDOW_MAX_POS,0.0
1788868265.4453058,5962894,234.62,NO,-0.4253,0.6647,0.54,0.0,0.0,0.03,BLOCKED_WINDOW_MAX_POS,0.0
1788868266.5019372,5962894,233.55,NO,-0.5304,0.7021,0.58,0.0,0.0,0.03,BLOCKED_WINDOW_MAX_POS,0.0
1788868267.5567586,5962894,232.49,NO,-0.5334,0.7031,0.54,0.0,0.0,0.03,BLOCKED_WINDOW_MAX_POS,0.0
1788868268.633003,5962894,231.43,NO,-0.5447,0.707,0.52,0.0,0.0,0.03,BLOCKED_WINDOW_MAX_POS,0.0
1788868269.6858373,5962894,230.36,NO,-0.5458,0.7074,0.52,0.0,0.0,0.03,BLOCKED_WINDOW_MAX_POS,0.0
1788868270.7349765,5962894,229.31,NO,-0.5624,0.7131,0.52,0.0,0.0,0.03,BLOCKED_WINDOW_MAX_POS,0.0
1788868271.7953472,5962894,228.26,NO,-0.5814,0.7195,0.52,0.0,0.0,0.03,BLOCKED_WINDOW_MAX_POS,0.0
1788868272.8533933,5962894,227.2,NO,-0.5819,0.7197,0.52,0.0,0.0,0.03,BLOCKED_WINDOW_MAX_POS,0.0
1788868273.909443,5962894,226.14,NONE,-0.3392,0.3672,0.0,0.0,0.0,0.0,BLOCKED_NOISE,0.0
1788868274.9742339,5962894,225.08,NONE,-0.3209,0.3742,0.0,0.0,0.0,0.0,BLOCKED_NOISE,0.0
1788868276.0290997,5962894,224.02,NONE,-0.3155,0.3762,0.0,0.0,0.0,0.0,BLOCKED_NOISE,0.0
1788868277.0837514,5962894,222.97,NONE,-0.2681,0.3943,0.0,0.0,0.0,0.0,BLOCKED_NOISE,0.0
1788868278.1411648,5962894,221.91,NONE,-0.2507,0.401,0.0,0.0,0.0,0.0,BLOCKED_NOISE,0.0
1788868279.2033012,5962894,220.85,NONE,-0.249,0.4017,0.0,0.0,0.0,0.0,BLOCKED_NOISE,0.0
1788868280.3083057,5962894,219.79,NONE,-0.2478,0.4021,0.0,0.0,0.0,0.0,BLOCKED_NOISE,0.0
1788868281.413222,5962894,218.68,NONE,-0.2484,0.4019,0.0,0.0,0.0,0.0,BLOCKED_NOISE,0.0
1788868282.4697423,5962894,217.58,NONE,-0.2516,0.4007,0.0,0.0,0.0,0.0,BLOCKED_NOISE,0.0
1788868283.5260067,5962894,216.53,NONE,-0.2403,0.4051,0.0,0.0,0.0,0.0,BLOCKED_NOISE,0.0
1788868284.5765948,5962894,215.47,NONE,-0.2483,0.402,0.0,0.0,0.0,0.0,BLOCKED_NOISE,0.0
1788868285.6356306,5962894,214.42,NONE,-0.2484,0.4019,0.0,0.0,0.0,0.0,BLOCKED_NOISE,0.0
1788868286.6885757,5962894,213.36,NONE,-0.2489,0.4017,0.0,0.0,0.0,0.0,BLOCKED_NOISE,0.0
1788868287.7421556,5962894,212.3,NONE,-0.2284,0.4097,0.0,0.0,0.0,0.0,BLOCKED_NOISE,0.0
1788868288.790411,5962894,211.26,NONE,-0.093,0.463,0.0,0.0,0.0,0.0,BLOCKED_NOISE,0.0
1788868289.8541608,5962894,210.21,NONE,-0.0009,0.4996,0.0,0.0,0.0,0.0,BLOCKED_NOISE,0.0
1788868290.9201856,5962894,209.13,NONE,0.1239,0.5493,0.0,0.0,0.0,0.0,BLOCKED_NOISE,0.0
1788868291.9800107,5962894,208.07,NONE,0.126,0.5501,0.0,0.0,0.0,0.0,BLOCKED_NOISE,0.0
1788868293.0374932,5962894,207.01,NONE,0.1261,0.5502,0.0,0.0,0.0,0.0,BLOCKED_NOISE,0.0
1788868294.1011858,5962894,205.95,NONE,0.1249,0.5497,0.0,0.0,0.0,0.0,BLOCKED_NOISE,0.0
1788868295.1644578,5962894,204.89,NONE,0.125,0.5497,0.0,0.0,0.0,0.0,BLOCKED_NOISE,0.0
1788868296.2632306,5962894,203.83,NONE,0.1249,0.5497,0.0,0.0,0.0,0.0,BLOCKED_NOISE,0.0
1788868297.3098285,5962894,202.74,NONE,0.1539,0.5612,0.0,0.0,0.0,0.0,BLOCKED_NOISE,0.0
1788868298.3681095,5962894,201.68,NONE,0.1539,0.5612,0.0,0.0,0.0,0.0,BLOCKED_NOISE,0.0
1788868299.426219,5962894,200.62,NONE,0.1417,0.5563,0.0,0.0,0.0,0.0,BLOCKED_NOISE,0.0
1788868300.4853604,5962894,199.57,NONE,0.1273,0.5506,0.0,0.0,0.0,0.0,BLOCKED_NOISE,0.0
1788868301.538897,5962894,198.51,NONE,0.1268,0.5504,0.0,0.0,0.0,0.0,BLOCKED_NOISE,0.0
1788868302.6014638,5962894,197.45,NONE,0.1268,0.5505,0.0,0.0,0.0,0.0,BLOCKED_NOISE,0.0
1788868303.655414,5962894,196.39,NONE,0.1224,0.5487,0.0,0.0,0.0,0.0,BLOCKED_NOISE,0.0
1788868304.7102027,5962894,195.34,NONE,0.1211,0.5482,0.0,0.0,0.0,0.0,BLOCKED_NOISE,0.0
1788868305.7625518,5962894,194.28,NONE,0.1211,0.5482,0.0,0.0,0.0,0.0,BLOCKED_NOISE,0.0
1788868306.8194764,5962894,193.23,NONE,0.1266,0.5504,0.0,0.0,0.0,0.0,BLOCKED_NOISE,0.0
1788868307.8800805,5962894,192.17,NONE,0.1265,0.5503,0.0,0.0,0.0,0.0,BLOCKED_NOISE,0.0
1788868308.9459903,5962894,191.1,NONE,0.1266,0.5504,0.0,0.0,0.0,0.0,BLOCKED_NOISE,0.0
1788868309.998517,5962894,190.05,NONE,0.1263,0.5503,0.0,0.0,0.0,0.0,BLOCKED_NOISE,0.0
1788868311.0581903,5962894,188.99,NONE,0.1243,0.5495,0.0,0.0,0.0,0.0,BLOCKED_NOISE,0.0
1788868312.1700106,5962894,187.93,NONE,-0.0445,0.4822,0.0,0.0,0.0,0.0,BLOCKED_NOISE,0.0
1788868313.241425,5962894,186.81,NONE,-0.0445,0.4823,0.0,0.0,0.0,0.0,BLOCKED_NOISE,0.0
1788868314.3111749,5962894,185.75,NONE,-0.0445,0.4823,0.0,0.0,0.0,0.0,BLOCKED_NOISE,0.0
1788868315.3781915,5962894,184.68,NONE,-0.0447,0.4822,0.0,0.0,0.0,0.0,BLOCKED_NOISE,0.0
1788868316.4501755,5962894,183.61,NONE,-0.0457,0.4818,0.0,0.0,0.0,0.0,BLOCKED_NOISE,0.0
1788868317.5062666,5962894,182.55,NONE,-0.0459,0.4817,0.0,0.0,0.0,0.0,BLOCKED_NOISE,0.0
1788868318.5701144,5962894,181.49,NONE,-0.0641,0.4744,0.0,0.0,0.0,0.0,BLOCKED_NOISE,0.0
1788868319.6268418,5962894,180.42,NONE,-0.3096,0.3784,0.0,0.0,0.0,0.0,BLOCKED_NOISE,0.0
1788868320.686213,5962894,179.36,NO,-0.3755,0.6463,0.46,0.0,0.0,0.03,BLOCKED_WINDOW_MAX_POS,0.0
1788868321.760826,5962894,178.31,NO,-0.4884,0.6874,0.48,0.0,0.0,0.03,BLOCKED_WINDOW_MAX_POS,0.0
1788868322.8247876,5962894,177.23,NO,-0.4827,0.6853,0.47,0.0,0.0,0.03,BLOCKED_WINDOW_MAX_POS,0.0
1788868323.8911812,5962894,176.17,NO,-0.4836,0.6857,0.48,0.0,0.0,0.03,BLOCKED_WINDOW_MAX_POS,0.0
1788868324.9537678,5962894,175.1,NO,-0.4858,0.6864,0.48,0.0,0.0,0.03,BLOCKED_WINDOW_MAX_POS,0.0
1788868326.0177042,5962894,174.04,NO,-0.4865,0.6867,0.48,0.0,0.0,0.03,BLOCKED_WINDOW_MAX_POS,0.0
1788868327.0694807,5962894,172.98,NO,-0.4877,0.6871,0.47,0.0,0.0,0.03,BLOCKED_WINDOW_MAX_POS,0.0
1788868328.1982098,5962894,171.92,NO,-0.4887,0.6875,0.55,0.0,0.0,0.04,BLOCKED_WINDOW_MAX_POS,0.0
1788868329.2493901,5962894,170.8,NO,-0.6114,0.7295,0.6,0.0,0.0,0.03,BLOCKED_WINDOW_MAX_POS,0.0
1788868330.30121,5962894,169.75,NO,-0.613,0.7301,0.56,0.0,0.0,0.03,BLOCKED_WINDOW_MAX_POS,0.0
1788868331.3688867,5962894,168.69,NO,-0.6145,0.7306,0.57,0.0,0.0,0.03,BLOCKED_WINDOW_MAX_POS,0.0
1788868332.4279037,5962894,167.62,NO,-0.6067,0.728,0.58,0.0,0.0,0.03,BLOCKED_WINDOW_MAX_POS,0.0
1788868333.4862876,5962894,166.56,NO,-0.6071,0.7281,0.59,0.0,0.0,0.03,BLOCKED_WINDOW_MAX_POS,0.0
1788868334.5418682,5962894,165.51,NO,-0.6086,0.7286,0.56,0.0,0.0,0.03,BLOCKED_WINDOW_MAX_POS,0.0
1788868335.599421,5962894,164.45,NO,-0.6102,0.7291,0.53,0.0,0.0,0.03,BLOCKED_WINDOW_MAX_POS,0.0
1788868336.6603296,5962894,163.39,NO,-0.6096,0.7289,0.53,0.0,0.0,0.03,BLOCKED_WINDOW_MAX_POS,0.0
1788868337.722469,5962894,162.33,NO,-0.6112,0.7295,0.53,0.0,0.0,0.03,BLOCKED_WINDOW_MAX_POS,0.0
1788868338.7863047,5962894,161.27,NO,-0.6106,0.7293,0.54,0.0,0.0,0.03,BLOCKED_WINDOW_MAX_POS,0.0
1788868339.8451867,5962894,160.21,NO,-0.6012,0.7261,0.54,0.0,0.0,0.03,BLOCKED_WINDOW_MAX_POS,0.0
1788868340.9001868,5962894,159.15,NO,-0.6028,0.7267,0.54,0.0,0.0,0.03,BLOCKED_WINDOW_MAX_POS,0.0
1788868341.9619179,5962894,158.09,NO,-0.5986,0.7253,0.54,0.0,0.0,0.03,BLOCKED_WINDOW_MAX_POS,0.0
1788868343.0196173,5962894,157.03,NO,-0.6003,0.7258,0.53,0.0,0.0,0.03,BLOCKED_WINDOW_MAX_POS,0.0
1788868344.1276364,5962894,155.98,NO,-0.6047,0.7273,0.53,0.0,0.0,0.03,BLOCKED_WINDOW_MAX_POS,0.0
1788868345.1876326,5962894,154.86,NO,-0.6066,0.7279,0.56,0.0,0.0,0.03,BLOCKED_WINDOW_MAX_POS,0.0
1788868346.239032,5962894,153.81,NO,-0.6083,0.7285,0.55,0.0,0.0,0.03,BLOCKED_WINDOW_MAX_POS,0.0
1788868347.3012834,5962894,152.75,NO,-0.6098,0.729,0.55,0.0,0.0,0.03,BLOCKED_WINDOW_MAX_POS,0.0
1788868348.3602004,5962894,151.69,NO,-0.611,0.7294,0.56,0.0,0.0,0.03,BLOCKED_WINDOW_MAX_POS,0.0
1788868349.424622,5962894,150.63,NO,-0.6078,0.7284,0.59,0.0,0.0,0.03,BLOCKED_WINDOW_MAX_POS,0.0
1788868350.4788556,5962894,149.57,NO,-0.6096,0.7289,0.56,0.0,0.0,0.03,BLOCKED_WINDOW_MAX_POS,0.0
1788868351.5308974,5962894,148.51,NO,-0.5772,0.7181,0.56,0.0,0.0,0.03,BLOCKED_WINDOW_MAX_POS,0.0
1788868352.5799572,5962894,147.47,NO,-0.579,0.7187,0.56,0.0,0.0,0.03,BLOCKED_WINDOW_MAX_POS,0.0
1788868353.6445916,5962894,146.4,NO,-0.5807,0.7193,0.56,0.0,0.0,0.03,BLOCKED_WINDOW_MAX_POS,0.0
1788868354.7051284,5962894,145.35,NO,-0.5818,0.7196,0.56,0.0,0.0,0.03,BLOCKED_WINDOW_MAX_POS,0.0
1788868355.76262,5962894,144.29,NO,-0.5828,0.72,0.56,0.0,0.0,0.03,BLOCKED_WINDOW_MAX_POS,0.0
1788868356.8189673,5962894,143.23,NO,-0.5802,0.7191,0.53,0.0,0.0,0.03,BLOCKED_WINDOW_MAX_POS,0.0
1788868357.8792887,5962894,142.17,NO,-0.5587,0.7118,0.53,0.0,0.0,0.03,BLOCKED_WINDOW_MAX_POS,0.0
1788868358.939707,5962894,141.11,NO,-0.5608,0.7125,0.53,0.0,0.0,0.03,BLOCKED_WINDOW_MAX_POS,0.0
1788868360.052326,5962894,140.05,NO,-0.5627,0.7132,0.53,0.0,0.0,0.03,BLOCKED_WINDOW_MAX_POS,0.0
1788868361.1144166,5962894,138.95,NO,-0.457,0.6762,0.51,0.0,0.0,0.03,BLOCKED_WINDOW_MAX_POS,0.0
1788868362.1861553,5962894,137.88,NO,-0.4589,0.6769,0.56,0.0,0.0,0.03,BLOCKED_WINDOW_MAX_POS,0.0
1788868363.24262,5962894,136.81,NO,-0.4643,0.6788,0.56,0.0,0.0,0.03,BLOCKED_WINDOW_MAX_POS,0.0
1788868364.3046825,5962894,135.75,NO,-0.4668,0.6797,0.55,0.0,0.0,0.03,BLOCKED_WINDOW_MAX_POS,0.0
1788868365.361297,5962894,134.69,NO,-0.4694,0.6806,0.55,0.0,0.0,0.03,BLOCKED_WINDOW_MAX_POS,0.0
1788868366.4342108,5962894,133.62,NO,-0.475,0.6826,0.54,0.0,0.0,0.03,BLOCKED_WINDOW_MAX_POS,0.0
1788868367.48406,5962894,132.56,NO,-0.4775,0.6835,0.54,0.0,0.0,0.03,BLOCKED_WINDOW_MAX_POS,0.0
1788868368.5487034,5962894,131.5,NO,-0.4667,0.6796,0.54,0.0,0.0,0.03,BLOCKED_WINDOW_MAX_POS,0.0
1788868369.6108546,5962894,130.45,NO,-0.4533,0.6749,0.55,0.0,0.0,0.03,BLOCKED_WINDOW_MAX_POS,0.0
1788868370.6848586,5962894,129.38,NO,-0.4554,0.6756,0.55,0.0,0.0,0.03,BLOCKED_WINDOW_MAX_POS,0.0
1788868371.7421138,5962894,128.31,NO,-0.4577,0.6764,0.55,0.0,0.0,0.03,BLOCKED_WINDOW_MAX_POS,0.0
1788868372.7919495,5962894,127.26,NO,-0.4627,0.6782,0.54,0.0,0.0,0.03,BLOCKED_WINDOW_MAX_POS,0.0
1788868373.8496413,5962894,126.2,NO,-0.4632,0.6784,0.46,0.0,0.0,0.03,BLOCKED_WINDOW_MAX_POS,0.0
1788868374.911603,5962894,125.14,NO,-0.4723,0.6816,0.51,0.0,0.0,0.03,BLOCKED_WINDOW_MAX_POS,0.0
1788868376.0095682,5962894,124.08,NO,-0.4746,0.6825,0.53,0.0,0.0,0.03,BLOCKED_WINDOW_MAX_POS,0.0
1788868377.0688019,5962894,122.98,NO,-0.4771,0.6834,0.53,0.0,0.0,0.03,BLOCKED_WINDOW_MAX_POS,0.0
1788868378.1303298,5962894,121.92,NO,-0.4797,0.6843,0.49,0.0,0.0,0.03,BLOCKED_WINDOW_MAX_POS,0.0
1788868379.1899407,5962894,120.86,NO,-0.4921,0.6887,0.52,0.0,0.0,0.03,BLOCKED_WINDOW_MAX_POS,0.0
1788868380.2422657,5962894,119.81,NO,-0.4946,0.6896,0.52,0.0,0.0,0.03,BLOCKED_WINDOW_MAX_POS,0.0
1788868381.315392,5962894,118.76,NO,-0.4974,0.6905,0.48,0.0,0.0,0.03,BLOCKED_WINDOW_MAX_POS,0.0
1788868382.371104,5962894,117.68,NO,-0.4989,0.6911,0.51,0.0,0.0,0.03,BLOCKED_WINDOW_MAX_POS,0.0
1788868383.4316201,5962894,116.62,NO,-0.4635,0.6785,0.55,0.0,0.0,0.03,BLOCKED_WINDOW_MAX_POS,0.0
1788868384.4955366,5962894,115.55,NO,-0.4663,0.6795,0.55,0.0,0.0,0.03,BLOCKED_WINDOW_MAX_POS,0.0
1788868385.5505595,5962894,114.5,NO,-0.4699,0.6808,0.55,0.0,0.0,0.03,BLOCKED_WINDOW_MAX_POS,0.0
1788868386.605487,5962894,113.44,NO,-0.4723,0.6817,0.59,0.0,0.0,0.03,BLOCKED_WINDOW_MAX_POS,0.0
1788868387.669944,5962894,112.38,NO,-0.4751,0.6826,0.58,0.0,0.0,0.03,BLOCKED_WINDOW_MAX_POS,0.0
1788868388.7272046,5962894,111.32,NO,-0.4787,0.6839,0.58,0.0,0.0,0.03,BLOCKED_WINDOW_MAX_POS,0.0
1788868389.7897885,5962894,110.26,NO,-0.4815,0.6849,0.55,0.0,0.0,0.03,BLOCKED_WINDOW_MAX_POS,0.0
1788868390.8460927,5962894,109.2,NO,-0.4869,0.6868,0.56,0.0,0.0,0.03,BLOCKED_WINDOW_MAX_POS,0.0
1788868391.9687254,5962894,108.15,NO,-0.4898,0.6879,0.54,0.0,0.0,0.03,BLOCKED_WINDOW_MAX_POS,0.0
1788868393.0187519,5962894,107.03,NO,-0.4929,0.689,0.55,0.0,0.0,0.03,BLOCKED_WINDOW_MAX_POS,0.0
1788868394.079547,5962894,105.97,NO,-0.4953,0.6898,0.57,0.0,0.0,0.03,BLOCKED_WINDOW_MAX_POS,0.0
1788868395.1271548,5962894,104.92,NO,-0.4983,0.6909,0.57,0.0,0.0,0.03,BLOCKED_WINDOW_MAX_POS,0.0
1788868396.180674,5962894,103.87,NO,-0.501,0.6918,0.55,0.0,0.0,0.03,BLOCKED_WINDOW_MAX_POS,0.0
1788868397.2386858,5962894,102.81,NO,-0.4993,0.6912,0.42,0.0,0.0,0.03,BLOCKED_WINDOW_MAX_POS,0.0
1788868398.3032458,5962894,101.75,NO,-0.5012,0.6919,0.41,0.0,0.0,0.03,BLOCKED_WINDOW_MAX_POS,0.0
1788868399.3526351,5962894,100.69,NO,-0.361,0.641,0.4,0.0,0.0,0.03,BLOCKED_WINDOW_MAX_POS,0.0
1788868400.440881,5962894,99.64,NO,-0.3528,0.6379,0.33,0.0,0.0,0.03,BLOCKED_WINDOW_MAX_POS,0.0
1788868401.5445397,5962894,98.55,NONE,-0.3235,0.3732,0.0,0.0,0.0,0.0,BLOCKED_NOISE,0.0
1788868402.6006873,5962894,97.45,NO,-0.3617,0.6412,0.33,0.0,0.0,0.03,BLOCKED_WINDOW_MAX_POS,0.0
1788868403.6509533,5962894,96.4,NO,-0.3643,0.6422,0.37,0.0,0.0,0.03,BLOCKED_WINDOW_MAX_POS,0.0
1788868404.7111104,5962894,95.34,NO,-0.3664,0.643,0.4,0.0,0.0,0.03,BLOCKED_WINDOW_MAX_POS,0.0
1788868405.7661824,5962894,94.29,NO,-0.3672,0.6433,0.4,0.0,0.0,0.03,BLOCKED_WINDOW_MAX_POS,0.0
1788868406.824563,5962894,93.22,NO,-0.3698,0.6442,0.4,0.0,0.0,0.03,BLOCKED_WINDOW_MAX_POS,0.0
1788868407.9245286,5962894,92.17,NO,-0.3724,0.6452,0.4,0.0,0.0,0.03,BLOCKED_WINDOW_MAX_POS,0.0
1788868408.998387,5962894,91.07,NO,-0.3752,0.6463,0.39,0.0,0.0,0.03,BLOCKED_WINDOW_MAX_POS,0.0
1788868410.0469441,5962894,90.0,NO,-0.378,0.6473,0.42,0.0,0.0,0.03,BLOCKED_WINDOW_MAX_POS,0.0
1788868411.1028666,5962894,88.95,NO,-0.3899,0.6517,0.43,0.0,0.0,0.03,BLOCKED_WINDOW_MAX_POS,0.0
1788868412.155909,5962894,87.89,NO,-0.3952,0.6537,0.43,0.0,0.0,0.03,BLOCKED_WINDOW_MAX_POS,0.0
1788868413.2073755,5962894,86.84,NO,-0.4089,0.6587,0.4,0.0,0.0,0.03,BLOCKED_WINDOW_MAX_POS,0.0
1788868414.2617223,5962894,85.78,NO,-0.4122,0.6599,0.4,0.0,0.0,0.03,BLOCKED_WINDOW_MAX_POS,0.0
1788868415.3177836,5962894,84.73,NONE,-0.065,0.4741,0.0,0.0,0.0,0.0,BLOCKED_NOISE,0.0
1788868416.3826787,5962894,83.67,NONE,0.0342,0.5137,0.0,0.0,0.0,0.0,BLOCKED_NOISE,0.0
1788868417.4382858,5962894,82.61,NONE,0.0338,0.5135,0.0,0.0,0.0,0.0,BLOCKED_NOISE,0.0
1788868418.4994001,5962894,81.56,NONE,0.0334,0.5133,0.0,0.0,0.0,0.0,BLOCKED_NOISE,0.0
1788868419.5624757,5962894,80.49,NONE,0.0327,0.513,0.0,0.0,0.0,0.0,BLOCKED_NOISE,0.0
1788868420.6198385,5962894,79.44,NONE,0.0322,0.5129,0.0,0.0,0.0,0.0,BLOCKED_NOISE,0.0
1788868421.6811218,5962894,78.37,NONE,0.0377,0.515,0.0,0.0,0.0,0.0,BLOCKED_NOISE,0.0
1788868422.7521791,5962894,77.32,NONE,0.0372,0.5148,0.0,0.0,0.0,0.0,BLOCKED_NOISE,0.0
1788868423.8704102,5962894,76.24,NONE,0.2504,0.5989,0.0,0.0,0.0,0.0,BLOCKED_NOISE,0.0
1788868424.9243884,5962894,75.13,NONE,0.2514,0.5992,0.0,0.0,0.0,0.0,BLOCKED_NOISE,0.0
1788868425.992815,5962894,74.06,NONE,0.2778,0.6094,0.0,0.0,0.0,0.0,BLOCKED_NOISE,0.0
1788868427.0760214,5962894,73.0,NO,0.4925,0.3112,0.04,0.0,0.0,0.03,BLOCKED_WINDOW_MAX_POS,0.0
1788868428.135475,5962894,71.91,NO,0.6758,0.2496,0.03,0.0,0.0,0.03,BLOCKED_WINDOW_MAX_POS,0.0
1788868429.1952772,5962894,70.85,NO,0.6871,0.246,0.03,0.0,0.0,0.03,BLOCKED_WINDOW_MAX_POS,0.0
1788868430.2442117,5962894,69.8,NO,0.6852,0.2466,0.03,0.0,0.0,0.03,BLOCKED_WINDOW_MAX_POS,0.0
1788868431.3170998,5962894,68.73,NO,0.68,0.2483,0.03,0.0,0.0,0.03,BLOCKED_WINDOW_MAX_POS,0.0
1788868432.3737154,5962894,67.68,NONE,0.3483,0.6362,0.0,0.0,0.0,0.0,BLOCKED_NOISE,0.0
1788868433.4300735,5962894,66.62,NONE,0.3418,0.6337,0.0,0.0,0.0,0.0,BLOCKED_NOISE,0.0
1788868434.4947968,5962894,65.55,NO,0.3886,0.3488,0.03,0.0,0.0,0.03,BLOCKED_WINDOW_MAX_POS,0.0
1788868435.5595064,5962894,64.5,NO,0.3915,0.3477,0.03,0.0,0.0,0.03,BLOCKED_WINDOW_MAX_POS,0.0
1788868436.628898,5962894,63.44,NO,0.3884,0.3489,0.03,0.0,0.0,0.03,BLOCKED_WINDOW_MAX_POS,0.0
1788868437.7181337,5962894,62.37,NO,0.3807,0.3517,0.03,0.0,0.0,0.03,BLOCKED_WINDOW_MAX_POS,0.0
1788868438.7897758,5962894,61.27,NO,0.3955,0.3462,0.02,0.0,0.0,0.03,BLOCKED_WINDOW_MAX_POS,0.0
1788868439.9044533,5962894,60.2,NO,-0.8204,0.794,0.57,0.0,0.0,0.035,BLOCKED_WINDOW_MAX_POS,0.0
1788868440.9660301,5962894,59.09,NO,-0.8105,0.7912,0.48,0.0,0.0,0.03,BLOCKED_WINDOW_MAX_POS,0.0
1788868442.0329833,5962894,58.02,NO,-0.853,0.8032,0.65,0.0,0.0,0.03,BLOCKED_WINDOW_MAX_POS,0.0
1788868443.0985174,5962894,56.96,NO,-0.8118,0.7915,0.67,0.0,0.0,0.03,BLOCKED_WINDOW_MAX_POS,0.0
1788868444.1521184,5962894,55.9,NO,-0.8171,0.7931,0.66,0.0,0.0,0.03,BLOCKED_WINDOW_MAX_POS,0.0
1788868445.2164981,5962894,54.83,NO,-0.8108,0.7913,0.64,0.0,0.0,0.03,BLOCKED_WINDOW_MAX_POS,0.0
1788868446.2715816,5962894,53.78,NO,-0.8056,0.7898,0.63,0.0,0.0,0.03,BLOCKED_WINDOW_MAX_POS,0.0
1788868447.3230295,5962894,52.73,NO,-0.8049,0.7895,0.66,0.0,0.0,0.03,BLOCKED_WINDOW_MAX_POS,0.0
1788868448.3792012,5962894,51.67,NO,-0.928,0.8233,0.72,0.0,0.0,0.03,BLOCKED_WINDOW_MAX_POS,0.0
1788868449.4317513,5962894,50.62,NO,-0.8718,0.8083,0.72,0.0,0.0,0.03,BLOCKED_WINDOW_MAX_POS,0.0
1788868450.4865353,5962894,49.57,NO,-0.9173,0.8205,0.75,0.0,0.0,0.03,BLOCKED_WINDOW_MAX_POS,0.0
1788868451.5633736,5962894,48.51,NO,-0.9317,0.8243,0.72,0.0,0.0,0.03,BLOCKED_WINDOW_MAX_POS,0.0
1788868452.6303601,5962894,47.42,NO,-0.9338,0.8248,0.68,0.0,0.0,0.03,BLOCKED_WINDOW_MAX_POS,0.0
1788868453.6761153,5962894,46.37,NO,-0.9423,0.827,0.78,0.0,0.0,0.03,BLOCKED_WINDOW_MAX_POS,0.0
1788868454.7288597,5962894,45.32,NO,-0.949,0.8287,0.76,0.0,0.0,0.03,BLOCKED_WINDOW_MAX_POS,0.0
1788868455.8635998,5962894,44.26,NO,-0.9566,0.8306,0.74,0.0,0.0,0.03,BLOCKED_WINDOW_MAX_POS,0.0
1788868456.9187267,5962894,43.13,NO,-0.977,0.8357,0.66,0.0,0.0,0.03,BLOCKED_WINDOW_MAX_POS,0.0
1788868457.9876401,5962894,42.07,NO,-0.9888,0.8386,0.75,0.0,0.0,0.04,BLOCKED_WINDOW_MAX_POS,0.0
1788868459.041611,5962894,41.01,NONE,-1.276,0.101,0.0,0.0,0.0,0.0,NO_SIGNAL,0.0
1788868460.1006,5962894,39.95,NONE,-1.3003,0.0968,0.0,0.0,0.0,0.0,NO_SIGNAL,0.0
1788868461.1622775,5962894,38.89,NONE,-1.3062,0.0957,0.0,0.0,0.0,0.0,NO_SIGNAL,0.0
1788868462.2175188,5962894,37.83,YES,-1.3775,0.0842,0.05,0.0,0.0,0.03,BLOCKED_WINDOW_MAX_POS,0.0
1788868463.26753,5962894,36.78,YES,-1.3929,0.0818,0.04,0.0,0.0,0.03,BLOCKED_WINDOW_MAX_POS,0.0
1788868464.331466,5962894,35.73,YES,-1.4195,0.0779,0.04,0.0,0.0,0.03,BLOCKED_WINDOW_MAX_POS,0.0
1788868465.3801613,5962894,34.67,YES,-1.4382,0.0752,0.02,0.0,0.0,0.03,BLOCKED_WINDOW_MAX_POS,0.0
1788868466.440119,5962894,33.62,YES,-1.4558,0.0727,0.03,0.0,0.0,0.03,BLOCKED_WINDOW_MAX_POS,0.0
1788868467.5045707,5962894,32.54,NONE,-1.4763,0.0699,0.0,0.0,0.0,0.0,NO_SIGNAL,0.0
1788868468.5558364,5962894,31.49,YES,-1.5104,0.0655,0.03,0.0,0.0,0.03,BLOCKED_WINDOW_MAX_POS,0.0
1788868469.6195183,5962894,30.44,YES,-1.5231,0.0639,0.02,0.0,0.0,0.03,BLOCKED_WINDOW_MAX_POS,0.0
1788868470.6684728,5962894,29.38,YES,-1.6384,0.0507,0.02,0.0,0.0,0.03,BLOCKED_WINDOW_MAX_POS,0.0
1788868471.7248824,5962894,28.33,NO,-1.9918,0.9768,0.0,0.0,0.0,0.035,BLOCKED_WINDOW_MAX_POS,0.0
1788868472.7762132,5962894,27.27,NO,-2.1683,0.9849,0.0,0.0,0.0,0.035,BLOCKED_WINDOW_MAX_POS,0.0
1788868473.821038,5962894,26.22,NO,-2.2041,0.9862,0.0,0.0,0.0,0.035,BLOCKED_WINDOW_MAX_POS,0.0
1788868474.8741927,5962894,25.17,NO,-2.2441,0.9876,0.0,0.0,0.0,0.035,BLOCKED_WINDOW_MAX_POS,0.0
1788868475.9296832,5962894,24.12,NO,-2.2928,0.9891,0.0,0.0,0.0,0.035,BLOCKED_WINDOW_MAX_POS,0.0
1788868476.9971025,5962894,23.06,NO,-2.3447,0.9905,0.0,0.0,0.0,0.035,BLOCKED_WINDOW_MAX_POS,0.0
1788868478.0549712,5962894,21.99,NO,-2.3947,0.9917,0.0,0.0,0.0,0.035,BLOCKED_WINDOW_MAX_POS,0.0
1788868479.1126525,5962894,20.94,NO,-2.4518,0.9929,0.0,0.0,0.0,0.035,BLOCKED_WINDOW_MAX_POS,0.0
1788868480.1702118,5962894,19.88,NO,-2.5114,0.994,0.0,0.0,0.0,0.035,BLOCKED_WINDOW_MAX_POS,0.0
1788868481.2218068,5962894,18.83,NO,-2.5787,0.995,0.0,0.0,0.0,0.035,BLOCKED_WINDOW_MAX_POS,0.0
1788868482.292761,5962894,17.76,NO,-2.6378,0.9958,0.0,0.0,0.0,0.035,BLOCKED_WINDOW_MAX_POS,0.0
1788868483.3690813,5962894,16.69,NO,-2.7061,0.9966,0.0,0.0,0.0,0.035,BLOCKED_WINDOW_MAX_POS,0.0
1788868484.4210777,5962894,15.63,NO,-2.808,0.9975,0.0,0.0,0.0,0.035,BLOCKED_WINDOW_MAX_POS,0.0
1788868485.4683082,5962894,14.58,NO,-2.9124,0.9982,0.0,0.0,0.0,0.035,BLOCKED_WINDOW_MAX_POS,0.0
1788868486.5191553,5962894,13.53,NO,-3.0352,0.9988,0.0,0.0,0.0,0.035,BLOCKED_WINDOW_MAX_POS,0.0
1788868487.5752156,5962894,12.48,NO,-3.1785,0.9993,0.0,0.0,0.0,0.035,BLOCKED_WINDOW_MAX_POS,0.0
1788868488.6383638,5962894,11.42,NO,-3.3215,0.9996,0.0,0.0,0.0,0.035,BLOCKED_WINDOW_MAX_POS,0.0
1788868489.691902,5962894,10.36,NO,-3.5154,0.9998,0.0,0.0,0.0,0.035,BLOCKED_WINDOW_MAX_POS,0.0
1788868490.7436237,5962894,9.31,NO,-3.7171,0.9999,0.0,0.0,0.0,0.035,BLOCKED_WINDOW_MAX_POS,0.0
1788868491.8135428,5962894,8.25,NO,-3.9609,1.0,0.0,0.0,0.0,0.035,BLOCKED_WINDOW_MAX_POS,0.0
1788868492.880473,5962894,7.17,NO,-4.2671,1.0,0.0,0.0,0.0,0.035,BLOCKED_WINDOW_MAX_POS,0.0
1788868493.938322,5962894,6.11,NO,-4.6505,1.0,0.0,0.0,0.0,0.035,BLOCKED_WINDOW_MAX_POS,0.0
1788868494.993354,5962894,5.05,NO,-5.1094,1.0,0.0,0.0,0.0,0.035,BLOCKED_WINDOW_MAX_POS,0.0
1788868496.053124,5962894,3.99,NO,-5.7664,1.0,0.0,0.0,0.0,0.035,BLOCKED_WINDOW_MAX_POS,0.0
1788868497.1186304,5962894,2.93,NO,-5.5111,1.0,0.0,0.0,0.0,0.035,BLOCKED_WINDOW_MAX_POS,0.0
1788868498.1760204,5962894,1.87,NO,-6.8802,1.0,0.0,0.0,0.0,0.035,BLOCKED_WINDOW_MAX_POS,0.0
1788868499.2310162,5962894,1.0,NO,-10.0652,1.0,0.0,0.0,0.0,0.035,BLOCKED_WINDOW_MAX_POS,0.0
1788868501.0804515,5962895,299.76,NONE,0.0513,0.5205,0.0,0.0,0.0,0.0,BLOCKED_NOISE,0.0
1788868502.1454399,5962895,297.9,NONE,0.0513,0.5205,0.0,0.0,0.0,0.0,BLOCKED_NOISE,0.0
1788868503.1968024,5962895,296.85,NONE,0.0915,0.5365,0.0,0.0,0.0,0.0,BLOCKED_NOISE,0.0
1788868504.2680473,5962895,295.79,NONE,0.1055,0.542,0.0,0.0,0.0,0.0,BLOCKED_NOISE,0.0
1788868505.3336658,5962895,294.72,NONE,0.1,0.5398,0.0,0.0,0.0,0.0,BLOCKED_NOISE,0.0
1788868506.3886335,5962895,293.66,NONE,0.1,0.5398,0.0,0.0,0.0,0.0,BLOCKED_NOISE,0.0
1788868507.451491,5962895,292.6,NONE,0.0831,0.5331,0.0,0.0,0.0,0.0,BLOCKED_NOISE,0.0
1788868508.5038266,5962895,291.54,NONE,0.0828,0.533,0.0,0.0,0.0,0.0,BLOCKED_NOISE,0.0
1788868509.5628502,5962895,290.49,NONE,0.0827,0.533,0.0,0.0,0.0,0.0,BLOCKED_NOISE,0.0
1788868510.6219707,5962895,289.43,NONE,0.0825,0.5329,0.0,0.0,0.0,0.0,BLOCKED_NOISE,0.0
1788868511.6841092,5962895,288.38,NONE,0.0825,0.5329,0.0,0.0,0.0,0.0,BLOCKED_NOISE,0.0
1788868512.7336938,5962895,287.31,NONE,0.0836,0.5333,0.0,0.0,0.0,0.0,BLOCKED_NOISE,0.0
1788868513.8009317,5962895,286.25,NONE,0.0809,0.5322,0.0,0.0,0.0,0.0,BLOCKED_NOISE,0.0
1788868514.8592749,5962895,285.19,NONE,0.0809,0.5322,0.0,0.0,0.0,0.0,BLOCKED_NOISE,0.0
1788868515.918011,5962895,284.13,NONE,0.0826,0.5329,0.0,0.0,0.0,0.0,BLOCKED_NOISE,0.0
1788868517.024259,5962895,283.07,NONE,0.0826,0.5329,0.0,0.0,0.0,0.0,BLOCKED_NOISE,0.0
1788868518.077445,5962895,281.97,NONE,0.2723,0.6073,0.0,0.0,0.0,0.0,BLOCKED_NOISE,0.0
1788868519.13863,5962895,280.92,NONE,0.2933,0.6154,0.0,0.0,0.0,0.0,BLOCKED_NOISE,0.0
1788868520.195084,5962895,279.86,YES,0.5115,0.6955,0.63,0.05,0.0655,0.05,EXECUTED,23.35
1788868521.2503662,5962895,278.8,NONE,0.5128,0.696,0.0,0.0,0.0,0.0,NO_SIGNAL,0.0
1788868522.3045907,5962895,277.75,NONE,0.5132,0.6961,0.0,0.0,0.0,0.0,NO_SIGNAL,0.0
1788868523.370082,5962895,276.68,NONE,0.5139,0.6963,0.0,0.0,0.0,0.0,NO_SIGNAL,0.0
1788868524.4243374,5962895,275.63,YES,0.5249,0.7002,0.66,0.0,0.0,0.03,BLOCKED_WINDOW_MAX_POS,0.0
1788868525.4998298,5962895,274.56,YES,0.5252,0.7003,0.66,0.0,0.0,0.03,BLOCKED_WINDOW_MAX_POS,0.0
1788868526.5516062,5962895,273.5,YES,0.5261,0.7006,0.67,0.0,0.0,0.03,BLOCKED_WINDOW_MAX_POS,0.0
1788868527.6185474,5962895,272.44,YES,0.5315,0.7024,0.67,0.0,0.0,0.03,BLOCKED_WINDOW_MAX_POS,0.0
1788868528.6653347,5962895,271.38,NONE,0.5125,0.6959,0.0,0.0,0.0,0.0,NO_SIGNAL,0.0
1788868529.7258909,5962895,270.32,NONE,0.5173,0.6975,0.0,0.0,0.0,0.0,NO_SIGNAL,0.0
1788868530.7862568,5962895,269.27,NONE,0.4612,0.6777,0.0,0.0,0.0,0.0,NO_SIGNAL,0.0
1788868531.8529227,5962895,268.21,NONE,0.4612,0.6777,0.0,0.0,0.0,0.0,NO_SIGNAL,0.0
1788868532.9620252,5962895,267.14,NONE,0.4622,0.678,0.0,0.0,0.0,0.0,NO_SIGNAL,0.0
1788868534.0193095,5962895,266.03,NONE,0.4631,0.6783,0.0,0.0,0.0,0.0,NO_SIGNAL,0.0
1788868535.0817769,5962895,264.97,NONE,0.4676,0.68,0.0,0.0,0.0,0.0,NO_SIGNAL,0.0
1788868536.1435783,5962895,263.91,NONE,0.4686,0.6803,0.0,0.0,0.0,0.0,NO_SIGNAL,0.0
1788868537.2040832,5962895,262.85,NONE,0.4664,0.6796,0.0,0.0,0.0,0.0,NO_SIGNAL,0.0
1788868538.256067,5962895,261.79,NONE,0.5797,0.7189,0.0,0.0,0.0,0.0,NO_SIGNAL,0.0
1788868539.3169615,5962895,260.74,NONE,0.5973,0.7248,0.0,0.0,0.0,0.0,NO_SIGNAL,0.0
1788868540.3765664,5962895,259.67,NONE,0.5984,0.7252,0.0,0.0,0.0,0.0,NO_SIGNAL,0.0
1788868541.4305751,5962895,258.62,NONE,0.5983,0.7252,0.0,0.0,0.0,0.0,NO_SIGNAL,0.0
1788868542.4826527,5962895,257.57,NONE,0.5995,0.7256,0.0,0.0,0.0,0.0,NO_SIGNAL,0.0
1788868543.5410614,5962895,256.51,NONE,0.6006,0.726,0.0,0.0,0.0,0.0,NO_SIGNAL,0.0
1788868544.5887482,5962895,255.46,NONE,0.7069,0.7602,0.0,0.0,0.0,0.0,NO_SIGNAL,0.0
1788868545.6496098,5962895,254.41,NONE,0.7399,0.7703,0.0,0.0,0.0,0.0,NO_SIGNAL,0.0
1788868546.7059367,5962895,253.34,NONE,0.7317,0.7678,0.0,0.0,0.0,0.0,NO_SIGNAL,0.0
1788868547.7606475,5962895,252.29,NONE,0.6962,0.7568,0.0,0.0,0.0,0.0,NO_SIGNAL,0.0
1788868548.8560257,5962895,251.24,NONE,0.6894,0.7547,0.0,0.0,0.0,0.0,NO_SIGNAL,0.0
1788868549.923957,5962895,250.13,NONE,0.6769,0.7508,0.0,0.0,0.0,0.0,NO_SIGNAL,0.0
1788868550.9728885,5962895,249.07,NONE,0.6685,0.7481,0.0,0.0,0.0,0.0,NO_SIGNAL,0.0
1788868552.0219986,5962895,248.02,NONE,0.6692,0.7483,0.0,0.0,0.0,0.0,NO_SIGNAL,0.0
1788868553.0718088,5962895,246.98,NONE,0.6707,0.7488,0.0,0.0,0.0,0.0,NO_SIGNAL,0.0
1788868554.128411,5962895,245.92,NONE,0.6721,0.7492,0.0,0.0,0.0,0.0,NO_SIGNAL,0.0
1788868555.1901598,5962895,244.86,NONE,0.6602,0.7455,0.0,0.0,0.0,0.0,NO_SIGNAL,0.0
1788868556.2576246,5962895,243.8,NONE,0.6613,0.7458,0.0,0.0,0.0,0.0,NO_SIGNAL,0.0
1788868557.3216002,5962895,242.73,NONE,0.6629,0.7463,0.0,0.0,0.0,0.0,NO_SIGNAL,0.0
1788868558.3874567,5962895,241.66,NONE,0.6644,0.7468,0.0,0.0,0.0,0.0,NO_SIGNAL,0.0
1788868559.443611,5962895,240.61,NONE,0.6629,0.7463,0.0,0.0,0.0,0.0,NO_SIGNAL,0.0
1788868560.5144446,5962895,239.55,NONE,0.6446,0.7404,0.0,0.0,0.0,0.0,NO_SIGNAL,0.0
1788868561.573011,5962895,238.48,NONE,0.6462,0.7409,0.0,0.0,0.0,0.0,NO_SIGNAL,0.0
1788868562.6438417,5962895,237.42,NONE,0.6478,0.7414,0.0,0.0,0.0,0.0,NO_SIGNAL,0.0
1788868563.6956122,5962895,236.35,NONE,0.6884,0.7544,0.0,0.0,0.0,0.0,NO_SIGNAL,0.0
1788868564.7950232,5962895,235.3,NONE,0.6905,0.755,0.0,0.0,0.0,0.0,NO_SIGNAL,0.0
1788868565.850881,5962895,234.2,NONE,0.6921,0.7556,0.0,0.0,0.0,0.0,NO_SIGNAL,0.0
1788868566.91098,5962895,233.14,NONE,0.6937,0.7561,0.0,0.0,0.0,0.0,NO_SIGNAL,0.0
1788868567.971341,5962895,232.08,NO,0.6953,0.2434,0.21,0.0,0.0,0.03,BLOCKED_WINDOW_MAX_POS,0.0
1788868569.0379403,5962895,231.01,NONE,0.7749,0.7808,0.0,0.0,0.0,0.0,NO_SIGNAL,0.0
1788868570.095011,5962895,229.95,NONE,0.7806,0.7825,0.0,0.0,0.0,0.0,NO_SIGNAL,0.0
1788868571.1510034,5962895,228.9,NO,0.7824,0.217,0.18,0.0,0.0,0.03,BLOCKED_WINDOW_MAX_POS,0.0
1788868572.2165968,5962895,227.85,NONE,0.9387,0.8261,0.0,0.0,0.0,0.0,NO_SIGNAL,0.0
1788868573.273248,5962895,226.78,NONE,0.9407,0.8266,0.0,0.0,0.0,0.0,NO_SIGNAL,0.0
1788868574.3273697,5962895,225.73,NONE,1.0402,0.8509,0.0,0.0,0.0,0.0,NO_SIGNAL,0.0
1788868575.3842719,5962895,224.66,NONE,1.0268,0.8477,0.0,0.0,0.0,0.0,NO_SIGNAL,0.0
1788868576.4392812,5962895,223.61,NONE,1.0493,0.853,0.0,0.0,0.0,0.0,NO_SIGNAL,0.0
1788868577.4876397,5962895,222.56,NONE,1.0473,0.8525,0.0,0.0,0.0,0.0,NO_SIGNAL,0.0
1788868578.553918,5962895,221.5,NONE,1.0912,0.8624,0.0,0.0,0.0,0.0,NO_SIGNAL,0.0
1788868579.619268,5962895,220.43,NONE,1.1643,0.8779,0.0,0.0,0.0,0.0,NO_SIGNAL,0.0
1788868580.7253919,5962895,219.38,NONE,1.1679,0.8786,0.0,0.0,0.0,0.0,NO_SIGNAL,0.0
1788868581.7836132,5962895,218.27,NONE,1.1734,0.8797,0.0,0.0,0.0,0.0,NO_SIGNAL,0.0
1788868582.8384466,5962895,217.21,NONE,1.1628,0.8776,0.0,0.0,0.0,0.0,NO_SIGNAL,0.0
1788868583.8908906,5962895,216.15,NONE,1.1655,0.8781,0.0,0.0,0.0,0.0,NO_SIGNAL,0.0
1788868584.9503946,5962895,215.1,NONE,1.1659,0.8782,0.0,0.0,0.0,0.0,NO_SIGNAL,0.0
1788868586.0145028,5962895,214.05,NONE,1.1709,0.8792,0.0,0.0,0.0,0.0,NO_SIGNAL,0.0
1788868587.0660188,5962895,212.98,NONE,1.1734,0.8797,0.0,0.0,0.0,0.0,NO_SIGNAL,0.0
1788868588.1227489,5962895,211.92,NONE,1.1762,0.8802,0.0,0.0,0.0,0.0,NO_SIGNAL,0.0
1788868589.1769104,5962895,210.87,NONE,1.1717,0.8793,0.0,0.0,0.0,0.0,NO_SIGNAL,0.0
1788868590.2322307,5962895,209.82,NONE,1.1746,0.8799,0.0,0.0,0.0,0.0,NO_SIGNAL,0.0
1788868591.2834141,5962895,208.77,NONE,1.2249,0.8897,0.0,0.0,0.0,0.0,NO_SIGNAL,0.0
1788868592.3443136,5962895,207.71,NONE,1.2278,0.8902,0.0,0.0,0.0,0.0,NO_SIGNAL,0.0
1788868593.396297,5962895,206.65,NONE,1.2408,0.8927,0.0,0.0,0.0,0.0,NO_SIGNAL,0.0
1788868594.4457467,5962895,205.6,NONE,1.2437,0.8932,0.0,0.0,0.0,0.0,NO_SIGNAL,0.0
1788868595.4983833,5962895,204.55,NONE,1.2466,0.8937,0.0,0.0,0.0,0.0,NO_SIGNAL,0.0
1788868596.6058793,5962895,203.49,NONE,1.2553,0.8953,0.0,0.0,0.0,0.0,NO_SIGNAL,0.0
1788868597.6627202,5962895,202.39,NONE,1.2585,0.8959,0.0,0.0,0.0,0.0,NO_SIGNAL,0.0
1788868598.7558868,5962895,201.32,NONE,1.2582,0.8958,0.0,0.0,0.0,0.0,NO_SIGNAL,0.0
1788868599.8198988,5962895,200.23,NONE,1.4133,0.9212,0.0,0.0,0.0,0.0,NO_SIGNAL,0.0
1788868600.8732946,5962895,199.18,NONE,1.4605,0.9279,0.0,0.0,0.0,0.0,NO_SIGNAL,0.0
1788868601.928419,5962895,198.12,NONE,1.4673,0.9288,0.0,0.0,0.0,0.0,NO_SIGNAL,0.0
1788868602.9834728,5962895,197.07,NONE,1.5053,0.9339,0.0,0.0,0.0,0.0,NO_SIGNAL,0.0
1788868604.0399902,5962895,196.01,NONE,1.5149,0.9351,0.0,0.0,0.0,0.0,NO_SIGNAL,0.0
1788868605.1018946,5962895,194.95,NONE,1.532,0.9372,0.0,0.0,0.0,0.0,NO_SIGNAL,0.0
1788868606.1558135,5962895,193.89,NONE,1.5412,0.9384,0.0,0.0,0.0,0.0,NO_SIGNAL,0.0
1788868607.206035,5962895,192.84,NONE,1.546,0.9389,0.0,0.0,0.0,0.0,NO_SIGNAL,0.0
1788868608.2665322,5962895,191.78,NONE,1.5499,0.9394,0.0,0.0,0.0,0.0,NO_SIGNAL,0.0
1788868609.3239179,5962895,190.73,NONE,1.5486,0.9393,0.0,0.0,0.0,0.0,NO_SIGNAL,0.0
1788868610.3717864,5962895,189.67,NONE,1.5429,0.9386,0.0,0.0,0.0,0.0,NO_SIGNAL,0.0
1788868611.43217,5962895,188.62,NONE,1.5427,0.9385,0.0,0.0,0.0,0.0,NO_SIGNAL,0.0
1788868612.5293527,5962895,187.56,NONE,1.5472,0.9391,0.0,0.0,0.0,0.0,NO_SIGNAL,0.0
1788868613.5958054,5962895,186.46,NONE,1.5483,0.9392,0.0,0.0,0.0,0.0,NO_SIGNAL,0.0
1788868614.659939,5962895,185.39,NONE,1.5518,0.9396,0.0,0.0,0.0,0.0,NO_SIGNAL,0.0
1788868615.712156,5962895,184.33,NONE,1.5545,0.94,0.0,0.0,0.0,0.0,NO_SIGNAL,0.0
1788868616.7616057,5962895,183.28,NONE,1.559,0.9405,0.0,0.0,0.0,0.0,NO_SIGNAL,0.0
1788868617.855979,5962895,182.23,NONE,1.5631,0.941,0.0,0.0,0.0,0.0,NO_SIGNAL,0.0
1788868618.9089622,5962895,181.14,NONE,1.5675,0.9415,0.0,0.0,0.0,0.0,NO_SIGNAL,0.0
1788868619.9612474,5962895,180.09,NONE,1.2914,0.9017,0.0,0.0,0.0,0.0,NO_SIGNAL,0.0
1788868621.0230734,5962895,179.03,NONE,1.2779,0.8994,0.0,0.0,0.0,0.0,NO_SIGNAL,0.0
1788868622.0801764,5962895,177.97,NONE,1.2819,0.9001,0.0,0.0,0.0,0.0,NO_SIGNAL,0.0
1788868623.1301553,5962895,176.92,NONE,1.2857,0.9007,0.0,0.0,0.0,0.0,NO_SIGNAL,0.0
1788868624.1806705,5962895,175.87,NONE,1.2894,0.9014,0.0,0.0,0.0,0.0,NO_SIGNAL,0.0
1788868625.2371686,5962895,174.81,NONE,1.3514,0.9117,0.0,0.0,0.0,0.0,NO_SIGNAL,0.0
1788868626.29261,5962895,173.76,NONE,1.3555,0.9124,0.0,0.0,0.0,0.0,NO_SIGNAL,0.0
1788868627.3512301,5962895,172.7,NONE,1.3442,0.9106,0.0,0.0,0.0,0.0,NO_SIGNAL,0.0
1788868628.4622252,5962895,171.65,NONE,1.3483,0.9112,0.0,0.0,0.0,0.0,NO_SIGNAL,0.0
1788868629.5219486,5962895,170.53,NONE,1.3367,0.9093,0.0,0.0,0.0,0.0,NO_SIGNAL,0.0
1788868630.5743427,5962895,169.47,NONE,1.3515,0.9117,0.0,0.0,0.0,0.0,NO_SIGNAL,0.0
1788868631.6319559,5962895,168.42,NONE,1.3546,0.9122,0.0,0.0,0.0,0.0,NO_SIGNAL,0.0
1788868632.680026,5962895,167.37,NONE,1.3489,0.9113,0.0,0.0,0.0,0.0,NO_SIGNAL,0.0
1788868633.742697,5962895,166.31,NONE,1.353,0.912,0.0,0.0,0.0,0.0,NO_SIGNAL,0.0
1788868634.8001206,5962895,165.25,NONE,1.3225,0.907,0.0,0.0,0.0,0.0,NO_SIGNAL,0.0
1788868635.866051,5962895,164.19,NONE,1.2422,0.8929,0.0,0.0,0.0,0.0,NO_SIGNAL,0.0
1788868636.9368973,5962895,163.12,NONE,1.1304,0.8709,0.0,0.0,0.0,0.0,NO_SIGNAL,0.0
1788868638.0025065,5962895,162.05,NONE,1.1255,0.8698,0.0,0.0,0.0,0.0,NO_SIGNAL,0.0
1788868639.066933,5962895,160.98,NONE,1.13,0.8708,0.0,0.0,0.0,0.0,NO_SIGNAL,0.0
1788868640.163945,5962895,159.93,NONE,1.1341,0.8716,0.0,0.0,0.0,0.0,NO_SIGNAL,0.0
1788868641.2097352,5962895,158.83,NONE,0.9294,0.8237,0.0,0.0,0.0,0.0,NO_SIGNAL,0.0
1788868642.2937808,5962895,157.78,NONE,0.9329,0.8246,0.0,0.0,0.0,0.0,NO_SIGNAL,0.0
1788868643.3460252,5962895,156.7,NONE,0.9366,0.8255,0.0,0.0,0.0,0.0,NO_SIGNAL,0.0
1788868644.4783087,5962895,155.65,NONE,0.9704,0.8341,0.0,0.0,0.0,0.0,NO_SIGNAL,0.0
1788868645.5279615,5962895,154.52,NONE,0.9736,0.8349,0.0,0.0,0.0,0.0,NO_SIGNAL,0.0
1788868646.5925813,5962895,153.46,NONE,0.982,0.8369,0.0,0.0,0.0,0.0,NO_SIGNAL,0.0
1788868647.6470256,5962895,152.4,NONE,1.0134,0.8446,0.0,0.0,0.0,0.0,NO_SIGNAL,0.0
1788868648.708678,5962895,151.34,NONE,1.0185,0.8458,0.0,0.0,0.0,0.0,NO_SIGNAL,0.0
1788868649.7635534,5962895,150.29,NONE,1.0223,0.8467,0.0,0.0,0.0,0.0,NO_SIGNAL,0.0
1788868650.824886,5962895,149.23,NONE,1.0525,0.8537,0.0,0.0,0.0,0.0,NO_SIGNAL,0.0
1788868651.8959286,5962895,148.16,NONE,1.0722,0.8582,0.0,0.0,0.0,0.0,NO_SIGNAL,0.0
1788868652.959104,5962895,147.09,NO,1.0762,0.1409,0.09,0.0,0.0,0.03,BLOCKED_WINDOW_MAX_POS,0.0
1788868654.0146856,5962895,146.03,NO,1.0793,0.1402,0.1,0.0,0.0,0.03,BLOCKED_WINDOW_MAX_POS,0.0
1788868655.0836487,5962895,144.97,NO,1.0833,0.1393,0.1,0.0,0.0,0.03,BLOCKED_WINDOW_MAX_POS,0.0
1788868656.136866,5962895,143.91,NO,1.0739,0.1414,0.1,0.0,0.0,0.03,BLOCKED_WINDOW_MAX_POS,0.0
1788868657.194052,5962895,142.86,NO,1.0784,0.1404,0.1,0.0,0.0,0.03,BLOCKED_WINDOW_MAX_POS,0.0
1788868658.2457616,5962895,141.81,NO,1.0825,0.1395,0.1,0.0,0.0,0.03,BLOCKED_WINDOW_MAX_POS,0.0
1788868659.3067122,5962895,140.75,NONE,1.1495,0.8748,0.0,0.0,0.0,0.0,NO_SIGNAL,0.0
1788868660.4019446,5962895,139.69,NONE,1.1536,0.8757,0.0,0.0,0.0,0.0,NO_SIGNAL,0.0
1788868661.4649343,5962895,138.59,NONE,1.1606,0.8771,0.0,0.0,0.0,0.0,NO_SIGNAL,0.0
1788868662.5400379,5962895,137.53,NONE,1.1652,0.878,0.0,0.0,0.0,0.0,NO_SIGNAL,0.0
1788868663.60025,5962895,136.45,NONE,1.1695,0.8789,0.0,0.0,0.0,0.0,NO_SIGNAL,0.0
1788868664.6662054,5962895,135.39,NONE,1.1734,0.8797,0.0,0.0,0.0,0.0,NO_SIGNAL,0.0
1788868665.753983,5962895,134.32,NONE,1.1781,0.8806,0.0,0.0,0.0,0.0,NO_SIGNAL,0.0
1788868666.8063908,5962895,133.24,NONE,0.9377,0.8258,0.0,0.0,0.0,0.0,NO_SIGNAL,0.0
1788868667.8674605,5962895,132.19,NONE,0.9316,0.8242,0.0,0.0,0.0,0.0,NO_SIGNAL,0.0
1788868668.9380577,5962895,131.12,NONE,0.9355,0.8252,0.0,0.0,0.0,0.0,NO_SIGNAL,0.0
1788868669.985663,5962895,130.06,NONE,0.8038,0.7893,0.0,0.0,0.0,0.0,NO_SIGNAL,0.0
1788868671.0372148,5962895,129.01,NONE,0.7975,0.7874,0.0,0.0,0.0,0.0,NO_SIGNAL,0.0
1788868672.1061273,5962895,127.96,NONE,0.8157,0.7927,0.0,0.0,0.0,0.0,NO_SIGNAL,0.0
1788868673.1617444,5962895,126.89,NONE,0.8191,0.7936,0.0,0.0,0.0,0.0,NO_SIGNAL,0.0
1788868674.2175455,5962895,125.83,NONE,0.8226,0.7946,0.0,0.0,0.0,0.0,NO_SIGNAL,0.0
1788868675.2773116,5962895,124.77,NONE,0.7993,0.7879,0.0,0.0,0.0,0.0,NO_SIGNAL,0.0
1788868676.3768137,5962895,123.72,NONE,0.812,0.7916,0.0,0.0,0.0,0.0,NO_SIGNAL,0.0
1788868677.4370694,5962895,122.61,NO,0.7912,0.2144,0.16,0.0,0.0,0.03,BLOCKED_WINDOW_MAX_POS,0.0
1788868678.4828527,5962895,121.56,NO,0.8823,0.1888,0.11,0.0,0.0,0.03,BLOCKED_WINDOW_MAX_POS,0.0
1788868679.5398495,5962895,120.51,NO,0.9172,0.1795,0.1,0.0,0.0,0.03,BLOCKED_WINDOW_MAX_POS,0.0
1788868680.5949235,5962895,119.45,NO,0.9307,0.176,0.13,0.0,0.0,0.03,BLOCKED_WINDOW_MAX_POS,0.0
1788868681.656838,5962895,118.39,NO,0.9346,0.175,0.13,0.0,0.0,0.03,BLOCKED_WINDOW_MAX_POS,0.0
1788868682.708925,5962895,117.34,NO,0.9387,0.1739,0.13,0.0,0.0,0.03,BLOCKED_WINDOW_MAX_POS,0.0
1788868683.7602143,5962895,116.29,NO,0.943,0.1728,0.13,0.0,0.0,0.03,BLOCKED_WINDOW_MAX_POS,0.0
1788868684.8186934,5962895,115.23,NO,0.948,0.1716,0.13,0.0,0.0,0.03,BLOCKED_WINDOW_MAX_POS,0.0
1788868685.8696585,5962895,114.18,NO,0.9526,0.1704,0.13,0.0,0.0,0.03,BLOCKED_WINDOW_MAX_POS,0.0
1788868686.9269228,5962895,113.12,NO,0.957,0.1693,0.13,0.0,0.0,0.03,BLOCKED_WINDOW_MAX_POS,0.0
1788868687.9795363,5962895,112.07,NO,0.9616,0.1681,0.12,0.0,0.0,0.03,BLOCKED_WINDOW_MAX_POS,0.0
1788868689.0331469,5962895,111.02,NO,0.9455,0.1722,0.14,0.0,0.0,0.03,BLOCKED_WINDOW_MAX_POS,0.0
1788868690.095509,5962895,109.95,NONE,0.9582,0.831,0.0,0.0,0.0,0.0,NO_SIGNAL,0.0
1788868691.1608822,5962895,108.9,NONE,0.9629,0.8322,0.0,0.0,0.0,0.0,NO_SIGNAL,0.0
1788868692.2608404,5962895,107.83,NONE,0.753,0.7743,0.0,0.0,0.0,0.0,NO_SIGNAL,0.0
1788868693.3269148,5962895,106.73,NONE,0.7572,0.7755,0.0,0.0,0.0,0.0,NO_SIGNAL,0.0
1788868694.3875005,5962895,105.66,NONE,0.7658,0.7781,0.0,0.0,0.0,0.0,NO_SIGNAL,0.0
1788868695.455609,5962895,104.6,NONE,0.7707,0.7796,0.0,0.0,0.0,0.0,NO_SIGNAL,0.0
1788868696.541476,5962895,103.53,NONE,0.7903,0.7853,0.0,0.0,0.0,0.0,NO_SIGNAL,0.0
1788868697.5985901,5962895,102.45,NONE,0.8133,0.792,0.0,0.0,0.0,0.0,NO_SIGNAL,0.0
1788868698.6566591,5962895,101.4,NONE,1.6263,0.9481,0.0,0.0,0.0,0.0,NO_SIGNAL,0.0
1788868699.7053323,5962895,100.34,NONE,1.628,0.9482,0.0,0.0,0.0,0.0,NO_SIGNAL,0.0
1788868700.752902,5962895,99.29,NONE,1.6404,0.9495,0.0,0.0,0.0,0.0,NO_SIGNAL,0.0
1788868701.806762,5962895,98.24,NONE,1.6502,0.9505,0.0,0.0,0.0,0.0,NO_SIGNAL,0.0
1788868702.8948884,5962895,97.19,NONE,1.9274,0.973,0.0,0.0,0.0,0.0,NO_SIGNAL,0.0
1788868703.9426484,5962895,96.1,NONE,1.7785,0.9623,0.0,0.0,0.0,0.0,NO_SIGNAL,0.0
1788868705.0049691,5962895,95.05,NONE,1.7899,0.9633,0.0,0.0,0.0,0.0,NO_SIGNAL,0.0
1788868706.064885,5962895,93.98,NONE,1.8002,0.9641,0.0,0.0,0.0,0.0,NO_SIGNAL,0.0
1788868707.118398,5962895,92.93,NONE,1.8111,0.9649,0.0,0.0,0.0,0.0,NO_SIGNAL,0.0
1788868708.2185917,5962895,91.88,NONE,1.7765,0.9622,0.0,0.0,0.0,0.0,NO_SIGNAL,0.0
1788868709.2715049,5962895,90.78,NONE,1.8775,0.9698,0.0,0.0,0.0,0.0,NO_SIGNAL,0.0
1788868710.3220065,5962895,89.73,NONE,1.8891,0.9706,0.0,0.0,0.0,0.0,NO_SIGNAL,0.0
1788868716.829794,5962895,83.64,YES,0.9458,0.8279,0.0,0.0,0.0,0.035,BLOCKED_WINDOW_MAX_POS,0.0
1788868717.8858197,5962895,82.16,YES,0.7671,0.7785,0.0,0.0,0.0,0.035,BLOCKED_WINDOW_MAX_POS,0.0
1788868718.9383552,5962895,81.11,YES,0.7599,0.7763,0.0,0.0,0.0,0.035,BLOCKED_WINDOW_MAX_POS,0.0
1788868719.989856,5962895,80.05,YES,0.7657,0.7781,0.0,0.0,0.0,0.035,BLOCKED_WINDOW_MAX_POS,0.0
1788868721.0477304,5962895,79.0,YES,0.7717,0.7799,0.0,0.0,0.0,0.035,BLOCKED_WINDOW_MAX_POS,0.0
1788868722.0957248,5962895,77.95,YES,0.7791,0.782,0.0,0.0,0.0,0.035,BLOCKED_WINDOW_MAX_POS,0.0
1788868723.1692877,5962895,76.89,YES,0.7853,0.7839,0.0,0.0,0.0,0.035,BLOCKED_WINDOW_MAX_POS,0.0
1788868724.2180681,5962895,75.83,YES,0.7941,0.7864,0.0,0.0,0.0,0.035,BLOCKED_WINDOW_MAX_POS,0.0
1788868725.272787,5962895,74.77,YES,0.7854,0.7839,0.0,0.0,0.0,0.035,BLOCKED_WINDOW_MAX_POS,0.0
1788868726.3246806,5962895,73.72,YES,0.8631,0.806,0.0,0.0,0.0,0.035,BLOCKED_WINDOW_MAX_POS,0.0
1788868727.380319,5962895,72.67,YES,0.9451,0.8277,0.0,0.0,0.0,0.035,BLOCKED_WINDOW_MAX_POS,0.0
1788868728.4318438,5962895,71.61,YES,1.0391,0.8506,0.0,0.0,0.0,0.035,BLOCKED_WINDOW_MAX_POS,0.0
1788868729.4819705,5962895,70.56,YES,1.1198,0.8686,0.0,0.0,0.0,0.035,BLOCKED_WINDOW_MAX_POS,0.0
1788868730.5305107,5962895,69.51,YES,1.1968,0.8843,0.0,0.0,0.0,0.035,BLOCKED_WINDOW_MAX_POS,0.0
1788868731.5939283,5962895,68.46,YES,1.2711,0.8981,0.0,0.0,0.0,0.035,BLOCKED_WINDOW_MAX_POS,0.0
1788868732.6977565,5962895,67.39,YES,1.342,0.9102,0.0,0.0,0.0,0.035,BLOCKED_WINDOW_MAX_POS,0.0
1788868733.7533724,5962895,66.29,YES,1.6055,0.9458,0.0,0.0,0.0,0.035,BLOCKED_WINDOW_MAX_POS,0.0
1788868734.8020403,5962895,65.24,YES,1.6687,0.9524,0.0,0.0,0.0,0.035,BLOCKED_WINDOW_MAX_POS,0.0
1788868735.854002,5962895,64.19,YES,1.7343,0.9586,0.0,0.0,0.0,0.035,BLOCKED_WINDOW_MAX_POS,0.0
1788868736.9091523,5962895,63.14,YES,1.7941,0.9636,0.0,0.0,0.0,0.035,BLOCKED_WINDOW_MAX_POS,0.0
1788868737.9676046,5962895,62.08,YES,1.8462,0.9676,0.0,0.0,0.0,0.035,BLOCKED_WINDOW_MAX_POS,0.0
1788868739.0265353,5962895,61.02,YES,1.8952,0.971,0.0,0.0,0.0,0.035,BLOCKED_WINDOW_MAX_POS,0.0
1788868740.106603,5962895,59.97,YES,1.941,0.9739,0.0,0.0,0.0,0.035,BLOCKED_WINDOW_MAX_POS,0.0
1788868741.1626961,5962895,58.88,YES,2.0068,0.9776,0.0,0.0,0.0,0.035,BLOCKED_WINDOW_MAX_POS,0.0
1788868742.2092772,5962895,57.84,YES,2.0443,0.9795,0.0,0.0,0.0,0.035,BLOCKED_WINDOW_MAX_POS,0.0
1788868743.260058,5962895,56.79,YES,1.8443,0.9674,0.0,0.0,0.0,0.035,BLOCKED_WINDOW_MAX_POS,0.0
1788868744.3119895,5962895,55.74,YES,1.8749,0.9696,0.0,0.0,0.0,0.035,BLOCKED_WINDOW_MAX_POS,0.0
1788868745.3651319,5962895,54.69,YES,1.6352,0.949,0.0,0.0,0.0,0.035,BLOCKED_WINDOW_MAX_POS,0.0
1788868746.670194,5962895,53.62,YES,1.6509,0.9506,0.0,0.0,0.0,0.035,BLOCKED_WINDOW_MAX_POS,0.0
1788868747.7803817,5962895,52.32,YES,1.6845,0.954,0.0,0.0,0.0,0.035,BLOCKED_WINDOW_MAX_POS,0.0
1788868748.8300366,5962895,51.21,YES,1.7327,0.9584,0.0,0.0,0.0,0.035,BLOCKED_WINDOW_MAX_POS,0.0
1788868749.888016,5962895,50.17,YES,1.7548,0.9604,0.0,0.0,0.0,0.035,BLOCKED_WINDOW_MAX_POS,0.0
1788868750.9453583,5962895,49.1,YES,1.7781,0.9623,0.0,0.0,0.0,0.035,BLOCKED_WINDOW_MAX_POS,0.0
1788868751.99896,5962895,48.05,YES,1.8012,0.9642,0.0,0.0,0.0,0.035,BLOCKED_WINDOW_MAX_POS,0.0
1788868753.050372,5962895,46.99,YES,1.8243,0.9659,0.0,0.0,0.0,0.035,BLOCKED_WINDOW_MAX_POS,0.0
1788868754.1034563,5962895,45.95,YES,1.8592,0.9685,0.0,0.0,0.0,0.035,BLOCKED_WINDOW_MAX_POS,0.0
1788868755.1673124,5962895,44.89,YES,1.9714,0.9757,0.0,0.0,0.0,0.035,BLOCKED_WINDOW_MAX_POS,0.0
1788868756.2295678,5962895,43.82,YES,2.2098,0.9864,0.0,0.0,0.0,0.035,BLOCKED_WINDOW_MAX_POS,0.0
1788868757.2915797,5962895,42.76,YES,2.6377,0.9958,0.0,0.0,0.0,0.035,BLOCKED_WINDOW_MAX_POS,0.0
1788868758.338882,5962895,41.71,YES,2.6714,0.9962,0.0,0.0,0.0,0.035,BLOCKED_WINDOW_MAX_POS,0.0
1788868759.4059725,5962895,40.65,YES,2.7043,0.9966,0.0,0.0,0.0,0.035,BLOCKED_WINDOW_MAX_POS,0.0
1788868760.464637,5962895,39.58,YES,2.8212,0.9976,0.0,0.0,0.0,0.035,BLOCKED_WINDOW_MAX_POS,0.0
1788868761.5163305,5962895,38.53,YES,2.8588,0.9979,0.0,0.0,0.0,0.035,BLOCKED_WINDOW_MAX_POS,0.0
1788868762.5644915,5962895,37.48,YES,2.898,0.9981,0.0,0.0,0.0,0.035,BLOCKED_WINDOW_MAX_POS,0.0
1788868763.6107643,5962895,36.43,YES,2.8911,0.9981,0.0,0.0,0.0,0.035,BLOCKED_WINDOW_MAX_POS,0.0
1788868764.6655407,5962895,35.38,YES,2.9334,0.9983,0.0,0.0,0.0,0.035,BLOCKED_WINDOW_MAX_POS,0.0
1788868765.7247968,5962895,34.33,YES,3.0399,0.9988,0.0,0.0,0.0,0.035,BLOCKED_WINDOW_MAX_POS,0.0
1788868766.7828388,5962895,33.26,YES,3.0754,0.9989,0.0,0.0,0.0,0.035,BLOCKED_WINDOW_MAX_POS,0.0
1788868767.835143,5962895,32.21,YES,3.1077,0.9991,0.0,0.0,0.0,0.035,BLOCKED_WINDOW_MAX_POS,0.0
1788868768.8864193,5962895,31.16,YES,3.1606,0.9992,0.0,0.0,0.0,0.035,BLOCKED_WINDOW_MAX_POS,0.0
1788868769.9388566,5962895,30.11,YES,3.2148,0.9993,0.0,0.0,0.0,0.035,BLOCKED_WINDOW_MAX_POS,0.0
1788868770.9924848,5962895,29.05,YES,3.2684,0.9995,0.0,0.0,0.0,0.035,BLOCKED_WINDOW_MAX_POS,0.0
1788868772.0474985,5962895,28.0,YES,3.3285,0.9996,0.0,0.0,0.0,0.035,BLOCKED_WINDOW_MAX_POS,0.0
1788868773.094686,5962895,26.95,YES,3.4032,0.9997,0.0,0.0,0.0,0.035,BLOCKED_WINDOW_MAX_POS,0.0
1788868774.1470864,5962895,25.9,YES,3.7294,0.9999,0.0,0.0,0.0,0.035,BLOCKED_WINDOW_MAX_POS,0.0
1788868775.2026875,5962895,24.84,YES,4.0589,1.0,0.0,0.0,0.0,0.035,BLOCKED_WINDOW_MAX_POS,0.0
1788868776.29259,5962895,23.79,YES,4.1678,1.0,0.0,0.0,0.0,0.035,BLOCKED_WINDOW_MAX_POS,0.0
1788868777.3390281,5962895,22.71,YES,3.3963,0.9997,0.0,0.0,0.0,0.035,BLOCKED_WINDOW_MAX_POS,0.0
1788868778.3858757,5962895,21.66,YES,3.4767,0.9997,0.0,0.0,0.0,0.035,BLOCKED_WINDOW_MAX_POS,0.0
1788868779.4324975,5962895,20.61,YES,2.6744,0.9963,0.0,0.0,0.0,0.035,BLOCKED_WINDOW_MAX_POS,0.0
1788868780.479077,5962895,19.57,YES,2.7453,0.997,0.0,0.0,0.0,0.035,BLOCKED_WINDOW_MAX_POS,0.0
1788868781.5302892,5962895,18.51,YES,2.7048,0.9966,0.0,0.0,0.0,0.035,BLOCKED_WINDOW_MAX_POS,0.0
1788868782.5822227,5962895,17.46,YES,2.7859,0.9973,0.0,0.0,0.0,0.035,BLOCKED_WINDOW_MAX_POS,0.0
1788868783.6317015,5962895,16.41,YES,2.8743,0.998,0.0,0.0,0.0,0.035,BLOCKED_WINDOW_MAX_POS,0.0
1788868784.6873386,5962895,15.35,YES,2.9654,0.9985,0.0,0.0,0.0,0.035,BLOCKED_WINDOW_MAX_POS,0.0
1788868785.749488,5962895,14.3,YES,3.0593,0.9989,0.0,0.0,0.0,0.035,BLOCKED_WINDOW_MAX_POS,0.0
1788868786.8053098,5962895,13.25,YES,3.1458,0.9992,0.0,0.0,0.0,0.035,BLOCKED_WINDOW_MAX_POS,0.0
1788868787.8565047,5962895,12.19,YES,3.3098,0.9995,0.0,0.0,0.0,0.035,BLOCKED_WINDOW_MAX_POS,0.0
1788868788.9121351,5962895,11.14,YES,3.4651,0.9997,0.0,0.0,0.0,0.035,BLOCKED_WINDOW_MAX_POS,0.0
1788868789.9640367,5962895,10.09,YES,3.6689,0.9999,0.0,0.0,0.0,0.035,BLOCKED_WINDOW_MAX_POS,0.0
1788868791.0140996,5962895,9.03,YES,3.8771,0.9999,0.0,0.0,0.0,0.035,BLOCKED_WINDOW_MAX_POS,0.0
1788868792.0633552,5962895,7.98,YES,4.1302,1.0,0.0,0.0,0.0,0.035,BLOCKED_WINDOW_MAX_POS,0.0
1788868793.121618,5962895,6.92,YES,4.436,1.0,0.0,0.0,0.0,0.035,BLOCKED_WINDOW_MAX_POS,0.0
1788868794.1809058,5962895,5.86,YES,4.8231,1.0,0.0,0.0,0.0,0.035,BLOCKED_WINDOW_MAX_POS,0.0
1788868795.253311,5962895,4.81,YES,5.3295,1.0,0.0,0.0,0.0,0.035,BLOCKED_WINDOW_MAX_POS,0.0
1788868796.303419,5962895,3.74,YES,6.0368,1.0,0.0,0.0,0.0,0.035,BLOCKED_WINDOW_MAX_POS,0.0
1788868797.358935,5962895,2.69,YES,7.1272,1.0,0.0,0.0,0.0,0.035,BLOCKED_WINDOW_MAX_POS,0.0
1788868798.4143097,5962895,1.63,YES,9.1687,1.0,0.0,0.0,0.0,0.035,BLOCKED_WINDOW_MAX_POS,0.0
1788868799.4634013,5962895,1.0,YES,11.7092,1.0,0.0,0.0,0.0,0.035,BLOCKED_WINDOW_MAX_POS,0.0
1788868802.8090243,5962896,299.52,NONE,-0.0329,0.4869,0.0,0.0,0.0,0.0,BLOCKED_NOISE,0.0
1788868803.8553371,5962896,296.19,NONE,-0.0522,0.4792,0.0,0.0,0.0,0.0,BLOCKED_NOISE,0.0
1788868804.9049075,5962896,295.14,NONE,-0.0787,0.4686,0.0,0.0,0.0,0.0,BLOCKED_NOISE,0.0
1788868805.9786713,5962896,294.09,NONE,-0.2501,0.4012,0.0,0.0,0.0,0.0,BLOCKED_NOISE,0.0
1788868807.034954,5962896,293.01,NONE,-0.3347,0.3689,0.0,0.0,0.0,0.0,BLOCKED_NOISE,0.0
1788868808.1084962,5962896,291.95,NONE,-0.3439,0.3655,0.0,0.0,0.0,0.0,BLOCKED_NOISE,0.0
1788868809.1677473,5962896,290.89,NONE,-0.3456,0.3648,0.0,0.0,0.0,0.0,BLOCKED_NOISE,0.0
1788868810.2265518,5962896,289.83,NONE,-0.363,0.3583,0.0,0.0,0.0,0.0,NO_SIGNAL,0.0
1788868811.2743716,5962896,288.77,NONE,-0.3634,0.3581,0.0,0.0,0.0,0.0,NO_SIGNAL,0.0
1788868812.3273897,5962896,287.72,NONE,-0.3762,0.3534,0.0,0.0,0.0,0.0,NO_SIGNAL,0.0
1788868813.3828201,5962896,286.66,NONE,-0.402,0.3439,0.0,0.0,0.0,0.0,NO_SIGNAL,0.0
1788868814.4384956,5962896,285.61,NONE,-0.4068,0.3421,0.0,0.0,0.0,0.0,NO_SIGNAL,0.0
1788868815.491311,5962896,284.56,NONE,-0.4988,0.309,0.0,0.0,0.0,0.0,NO_SIGNAL,0.0
1788868816.5404902,5962896,283.51,YES,-0.4931,0.311,0.27,0.01,0.041,0.03,EXECUTED,7.79
1788868817.591399,5962896,282.46,YES,-0.5162,0.3029,0.26,0.0,0.0,0.03,BLOCKED_WINDOW_MAX_POS,0.0
1788868818.6904206,5962896,281.4,YES,-0.5201,0.3015,0.26,0.0,0.0,0.03,BLOCKED_WINDOW_MAX_POS,0.0
1788868819.7439463,5962896,280.3,YES,-0.5209,0.3012,0.26,0.0,0.0,0.03,BLOCKED_WINDOW_MAX_POS,0.0
1788868820.7962167,5962896,279.25,NONE,-0.6382,0.2617,0.0,0.0,0.0,0.0,NO_SIGNAL,0.0
1788868821.8488035,5962896,278.2,NONE,-0.6532,0.2568,0.0,0.0,0.0,0.0,NO_SIGNAL,0.0
1788868822.9429288,5962896,277.14,NONE,-0.6539,0.2566,0.0,0.0,0.0,0.0,NO_SIGNAL,0.0
1788868824.0021083,5962896,276.06,NONE,-0.6545,0.2564,0.0,0.0,0.0,0.0,NO_SIGNAL,0.0
1788868825.0624485,5962896,275.0,NONE,-0.6588,0.255,0.0,0.0,0.0,0.0,NO_SIGNAL,0.0
1788868826.110404,5962896,273.93,NONE,-0.6471,0.2588,0.0,0.0,0.0,0.0,NO_SIGNAL,0.0
1788868827.1720278,5962896,272.88,NONE,-0.6483,0.2584,0.0,0.0,0.0,0.0,NO_SIGNAL,0.0
1788868828.2257147,5962896,271.82,NONE,-0.6465,0.259,0.0,0.0,0.0,0.0,NO_SIGNAL,0.0
1788868829.2719753,5962896,270.77,NONE,-0.6399,0.2611,0.0,0.0,0.0,0.0,NO_SIGNAL,0.0
1788868830.3214817,5962896,269.72,NONE,-0.622,0.267,0.0,0.0,0.0,0.0,NO_SIGNAL,0.0
1788868831.3891714,5962896,268.68,NONE,-0.6101,0.2709,0.0,0.0,0.0,0.0,NO_SIGNAL,0.0
1788868832.4379456,5962896,267.61,YES,-0.6117,0.2704,0.24,0.0,0.0,0.03,BLOCKED_WINDOW_MAX_POS,0.0
1788868833.4940195,5962896,266.55,NONE,-0.6165,0.2688,0.0,0.0,0.0,0.0,NO_SIGNAL,0.0
1788868834.587801,5962896,265.5,YES,-0.6269,0.2653,0.23,0.0,0.0,0.03,BLOCKED_WINDOW_MAX_POS,0.0
1788868835.6348774,5962896,264.41,NONE,-0.6629,0.2537,0.0,0.0,0.0,0.0,NO_SIGNAL,0.0
1788868836.701066,5962896,263.35,YES,-0.6539,0.2566,0.22,0.0,0.0,0.03,BLOCKED_WINDOW_MAX_POS,0.0
1788868837.756889,5962896,262.29,NONE,-0.7364,0.2307,0.0,0.0,0.0,0.0,NO_SIGNAL,0.0
1788868838.817471,5962896,261.23,NONE,-0.7383,0.2302,0.0,0.0,0.0,0.0,NO_SIGNAL,0.0
1788868839.868208,5962896,260.18,NONE,-0.7397,0.2298,0.0,0.0,0.0,0.0,NO_SIGNAL,0.0
1788868840.9386728,5962896,259.11,YES,-0.7611,0.2233,0.19,0.0,0.0,0.03,BLOCKED_WINDOW_MAX_POS,0.0
1788868841.9889574,5962896,258.06,YES,-0.7645,0.2223,0.19,0.0,0.0,0.03,BLOCKED_WINDOW_MAX_POS,0.0
1788868843.0432832,5962896,257.0,YES,-0.7572,0.2245,0.19,0.0,0.0,0.03,BLOCKED_WINDOW_MAX_POS,0.0
1788868844.1103723,5962896,255.96,NONE,-0.8422,0.1998,0.0,0.0,0.0,0.0,NO_SIGNAL,0.0
1788868845.171487,5962896,254.88,NONE,-0.8569,0.1958,0.0,0.0,0.0,0.0,NO_SIGNAL,0.0
1788868846.2266378,5962896,253.83,NONE,-0.9606,0.1684,0.0,0.0,0.0,0.0,NO_SIGNAL,0.0
1788868847.2831814,5962896,252.77,NONE,-0.9574,0.1692,0.0,0.0,0.0,0.0,NO_SIGNAL,0.0
1788868848.3357599,5962896,251.71,NONE,-0.9257,0.1773,0.0,0.0,0.0,0.0,NO_SIGNAL,0.0
1788868849.3942227,5962896,250.65,NONE,-0.9799,0.1636,0.0,0.0,0.0,0.0,NO_SIGNAL,0.0
1788868850.4957516,5962896,249.6,NONE,-0.9635,0.1677,0.0,0.0,0.0,0.0,NO_SIGNAL,0.0
1788868851.554879,5962896,248.49,NONE,-0.9502,0.171,0.0,0.0,0.0,0.0,NO_SIGNAL,0.0
1788868852.6103797,5962896,247.44,NONE,-0.952,0.1705,0.0,0.0,0.0,0.0,NO_SIGNAL,0.0
1788868853.664026,5962896,246.38,NONE,-0.9501,0.171,0.0,0.0,0.0,0.0,NO_SIGNAL,0.0
1788868854.7169523,5962896,245.33,NONE,-0.9418,0.1731,0.0,0.0,0.0,0.0,NO_SIGNAL,0.0
1788868855.777234,5962896,244.28,NONE,-0.9804,0.1635,0.0,0.0,0.0,0.0,NO_SIGNAL,0.0
1788868856.8345969,5962896,243.22,NONE,-1.094,0.137,0.0,0.0,0.0,0.0,NO_SIGNAL,0.0
1788868857.8906012,5962896,242.16,NONE,-1.0963,0.1365,0.0,0.0,0.0,0.0,NO_SIGNAL,0.0
1788868858.939373,5962896,241.11,NONE,-1.0302,0.1515,0.0,0.0,0.0,0.0,NO_SIGNAL,0.0
1788868860.040511,5962896,240.05,NONE,-1.0229,0.1532,0.0,0.0,0.0,0.0,NO_SIGNAL,0.0
1788868861.090061,5962896,238.95,NONE,-1.134,0.1284,0.0,0.0,0.0,0.0,NO_SIGNAL,0.0
1788868862.150328,5962896,237.9,NONE,-1.1367,0.1278,0.0,0.0,0.0,0.0,NO_SIGNAL,0.0
1788868863.2160683,5962896,236.85,NONE,-1.1391,0.1273,0.0,0.0,0.0,0.0,NO_SIGNAL,0.0
1788868864.2718801,5962896,235.77,NONE,-1.0821,0.1396,0.0,0.0,0.0,0.0,NO_SIGNAL,0.0
1788868865.321886,5962896,234.72,NONE,-1.0757,0.141,0.0,0.0,0.0,0.0,NO_SIGNAL,0.0
1788868866.4185805,5962896,233.67,NONE,-1.101,0.1354,0.0,0.0,0.0,0.0,NO_SIGNAL,0.0
1788868867.4773912,5962896,232.57,NONE,-1.141,0.1269,0.0,0.0,0.0,0.0,NO_SIGNAL,0.0
1788868868.5350513,5962896,231.51,NONE,-1.2153,0.1121,0.0,0.0,0.0,0.0,NO_SIGNAL,0.0
1788868869.588934,5962896,230.46,NONE,-1.2244,0.1104,0.0,0.0,0.0,0.0,NO_SIGNAL,0.0
1788868870.6759942,5962896,229.4,NONE,-1.2272,0.1099,0.0,0.0,0.0,0.0,NO_SIGNAL,0.0
1788868871.7291584,5962896,228.32,NONE,-1.0685,0.1426,0.0,0.0,0.0,0.0,NO_SIGNAL,0.0
1788868872.7821805,5962896,227.27,NONE,-1.0565,0.1454,0.0,0.0,0.0,0.0,NO_SIGNAL,0.0
1788868873.831675,5962896,226.21,NONE,-1.0583,0.145,0.0,0.0,0.0,0.0,NO_SIGNAL,0.0
1788868874.9109128,5962896,225.17,NONE,-1.0578,0.1451,0.0,0.0,0.0,0.0,NO_SIGNAL,0.0
1788868875.966759,5962896,224.08,YES,-1.0527,0.1462,0.1,0.0,0.0,0.03,BLOCKED_WINDOW_MAX_POS,0.0
1788868877.0310338,5962896,223.03,YES,-1.112,0.1331,0.1,0.0,0.0,0.03,BLOCKED_WINDOW_MAX_POS,0.0
1788868878.0764265,5962896,221.97,NONE,-1.2099,0.1131,0.0,0.0,0.0,0.0,NO_SIGNAL,0.0
1788868879.135085,5962896,220.91,NONE,-1.6624,0.0482,0.0,0.0,0.0,0.0,NO_SIGNAL,0.0
1788868880.1843443,5962896,219.86,NONE,-1.6677,0.0477,0.0,0.0,0.0,0.0,NO_SIGNAL,0.0
1788868881.2356489,5962896,218.81,NONE,-1.6749,0.047,0.0,0.0,0.0,0.0,NO_SIGNAL,0.0
1788868882.3321905,5962896,217.76,NONE,-1.685,0.046,0.0,0.0,0.0,0.0,NO_SIGNAL,0.0
1788868883.3845637,5962896,216.66,NONE,-1.7037,0.0442,0.0,0.0,0.0,0.0,NO_SIGNAL,0.0
1788868884.4514065,5962896,215.61,NONE,-1.7278,0.042,0.0,0.0,0.0,0.0,NO_SIGNAL,0.0
1788868885.5237634,5962896,214.54,NONE,-1.7908,0.0367,0.0,0.0,0.0,0.0,NO_SIGNAL,0.0
1788868886.576447,5962896,213.47,NONE,-1.797,0.0362,0.0,0.0,0.0,0.0,NO_SIGNAL,0.0
1788868887.62455,5962896,212.42,NONE,-1.7952,0.0363,0.0,0.0,0.0,0.0,NO_SIGNAL,0.0
1788868888.6832368,5962896,211.36,NONE,-1.9206,0.0274,0.0,0.0,0.0,0.0,NO_SIGNAL,0.0
1788868889.756016,5962896,210.3,NONE,-1.9028,0.0285,0.0,0.0,0.0,0.0,NO_SIGNAL,0.0
1788868890.8131526,5962896,209.24,NONE,-1.9048,0.0284,0.0,0.0,0.0,0.0,NO_SIGNAL,0.0
1788868891.883172,5962896,208.18,NONE,-2.1838,0.0145,0.0,0.0,0.0,0.0,NO_SIGNAL,0.0
1788868892.932617,5962896,207.12,NONE,-2.1891,0.0143,0.0,0.0,0.0,0.0,NO_SIGNAL,0.0
1788868893.9813678,5962896,206.07,NONE,-2.1944,0.0141,0.0,0.0,0.0,0.0,NO_SIGNAL,0.0
1788868895.0312338,5962896,205.02,NONE,-2.2217,0.0132,0.0,0.0,0.0,0.0,NO_SIGNAL,0.0
1788868896.0756185,5962896,203.97,NONE,-2.0734,0.0191,0.0,0.0,0.0,0.0,NO_SIGNAL,0.0
1788868897.1360447,5962896,202.91,NONE,-2.0782,0.0188,0.0,0.0,0.0,0.0,NO_SIGNAL,0.0
1788868898.228571,5962896,201.86,NO,-2.0821,0.9813,0.95,0.0,0.0,0.03,BLOCKED_WINDOW_MAX_POS,0.0
1788868899.2765858,5962896,200.77,NONE,-1.931,0.0267,0.0,0.0,0.0,0.0,NO_SIGNAL,0.0
1788868900.3292127,5962896,199.72,NONE,-1.8824,0.0299,0.0,0.0,0.0,0.0,NO_SIGNAL,0.0
1788868901.3772743,5962896,198.67,NONE,-1.8617,0.0313,0.0,0.0,0.0,0.0,NO_SIGNAL,0.0
1788868902.4292688,5962896,197.62,NONE,-1.86,0.0314,0.0,0.0,0.0,0.0,NO_SIGNAL,0.0
1788868903.4853563,5962896,196.57,NONE,-1.8618,0.0313,0.0,0.0,0.0,0.0,NO_SIGNAL,0.0
1788868904.5377092,5962896,195.51,NONE,-1.8647,0.0311,0.0,0.0,0.0,0.0,NO_SIGNAL,0.0
1788868905.5910301,5962896,194.45,NONE,-1.8699,0.0308,0.0,0.0,0.0,0.0,NO_SIGNAL,0.0
1788868906.6375227,5962896,193.41,NONE,-1.8872,0.0296,0.0,0.0,0.0,0.0,NO_SIGNAL,0.0
1788868907.6933043,5962896,192.36,NONE,-1.8917,0.0293,0.0,0.0,0.0,0.0,NO_SIGNAL,0.0
1788868908.7454033,5962896,191.3,NONE,-1.8966,0.0289,0.0,0.0,0.0,0.0,NO_SIGNAL,0.0
1788868909.795912,5962896,190.25,NONE,-1.8914,0.0293,0.0,0.0,0.0,0.0,NO_SIGNAL,0.0
1788868910.8518896,5962896,189.2,NONE,-1.9065,0.0283,0.0,0.0,0.0,0.0,NO_SIGNAL,0.0
1788868911.902106,5962896,188.14,NONE,-1.9343,0.0265,0.0,0.0,0.0,0.0,NO_SIGNAL,0.0
1788868912.9550257,5962896,187.09,NONE,-1.9398,0.0262,0.0,0.0,0.0,0.0,NO_SIGNAL,0.0
1788868914.0647888,5962896,186.04,NONE,-1.9446,0.0259,0.0,0.0,0.0,0.0,NO_SIGNAL,0.0
1788868915.1168084,5962896,184.93,NONE,-1.9539,0.0254,0.0,0.0,0.0,0.0,NO_SIGNAL,0.0
1788868916.1729221,5962896,183.88,NONE,-1.9624,0.0249,0.0,0.0,0.0,0.0,NO_SIGNAL,0.0
1788868917.2290637,5962896,182.82,NONE,-1.9701,0.0244,0.0,0.0,0.0,0.0,NO_SIGNAL,0.0
1788868918.2741394,5962896,181.77,NONE,-1.9778,0.024,0.0,0.0,0.0,0.0,NO_SIGNAL,0.0
1788868919.3332264,5962896,180.71,NONE,-1.9853,0.0236,0.0,0.0,0.0,0.0,NO_SIGNAL,0.0
1788868920.3888378,5962896,179.66,NONE,-2.0644,0.0195,0.0,0.0,0.0,0.0,NO_SIGNAL,0.0
1788868921.435594,5962896,178.61,NONE,-2.0347,0.0209,0.0,0.0,0.0,0.0,NO_SIGNAL,0.0
1788868922.4842527,5962896,177.56,NONE,-2.1334,0.0164,0.0,0.0,0.0,0.0,NO_SIGNAL,0.0
1788868923.5388546,5962896,176.51,NONE,-2.1885,0.0143,0.0,0.0,0.0,0.0,NO_SIGNAL,0.0
1788868924.5940976,5962896,175.46,NONE,-2.1985,0.014,0.0,0.0,0.0,0.0,NO_SIGNAL,0.0
1788868925.6618426,5962896,174.4,NONE,-2.0674,0.0193,0.0,0.0,0.0,0.0,NO_SIGNAL,0.0
1788868926.7102535,5962896,173.33,NONE,-2.0744,0.019,0.0,0.0,0.0,0.0,NO_SIGNAL,0.0
1788868927.7667825,5962896,172.28,NONE,-2.0545,0.02,0.0,0.0,0.0,0.0,NO_SIGNAL,0.0
1788868928.8556845,5962896,171.22,NONE,-2.0615,0.0196,0.0,0.0,0.0,0.0,NO_SIGNAL,0.0
1788868929.9496133,5962896,170.14,NONE,-2.0034,0.0226,0.0,0.0,0.0,0.0,NO_SIGNAL,0.0
1788868931.0105436,5962896,169.04,NONE,-2.006,0.0224,0.0,0.0,0.0,0.0,NO_SIGNAL,0.0
1788868932.0616457,5962896,167.98,NONE,-1.8624,0.0313,0.0,0.0,0.0,0.0,NO_SIGNAL,0.0
1788868933.120633,5962896,166.92,NONE,-1.865,0.0311,0.0,0.0,0.0,0.0,NO_SIGNAL,0.0
1788868934.1673355,5962896,165.88,NONE,-1.8698,0.0308,0.0,0.0,0.0,0.0,NO_SIGNAL,0.0
1788868935.22052,5962896,164.82,NONE,-1.8833,0.0298,0.0,0.0,0.0,0.0,NO_SIGNAL,0.0
1788868936.2754216,5962896,163.77,NONE,-1.9203,0.0274,0.0,0.0,0.0,0.0,NO_SIGNAL,0.0
1788868937.3261619,5962896,162.72,NONE,-2.2784,0.0114,0.0,0.0,0.0,0.0,NO_SIGNAL,0.0
1788868938.3789213,5962896,161.67,NONE,-2.2738,0.0115,0.0,0.0,0.0,0.0,NO_SIGNAL,0.0
1788868939.4365423,5962896,160.61,NONE,-2.2856,0.0111,0.0,0.0,0.0,0.0,NO_SIGNAL,0.0
1788868940.4939013,5962896,159.55,NONE,-2.303,0.0106,0.0,0.0,0.0,0.0,NO_SIGNAL,0.0
1788868941.544034,5962896,158.5,NONE,-2.3134,0.0104,0.0,0.0,0.0,0.0,NO_SIGNAL,0.0
1788868942.5935025,5962896,157.45,NONE,-2.3313,0.0099,0.0,0.0,0.0,0.0,NO_SIGNAL,0.0
1788868943.6414955,5962896,156.41,NONE,-2.2506,0.0122,0.0,0.0,0.0,0.0,NO_SIGNAL,0.0
1788868944.6919842,5962896,155.35,NONE,-2.0566,0.0199,0.0,0.0,0.0,0.0,NO_SIGNAL,0.0
1788868945.830325,5962896,154.3,NONE,-2.0427,0.0205,0.0,0.0,0.0,0.0,NO_SIGNAL,0.0
1788868946.8887749,5962896,153.16,NONE,-2.0514,0.0201,0.0,0.0,0.0,0.0,NO_SIGNAL,0.0
1788868947.9405487,5962896,152.11,NONE,-2.0321,0.0211,0.0,0.0,0.0,0.0,NO_SIGNAL,0.0
1788868948.9918883,5962896,151.05,NONE,-2.0401,0.0207,0.0,0.0,0.0,0.0,NO_SIGNAL,0.0
1788868950.0468926,5962896,150.0,NONE,-2.0479,0.0203,0.0,0.0,0.0,0.0,NO_SIGNAL,0.0
1788868951.097051,5962896,148.95,NONE,-2.0542,0.02,0.0,0.0,0.0,0.0,NO_SIGNAL,0.0
1788868952.15295,5962896,147.9,NONE,-2.0594,0.0197,0.0,0.0,0.0,0.0,NO_SIGNAL,0.0
1788868953.206392,5962896,146.84,NONE,-2.0636,0.0195,0.0,0.0,0.0,0.0,NO_SIGNAL,0.0
1788868954.2543228,5962896,145.79,NONE,-2.0772,0.0189,0.0,0.0,0.0,0.0,NO_SIGNAL,0.0
1788868955.303316,5962896,144.74,NONE,-2.1009,0.0178,0.0,0.0,0.0,0.0,NO_SIGNAL,0.0
1788868956.359613,5962896,143.69,NONE,-2.1176,0.0171,0.0,0.0,0.0,0.0,NO_SIGNAL,0.0
1788868957.4199278,5962896,142.63,NONE,-2.1255,0.0168,0.0,0.0,0.0,0.0,NO_SIGNAL,0.0
1788868958.4681606,5962896,141.58,NONE,-2.2162,0.0133,0.0,0.0,0.0,0.0,NO_SIGNAL,0.0
1788868959.5225227,5962896,140.52,NONE,-2.8235,0.0024,0.0,0.0,0.0,0.0,NO_SIGNAL,0.0
1788868960.5800416,5962896,139.47,NO,-2.7233,0.9968,0.0,0.0,0.0,0.035,BLOCKED_WINDOW_MAX_POS,0.0
1788868961.6335263,5962896,138.41,NO,-2.7288,0.9968,0.0,0.0,0.0,0.035,BLOCKED_WINDOW_MAX_POS,0.0
1788868962.6821773,5962896,137.36,NO,-2.7063,0.9966,0.0,0.0,0.0,0.035,BLOCKED_WINDOW_MAX_POS,0.0
1788868963.7350824,5962896,136.31,NO,-2.9233,0.9983,0.0,0.0,0.0,0.035,BLOCKED_WINDOW_MAX_POS,0.0
1788868964.7812734,5962896,135.26,NO,-2.8553,0.9979,0.0,0.0,0.0,0.035,BLOCKED_WINDOW_MAX_POS,0.0
1788868965.8482387,5962896,134.2,NO,-2.6912,0.9964,0.0,0.0,0.0,0.035,BLOCKED_WINDOW_MAX_POS,0.0
1788868966.8949637,5962896,133.15,NO,-2.635,0.9958,0.0,0.0,0.0,0.035,BLOCKED_WINDOW_MAX_POS,0.0
1788868967.9483905,5962896,132.1,NO,-2.5998,0.9953,0.0,0.0,0.0,0.035,BLOCKED_WINDOW_MAX_POS,0.0
1788868968.996466,5962896,131.05,NO,-2.5757,0.995,0.0,0.0,0.0,0.035,BLOCKED_WINDOW_MAX_POS,0.0
1788868970.0508409,5962896,130.0,NO,-2.4978,0.9938,0.0,0.0,0.0,0.035,BLOCKED_WINDOW_MAX_POS,0.0
1788868971.1035473,5962896,128.94,NO,-2.4587,0.993,0.0,0.0,0.0,0.035,BLOCKED_WINDOW_MAX_POS,0.0
1788868972.166307,5962896,127.89,NO,-2.223,0.9869,0.0,0.0,0.0,0.035,BLOCKED_WINDOW_MAX_POS,0.0
1788868973.2295198,5962896,126.82,NO,-2.0394,0.9793,0.0,0.0,0.0,0.035,BLOCKED_WINDOW_MAX_POS,0.0
1788868974.2904863,5962896,125.76,NO,-1.9893,0.9767,0.0,0.0,0.0,0.035,BLOCKED_WINDOW_MAX_POS,0.0
1788868975.3417997,5962896,124.71,NO,-1.9521,0.9745,0.0,0.0,0.0,0.035,BLOCKED_WINDOW_MAX_POS,0.0
1788868976.3995855,5962896,123.66,NO,-1.9135,0.9722,0.0,0.0,0.0,0.035,BLOCKED_WINDOW_MAX_POS,0.0
1788868977.465132,5962896,122.59,NO,-1.9081,0.9718,0.0,0.0,0.0,0.035,BLOCKED_WINDOW_MAX_POS,0.0
1788868978.5182981,5962896,121.53,NO,-1.9052,0.9716,0.0,0.0,0.0,0.035,BLOCKED_WINDOW_MAX_POS,0.0
1788868979.5737078,5962896,120.47,NO,-1.9024,0.9714,0.0,0.0,0.0,0.035,BLOCKED_WINDOW_MAX_POS,0.0
1788868980.6328397,5962896,119.41,NO,-1.9037,0.9715,0.0,0.0,0.0,0.035,BLOCKED_WINDOW_MAX_POS,0.0
1788868981.6922317,5962896,118.36,NO,-1.904,0.9715,0.0,0.0,0.0,0.035,BLOCKED_WINDOW_MAX_POS,0.0
1788868982.744896,5962896,117.31,NO,-1.9276,0.973,0.0,0.0,0.0,0.035,BLOCKED_WINDOW_MAX_POS,0.0
1788868983.8012848,5962896,116.24,NO,-1.9398,0.9738,0.0,0.0,0.0,0.035,BLOCKED_WINDOW_MAX_POS,0.0
1788868984.8557258,5962896,115.19,NO,-1.769,0.9616,0.0,0.0,0.0,0.035,BLOCKED_WINDOW_MAX_POS,0.0
1788868985.919341,5962896,114.14,NO,-1.6441,0.9499,0.0,0.0,0.0,0.035,BLOCKED_WINDOW_MAX_POS,0.0
1788868986.9685695,5962896,113.08,NO,-1.6397,0.9495,0.0,0.0,0.0,0.035,BLOCKED_WINDOW_MAX_POS,0.0
1788868988.018259,5962896,112.03,NO,-1.6947,0.9549,0.0,0.0,0.0,0.035,BLOCKED_WINDOW_MAX_POS,0.0
1788868989.0702713,5962896,110.98,NO,-2.0062,0.9776,0.0,0.0,0.0,0.035,BLOCKED_WINDOW_MAX_POS,0.0
1788868990.1232965,5962896,109.92,NO,-1.9871,0.9765,0.0,0.0,0.0,0.035,BLOCKED_WINDOW_MAX_POS,0.0
1788868991.1805995,5962896,108.86,NO,-1.9966,0.9771,0.0,0.0,0.0,0.035,BLOCKED_WINDOW_MAX_POS,0.0
1788868992.2380807,5962896,107.81,NO,-1.7062,0.956,0.0,0.0,0.0,0.035,BLOCKED_WINDOW_MAX_POS,0.0
1788868993.2946208,5962896,106.76,NO,-1.5948,0.9446,0.0,0.0,0.0,0.035,BLOCKED_WINDOW_MAX_POS,0.0
1788868994.3459098,5962896,105.7,NO,-1.5848,0.9435,0.0,0.0,0.0,0.035,BLOCKED_WINDOW_MAX_POS,0.0
1788868995.4284642,5962896,104.64,NO,-1.5976,0.9449,0.0,0.0,0.0,0.035,BLOCKED_WINDOW_MAX_POS,0.0
1788868996.478863,5962896,103.57,NO,-1.6076,0.946,0.0,0.0,0.0,0.035,BLOCKED_WINDOW_MAX_POS,0.0
1788868997.5321789,5962896,102.51,NO,-1.6143,0.9468,0.0,0.0,0.0,0.035,BLOCKED_WINDOW_MAX_POS,0.0
1788868998.5822208,5962896,101.46,NO,-1.614,0.9467,0.0,0.0,0.0,0.035,BLOCKED_WINDOW_MAX_POS,0.0
1788868999.6610734,5962896,100.41,NO,-1.5871,0.9438,0.0,0.0,0.0,0.035,BLOCKED_WINDOW_MAX_POS,0.0
1788869000.710512,5962896,99.34,NO,-2.0325,0.9789,0.0,0.0,0.0,0.035,BLOCKED_WINDOW_MAX_POS,0.0
1788869001.7698915,5962896,98.28,NO,-2.0541,0.98,0.0,0.0,0.0,0.035,BLOCKED_WINDOW_MAX_POS,0.0
1788869002.8268263,5962896,97.22,NO,-2.1497,0.9842,0.0,0.0,0.0,0.035,BLOCKED_WINDOW_MAX_POS,0.0
1788869003.8842509,5962896,96.16,NO,-2.1834,0.9855,0.0,0.0,0.0,0.035,BLOCKED_WINDOW_MAX_POS,0.0
1788869004.9341733,5962896,95.11,NO,-2.4789,0.9934,0.0,0.0,0.0,0.035,BLOCKED_WINDOW_MAX_POS,0.0
1788869005.9907608,5962896,94.06,NO,-2.3903,0.9916,0.0,0.0,0.0,0.035,BLOCKED_WINDOW_MAX_POS,0.0
1788869007.0545802,5962896,93.0,NO,-2.3376,0.9903,0.0,0.0,0.0,0.035,BLOCKED_WINDOW_MAX_POS,0.0
1788869008.109326,5962896,91.94,NO,-2.2987,0.9892,0.0,0.0,0.0,0.035,BLOCKED_WINDOW_MAX_POS,0.0
1788869009.156557,5962896,90.89,NO,-2.2928,0.9891,0.0,0.0,0.0,0.035,BLOCKED_WINDOW_MAX_POS,0.0
1788869010.2221642,5962896,89.84,NO,-2.2898,0.989,0.0,0.0,0.0,0.035,BLOCKED_WINDOW_MAX_POS,0.0
1788869011.2824612,5962896,88.77,NO,-2.2435,0.9876,0.0,0.0,0.0,0.035,BLOCKED_WINDOW_MAX_POS,0.0
1788869012.3300607,5962896,87.72,NO,-2.0202,0.9783,0.0,0.0,0.0,0.035,BLOCKED_WINDOW_MAX_POS,0.0
1788869013.3875556,5962896,86.66,NO,-2.0102,0.9778,0.0,0.0,0.0,0.035,BLOCKED_WINDOW_MAX_POS,0.0
1788869014.446443,5962896,85.6,NO,-2.143,0.9839,0.0,0.0,0.0,0.035,BLOCKED_WINDOW_MAX_POS,0.0
1788869015.4983447,5962896,84.55,NO,-2.1276,0.9833,0.0,0.0,0.0,0.035,BLOCKED_WINDOW_MAX_POS,0.0
1788869016.5516174,5962896,83.5,NO,-2.1384,0.9838,0.0,0.0,0.0,0.035,BLOCKED_WINDOW_MAX_POS,0.0
1788869017.6064582,5962896,82.45,NO,-2.1721,0.9851,0.0,0.0,0.0,0.035,BLOCKED_WINDOW_MAX_POS,0.0
1788869018.657643,5962896,81.39,NO,-2.312,0.9896,0.0,0.0,0.0,0.035,BLOCKED_WINDOW_MAX_POS,0.0
1788869019.714422,5962896,80.34,NO,-2.4849,0.9935,0.0,0.0,0.0,0.035,BLOCKED_WINDOW_MAX_POS,0.0
1788869020.7715611,5962896,79.28,NO,-2.5443,0.9945,0.0,0.0,0.0,0.035,BLOCKED_WINDOW_MAX_POS,0.0
1788869021.8327231,5962896,78.21,NO,-2.533,0.9943,0.0,0.0,0.0,0.035,BLOCKED_WINDOW_MAX_POS,0.0
1788869022.8825738,5962896,77.16,NO,-2.5228,0.9942,0.0,0.0,0.0,0.035,BLOCKED_WINDOW_MAX_POS,0.0
1788869023.9387748,5962896,76.11,NO,-2.559,0.9948,0.0,0.0,0.0,0.035,BLOCKED_WINDOW_MAX_POS,0.0
1788869024.9933088,5962896,75.05,NO,-2.603,0.9954,0.0,0.0,0.0,0.035,BLOCKED_WINDOW_MAX_POS,0.0
1788869026.0576777,5962896,73.99,NO,-2.6279,0.9957,0.0,0.0,0.0,0.035,BLOCKED_WINDOW_MAX_POS,0.0
1788869027.1169147,5962896,72.93,NO,-2.6671,0.9962,0.0,0.0,0.0,0.035,BLOCKED_WINDOW_MAX_POS,0.0
1788869028.1688402,5962896,71.88,NO,-2.7061,0.9966,0.0,0.0,0.0,0.035,BLOCKED_WINDOW_MAX_POS,0.0
1788869029.2310755,5962896,70.82,NO,-2.7386,0.9969,0.0,0.0,0.0,0.035,BLOCKED_WINDOW_MAX_POS,0.0
1788869030.2862618,5962896,69.76,NO,-2.6535,0.996,0.0,0.0,0.0,0.035,BLOCKED_WINDOW_MAX_POS,0.0
1788869031.338626,5962896,68.71,NO,-2.6864,0.9964,0.0,0.0,0.0,0.035,BLOCKED_WINDOW_MAX_POS,0.0
1788869032.3924682,5962896,67.66,NO,-2.726,0.9968,0.0,0.0,0.0,0.035,BLOCKED_WINDOW_MAX_POS,0.0
1788869033.4392433,5962896,66.61,NO,-2.7657,0.9972,0.0,0.0,0.0,0.035,BLOCKED_WINDOW_MAX_POS,0.0
1788869034.4938247,5962896,65.55,NO,-2.8928,0.9981,0.0,0.0,0.0,0.035,BLOCKED_WINDOW_MAX_POS,0.0
1788869035.5469766,5962896,64.5,NO,-2.891,0.9981,0.0,0.0,0.0,0.035,BLOCKED_WINDOW_MAX_POS,0.0
1788869036.6073146,5962896,63.44,NO,-2.9276,0.9983,0.0,0.0,0.0,0.035,BLOCKED_WINDOW_MAX_POS,0.0
1788869037.6917024,5962896,62.36,NO,-2.9622,0.9985,0.0,0.0,0.0,0.035,BLOCKED_WINDOW_MAX_POS,0.0
1788869038.742436,5962896,61.31,NO,-2.996,0.9986,0.0,0.0,0.0,0.035,BLOCKED_WINDOW_MAX_POS,0.0
1788869039.826818,5962896,60.25,NO,-2.9223,0.9983,0.0,0.0,0.0,0.035,BLOCKED_WINDOW_MAX_POS,0.0
1788869040.885679,5962896,59.16,NO,-2.8391,0.9977,0.0,0.0,0.0,0.035,BLOCKED_WINDOW_MAX_POS,0.0
1788869041.9439697,5962896,58.1,NO,-2.7586,0.9971,0.0,0.0,0.0,0.035,BLOCKED_WINDOW_MAX_POS,0.0
1788869042.9962406,5962896,57.05,NO,-2.7716,0.9972,0.0,0.0,0.0,0.035,BLOCKED_WINDOW_MAX_POS,0.0
1788869044.0649846,5962896,56.0,NO,-2.6011,0.9954,0.0,0.0,0.0,0.035,BLOCKED_WINDOW_MAX_POS,0.0
1788869045.1414611,5962896,54.93,NO,-2.6351,0.9958,0.0,0.0,0.0,0.035,BLOCKED_WINDOW_MAX_POS,0.0
1788869046.1941211,5962896,53.85,NO,-2.7286,0.9968,0.0,0.0,0.0,0.035,BLOCKED_WINDOW_MAX_POS,0.0
1788869047.254738,5962896,52.8,NO,-2.7654,0.9972,0.0,0.0,0.0,0.035,BLOCKED_WINDOW_MAX_POS,0.0
1788869048.3191733,5962896,51.73,NO,-2.783,0.9973,0.0,0.0,0.0,0.035,BLOCKED_WINDOW_MAX_POS,0.0
1788869049.3645964,5962896,50.68,NO,-2.9773,0.9985,0.0,0.0,0.0,0.035,BLOCKED_WINDOW_MAX_POS,0.0
1788869050.4161372,5962896,49.63,NO,-3.1434,0.9992,0.0,0.0,0.0,0.035,BLOCKED_WINDOW_MAX_POS,0.0
1788869051.4708025,5962896,48.58,NO,-3.2503,0.9994,0.0,0.0,0.0,0.035,BLOCKED_WINDOW_MAX_POS,0.0
1788869052.517077,5962896,47.53,NO,-3.409,0.9997,0.0,0.0,0.0,0.035,BLOCKED_WINDOW_MAX_POS,0.0
1788869053.5784383,5962896,46.47,NO,-3.4836,0.9998,0.0,0.0,0.0,0.035,BLOCKED_WINDOW_MAX_POS,0.0
1788869054.632847,5962896,45.41,NO,-3.7896,0.9999,0.0,0.0,0.0,0.035,BLOCKED_WINDOW_MAX_POS,0.0
1788869055.692936,5962896,44.35,NO,-3.9482,1.0,0.0,0.0,0.0,0.035,BLOCKED_WINDOW_MAX_POS,0.0
1788869056.748807,5962896,43.3,NO,-4.0066,1.0,0.0,0.0,0.0,0.035,BLOCKED_WINDOW_MAX_POS,0.0
1788869057.7953115,5962896,42.25,NO,-4.0682,1.0,0.0,0.0,0.0,0.035,BLOCKED_WINDOW_MAX_POS,0.0
1788869058.8490064,5962896,41.2,NO,-3.8869,0.9999,0.0,0.0,0.0,0.035,BLOCKED_WINDOW_MAX_POS,0.0
1788869059.924967,5962896,40.15,NO,-3.9168,1.0,0.0,0.0,0.0,0.035,BLOCKED_WINDOW_MAX_POS,0.0
1788869060.9700966,5962896,39.07,NO,-4.0835,1.0,0.0,0.0,0.0,0.035,BLOCKED_WINDOW_MAX_POS,0.0
1788869062.0293336,5962896,38.01,NO,-4.1687,1.0,0.0,0.0,0.0,0.035,BLOCKED_WINDOW_MAX_POS,0.0
1788869063.077379,5962896,36.97,NO,-4.3553,1.0,0.0,0.0,0.0,0.035,BLOCKED_WINDOW_MAX_POS,0.0
1788869064.1240366,5962896,35.92,NO,-5.2908,1.0,0.0,0.0,0.0,0.035,BLOCKED_WINDOW_MAX_POS,0.0
1788869065.1867223,5962896,34.86,NO,-5.3927,1.0,0.0,0.0,0.0,0.035,BLOCKED_WINDOW_MAX_POS,0.0
1788869066.2439713,5962896,33.8,NO,-5.5053,1.0,0.0,0.0,0.0,0.035,BLOCKED_WINDOW_MAX_POS,0.0
1788869067.3069694,5962896,32.74,NO,-5.6284,1.0,0.0,0.0,0.0,0.035,BLOCKED_WINDOW_MAX_POS,0.0
1788869068.3563244,5962896,31.69,NO,-5.7517,1.0,0.0,0.0,0.0,0.035,BLOCKED_WINDOW_MAX_POS,0.0
1788869069.4059386,5962896,30.64,NO,-5.8919,1.0,0.0,0.0,0.0,0.035,BLOCKED_WINDOW_MAX_POS,0.0
1788869070.4600854,5962896,29.59,NO,-6.0108,1.0,0.0,0.0,0.0,0.035,BLOCKED_WINDOW_MAX_POS,0.0
1788869071.5340037,5962896,28.53,NO,-6.2049,1.0,0.0,0.0,0.0,0.035,BLOCKED_WINDOW_MAX_POS,0.0
1788869072.5816789,5962896,27.46,NO,-6.4155,1.0,0.0,0.0,0.0,0.035,BLOCKED_WINDOW_MAX_POS,0.0
1788869073.6345754,5962896,26.41,NO,-6.6067,1.0,0.0,0.0,0.0,0.035,BLOCKED_WINDOW_MAX_POS,0.0
1788869074.6867814,5962896,25.36,NO,-7.199,1.0,0.0,0.0,0.0,0.035,BLOCKED_WINDOW_MAX_POS,0.0
1788869075.7381117,5962896,24.31,NO,-7.3297,1.0,0.0,0.0,0.0,0.035,BLOCKED_WINDOW_MAX_POS,0.0
1788869076.7893727,5962896,23.26,NO,-8.0522,1.0,0.0,0.0,0.0,0.035,BLOCKED_WINDOW_MAX_POS,0.0
1788869077.836957,5962896,22.21,NO,-8.2069,1.0,0.0,0.0,0.0,0.035,BLOCKED_WINDOW_MAX_POS,0.0
1788869078.9036334,5962896,21.15,NO,-7.8576,1.0,0.0,0.0,0.0,0.035,BLOCKED_WINDOW_MAX_POS,0.0
1788869079.9706562,5962896,20.09,NO,-8.2303,1.0,0.0,0.0,0.0,0.035,BLOCKED_WINDOW_MAX_POS,0.0
1788869081.0146956,5962896,19.03,NO,-8.4315,1.0,0.0,0.0,0.0,0.035,BLOCKED_WINDOW_MAX_POS,0.0
1788869082.0787601,5962896,17.98,NO,-9.1276,1.0,0.0,0.0,0.0,0.035,BLOCKED_WINDOW_MAX_POS,0.0
1788869083.13754,5962896,16.91,NO,-9.0987,1.0,0.0,0.0,0.0,0.035,BLOCKED_WINDOW_MAX_POS,0.0
1788869084.1982982,5962896,15.86,NO,-9.322,1.0,0.0,0.0,0.0,0.035,BLOCKED_WINDOW_MAX_POS,0.0
1788869085.257111,5962896,14.79,NO,-9.5666,1.0,0.0,0.0,0.0,0.035,BLOCKED_WINDOW_MAX_POS,0.0
1788869086.3101525,5962896,13.74,NO,-9.8902,1.0,0.0,0.0,0.0,0.035,BLOCKED_WINDOW_MAX_POS,0.0
1788869087.3589497,5962896,12.69,NO,-10.233,1.0,0.0,0.0,0.0,0.035,BLOCKED_WINDOW_MAX_POS,0.0
1788869088.4121964,5962896,11.63,NO,-10.6593,1.0,0.0,0.0,0.0,0.035,BLOCKED_WINDOW_MAX_POS,0.0
1788869089.469213,5962896,10.58,NO,-10.9419,1.0,0.0,0.0,0.0,0.035,BLOCKED_WINDOW_MAX_POS,0.0
1788869090.5204723,5962896,9.52,NO,-11.5056,1.0,0.0,0.0,0.0,0.035,BLOCKED_WINDOW_MAX_POS,0.0
1788869091.5849528,5962896,8.48,NO,-12.168,1.0,0.0,0.0,0.0,0.035,BLOCKED_WINDOW_MAX_POS,0.0
1788869092.6319764,5962896,7.41,NO,-12.9817,1.0,0.0,0.0,0.0,0.035,BLOCKED_WINDOW_MAX_POS,0.0
1788869093.6875954,5962896,6.37,NO,-13.7531,1.0,0.0,0.0,0.0,0.035,BLOCKED_WINDOW_MAX_POS,0.0
1788869094.7479386,5962896,5.3,NO,-15.0582,1.0,0.0,0.0,0.0,0.035,BLOCKED_WINDOW_MAX_POS,0.0
1788869095.8048956,5962896,4.24,NO,-16.8152,1.0,0.0,0.0,0.0,0.035,BLOCKED_WINDOW_MAX_POS,0.0
1788869096.8584046,5962896,3.19,NO,-19.3977,1.0,0.0,0.0,0.0,0.035,BLOCKED_WINDOW_MAX_POS,0.0
1788869097.9222124,5962896,2.14,NO,-23.6565,1.0,0.0,0.0,0.0,0.035,BLOCKED_WINDOW_MAX_POS,0.0
1788869098.9695241,5962896,1.08,NO,-32.9845,1.0,0.0,0.0,0.0,0.035,BLOCKED_WINDOW_MAX_POS,0.0
1788869100.0306711,5962896,1.0,NO,-34.246,1.0,0.0,0.0,0.0,0.035,BLOCKED_WINDOW_MAX_POS,0.0
1788869101.9795394,5962897,298.96,NONE,-0.0259,0.4897,0.0,0.0,0.0,0.0,BLOCKED_NOISE,0.0
1788869103.0347047,5962897,297.01,NONE,-0.0052,0.4979,0.0,0.0,0.0,0.0,BLOCKED_NOISE,0.0
1788869104.120798,5962897,295.96,NONE,0.06,0.5239,0.0,0.0,0.0,0.0,BLOCKED_NOISE,0.0
1788869105.1765096,5962897,294.87,NONE,0.1399,0.5556,0.0,0.0,0.0,0.0,BLOCKED_NOISE,0.0
1788869106.2443173,5962897,293.81,NONE,0.1808,0.5717,0.0,0.0,0.0,0.0,BLOCKED_NOISE,0.0
1788869107.299723,5962897,292.75,NONE,0.2394,0.5946,0.0,0.0,0.0,0.0,BLOCKED_NOISE,0.0
1788869108.3683195,5962897,291.69,NONE,0.2657,0.6048,0.0,0.0,0.0,0.0,BLOCKED_NOISE,0.0
1788869120.0098693,5962897,280.41,NONE,0.1865,0.574,0.0,0.0,0.0,0.0,BLOCKED_NOISE,0.0
1788869121.0591965,5962897,278.99,NONE,0.2127,0.5842,0.0,0.0,0.0,0.0,BLOCKED_NOISE,0.0
1788869122.1105351,5962897,277.94,NONE,0.2133,0.5844,0.0,0.0,0.0,0.0,BLOCKED_NOISE,0.0
1788869123.1685486,5962897,276.88,NONE,0.2138,0.5847,0.0,0.0,0.0,0.0,BLOCKED_NOISE,0.0
1788869124.2257504,5962897,275.82,NONE,0.2144,0.5849,0.0,0.0,0.0,0.0,BLOCKED_NOISE,0.0
1788869125.2840195,5962897,274.76,NONE,0.2181,0.5863,0.0,0.0,0.0,0.0,BLOCKED_NOISE,0.0
1788869126.3407407,5962897,273.71,NONE,0.2725,0.6074,0.0,0.0,0.0,0.0,BLOCKED_NOISE,0.0
1788869127.3988173,5962897,272.65,NONE,0.3069,0.6205,0.0,0.0,0.0,0.0,BLOCKED_NOISE,0.0
1788869128.4508505,5962897,271.6,NONE,0.3439,0.6345,0.0,0.0,0.0,0.0,BLOCKED_NOISE,0.0
1788869129.5148225,5962897,270.54,NONE,0.3721,0.6451,0.0,0.0,0.0,0.0,NO_SIGNAL,0.0
1788869130.575008,5962897,269.47,NONE,0.3997,0.6553,0.0,0.0,0.0,0.0,NO_SIGNAL,0.0
1788869131.6256492,5962897,268.42,NONE,0.426,0.6649,0.0,0.0,0.0,0.0,NO_SIGNAL,0.0
1788869132.6759377,5962897,267.37,NONE,0.4515,0.6742,0.0,0.0,0.0,0.0,NO_SIGNAL,0.0
1788869133.7315443,5962897,266.31,NONE,0.4752,0.6827,0.0,0.0,0.0,0.0,NO_SIGNAL,0.0
1788869134.790408,5962897,265.26,YES,0.5354,0.7038,0.66,0.01,0.0438,0.03,EXECUTED,16.99
1788869135.9065604,5962897,264.19,YES,0.5561,0.7109,0.66,0.0,0.0,0.03,BLOCKED_WINDOW_MAX_POS,0.0
1788869136.9722059,5962897,263.08,YES,0.5751,0.7174,0.66,0.0,0.0,0.03,BLOCKED_WINDOW_MAX_POS,0.0
1788869138.0370154,5962897,262.01,YES,0.7586,0.776,0.71,0.0,0.0,0.035,BLOCKED_WINDOW_MAX_POS,0.0
1788869139.085486,5962897,260.96,YES,0.8237,0.795,0.73,0.0,0.0,0.03,BLOCKED_WINDOW_MAX_POS,0.0
1788869140.134364,5962897,259.91,YES,0.8373,0.7988,0.71,0.0,0.0,0.03,BLOCKED_WINDOW_MAX_POS,0.0
1788869141.18518,5962897,258.86,YES,0.8523,0.803,0.71,0.0,0.0,0.03,BLOCKED_WINDOW_MAX_POS,0.0
1788869142.235141,5962897,257.81,YES,0.8652,0.8065,0.71,0.0,0.0,0.03,BLOCKED_WINDOW_MAX_POS,0.0
1788869143.2955625,5962897,256.76,YES,0.8773,0.8098,0.71,0.0,0.0,0.03,BLOCKED_WINDOW_MAX_POS,0.0
1788869144.344811,5962897,255.7,YES,0.8876,0.8126,0.71,0.0,0.0,0.03,BLOCKED_WINDOW_MAX_POS,0.0
1788869145.398593,5962897,254.65,YES,0.897,0.8151,0.71,0.0,0.0,0.03,BLOCKED_WINDOW_MAX_POS,0.0
1788869146.4530423,5962897,253.6,YES,0.9052,0.8173,0.74,0.0,0.0,0.03,BLOCKED_WINDOW_MAX_POS,0.0
1788869147.508721,5962897,252.54,YES,0.9134,0.8195,0.74,0.0,0.0,0.03,BLOCKED_WINDOW_MAX_POS,0.0
1788869148.5631967,5962897,251.49,YES,0.9013,0.8163,0.72,0.0,0.0,0.03,BLOCKED_WINDOW_MAX_POS,0.0
1788869149.6200564,5962897,250.43,YES,0.9084,0.8182,0.73,0.0,0.0,0.03,BLOCKED_WINDOW_MAX_POS,0.0
1788869150.687707,5962897,249.38,YES,1.183,0.8816,0.78,0.0,0.0,0.03,BLOCKED_WINDOW_MAX_POS,0.0
1788869151.786341,5962897,248.31,YES,1.3079,0.9045,0.82,0.0,0.0,0.03,BLOCKED_WINDOW_MAX_POS,0.0
1788869152.8535676,5962897,247.2,YES,1.3137,0.9055,0.82,0.0,0.0,0.03,BLOCKED_WINDOW_MAX_POS,0.0
1788869153.9052596,5962897,246.15,YES,1.3191,0.9064,0.82,0.0,0.0,0.03,BLOCKED_WINDOW_MAX_POS,0.0
1788869154.9587235,5962897,245.09,YES,1.3241,0.9073,0.82,0.0,0.0,0.03,BLOCKED_WINDOW_MAX_POS,0.0
1788869156.0221395,5962897,244.03,YES,1.3289,0.9081,0.82,0.0,0.0,0.03,BLOCKED_WINDOW_MAX_POS,0.0
1788869157.0889788,5962897,242.97,NONE,0.8089,0.7907,0.0,0.0,0.0,0.0,NO_SIGNAL,0.0
1788869158.1477942,5962897,241.9,YES,0.799,0.7878,0.73,0.0,0.0,0.03,BLOCKED_WINDOW_MAX_POS,0.0
1788869159.2015185,5962897,240.85,YES,0.7924,0.7859,0.73,0.0,0.0,0.03,BLOCKED_WINDOW_MAX_POS,0.0
1788869160.2557845,5962897,239.8,YES,0.7855,0.7839,0.72,0.0,0.0,0.03,BLOCKED_WINDOW_MAX_POS,0.0
1788869161.3200479,5962897,238.73,YES,0.7598,0.7763,0.71,0.0,0.0,0.03,BLOCKED_WINDOW_MAX_POS,0.0
1788869162.4214756,5962897,237.68,YES,0.7609,0.7767,0.74,0.0,0.0,0.035,BLOCKED_WINDOW_MAX_POS,0.0
1788869163.4778433,5962897,236.58,YES,0.7635,0.7774,0.73,0.0,0.0,0.03,BLOCKED_WINDOW_MAX_POS,0.0
1788869164.5464942,5962897,235.51,YES,0.768,0.7788,0.73,0.0,0.0,0.03,BLOCKED_WINDOW_MAX_POS,0.0
1788869165.6301537,5962897,234.44,YES,0.746,0.7722,0.71,0.0,0.0,0.03,BLOCKED_WINDOW_MAX_POS,0.0
1788869166.6839304,5962897,233.37,YES,0.7512,0.7737,0.71,0.0,0.0,0.03,BLOCKED_WINDOW_MAX_POS,0.0
1788869167.787828,5962897,232.3,YES,0.7345,0.7687,0.69,0.0,0.0,0.03,BLOCKED_WINDOW_MAX_POS,0.0
1788869168.8447216,5962897,231.2,YES,0.733,0.7682,0.7,0.0,0.0,0.03,BLOCKED_WINDOW_MAX_POS,0.0
1788869169.9241788,5962897,230.15,YES,0.6148,0.7306,0.7,0.0,0.0,0.03,BLOCKED_WINDOW_MAX_POS,0.0
1788869170.9855974,5962897,229.06,NONE,0.5393,0.7052,0.0,0.0,0.0,0.0,NO_SIGNAL,0.0
1788869172.037803,5962897,228.01,YES,0.5391,0.7051,0.66,0.0,0.0,0.03,BLOCKED_WINDOW_MAX_POS,0.0
1788869173.0938385,5962897,226.96,YES,0.5404,0.7055,0.66,0.0,0.0,0.03,BLOCKED_WINDOW_MAX_POS,0.0
1788869174.1508992,5962897,225.9,NONE,0.546,0.7075,0.0,0.0,0.0,0.0,NO_SIGNAL,0.0
1788869175.2085493,5962897,224.84,NONE,0.6295,0.7355,0.0,0.0,0.0,0.0,NO_SIGNAL,0.0
1788869176.2767982,5962897,223.78,YES,0.6355,0.7374,0.7,0.0,0.0,0.03,BLOCKED_WINDOW_MAX_POS,0.0
1788869177.330213,5962897,222.72,YES,0.6416,0.7394,0.7,0.0,0.0,0.03,BLOCKED_WINDOW_MAX_POS,0.0
1788869178.3800738,5962897,221.67,YES,0.6491,0.7419,0.7,0.0,0.0,0.03,BLOCKED_WINDOW_MAX_POS,0.0
1788869179.4309003,5962897,220.62,YES,0.6518,0.7427,0.7,0.0,0.0,0.03,BLOCKED_WINDOW_MAX_POS,0.0
1788869180.4953759,5962897,219.56,YES,0.6511,0.7425,0.71,0.0,0.0,0.03,BLOCKED_WINDOW_MAX_POS,0.0
1788869181.5587153,5962897,218.49,YES,0.6657,0.7472,0.71,0.0,0.0,0.03,BLOCKED_WINDOW_MAX_POS,0.0
1788869182.6093686,5962897,217.44,YES,0.6687,0.7481,0.71,0.0,0.0,0.03,BLOCKED_WINDOW_MAX_POS,0.0
1788869183.7352254,5962897,216.38,NONE,0.8395,0.7994,0.0,0.0,0.0,0.0,NO_SIGNAL,0.0
1788869184.7865818,5962897,215.26,NONE,0.9525,0.8296,0.0,0.0,0.0,0.0,NO_SIGNAL,0.0
1788869185.8365383,5962897,214.21,YES,1.0744,0.8587,0.82,0.0,0.0,0.03,BLOCKED_WINDOW_MAX_POS,0.0
1788869186.889491,5962897,213.16,YES,1.1747,0.8799,0.82,0.0,0.0,0.03,BLOCKED_WINDOW_MAX_POS,0.0
1788869187.9466484,5962897,212.1,YES,1.2873,0.901,0.82,0.0,0.0,0.03,BLOCKED_WINDOW_MAX_POS,0.0
1788869189.002988,5962897,211.05,YES,1.2821,0.9001,0.82,0.0,0.0,0.03,BLOCKED_WINDOW_MAX_POS,0.0
1788869190.0575814,5962897,209.99,YES,1.2674,0.8975,0.81,0.0,0.0,0.03,BLOCKED_WINDOW_MAX_POS,0.0
1788869191.1093965,5962897,208.94,YES,1.2626,0.8966,0.8,0.0,0.0,0.03,BLOCKED_WINDOW_MAX_POS,0.0
1788869192.1730497,5962897,207.87,YES,1.2168,0.8882,0.79,0.0,0.0,0.03,BLOCKED_WINDOW_MAX_POS,0.0
1788869193.236385,5962897,206.81,YES,1.2145,0.8877,0.79,0.0,0.0,0.03,BLOCKED_WINDOW_MAX_POS,0.0
1788869194.2946463,5962897,205.76,YES,1.2182,0.8884,0.8,0.0,0.0,0.03,BLOCKED_WINDOW_MAX_POS,0.0
1788869195.3491445,5962897,204.7,YES,1.1883,0.8826,0.8,0.0,0.0,0.03,BLOCKED_WINDOW_MAX_POS,0.0
1788869196.4082797,5962897,203.65,YES,1.1785,0.8807,0.8,0.0,0.0,0.03,BLOCKED_WINDOW_MAX_POS,0.0
1788869197.4677792,5962897,202.58,YES,1.4117,0.921,0.87,0.0,0.0,0.03,BLOCKED_WINDOW_MAX_POS,0.0
1788869198.5243154,5962897,201.53,YES,1.4394,0.925,0.87,0.0,0.0,0.03,BLOCKED_WINDOW_MAX_POS,0.0
1788869199.6322498,5962897,200.47,YES,1.453,0.9269,0.85,0.0,0.0,0.03,BLOCKED_WINDOW_MAX_POS,0.0
1788869200.6876702,5962897,199.36,YES,1.4768,0.9301,0.86,0.0,0.0,0.03,BLOCKED_WINDOW_MAX_POS,0.0
1788869201.7558572,5962897,198.3,YES,1.4612,0.928,0.86,0.0,0.0,0.03,BLOCKED_WINDOW_MAX_POS,0.0
1788869202.8028786,5962897,197.24,YES,1.4656,0.9286,0.85,0.0,0.0,0.03,BLOCKED_WINDOW_MAX_POS,0.0
1788869203.8688653,5962897,196.18,YES,1.4682,0.929,0.85,0.0,0.0,0.03,BLOCKED_WINDOW_MAX_POS,0.0
1788869204.9248514,5962897,195.12,YES,1.4752,0.9299,0.85,0.0,0.0,0.03,BLOCKED_WINDOW_MAX_POS,0.0
1788869205.980449,5962897,194.07,YES,1.4773,0.9302,0.85,0.0,0.0,0.03,BLOCKED_WINDOW_MAX_POS,0.0
1788869207.0350883,5962897,193.01,YES,1.4802,0.9306,0.85,0.0,0.0,0.03,BLOCKED_WINDOW_MAX_POS,0.0
1788869208.090479,5962897,191.96,YES,1.4596,0.9278,0.86,0.0,0.0,0.03,BLOCKED_WINDOW_MAX_POS,0.0
1788869209.1438947,5962897,190.91,YES,1.3829,0.9166,0.84,0.0,0.0,0.03,BLOCKED_WINDOW_MAX_POS,0.0
1788869210.2128143,5962897,189.86,YES,1.3684,0.9144,0.84,0.0,0.0,0.03,BLOCKED_WINDOW_MAX_POS,0.0
1788869211.272579,5962897,188.79,YES,1.3877,0.9174,0.85,0.0,0.0,0.03,BLOCKED_WINDOW_MAX_POS,0.0
1788869212.333326,5962897,187.72,YES,1.41,0.9207,0.85,0.0,0.0,0.03,BLOCKED_WINDOW_MAX_POS,0.0
1788869213.3861558,5962897,186.67,YES,1.4261,0.9231,0.85,0.0,0.0,0.03,BLOCKED_WINDOW_MAX_POS,0.0
1788869214.4409425,5962897,185.61,YES,1.4423,0.9254,0.86,0.0,0.0,0.03,BLOCKED_WINDOW_MAX_POS,0.0
1788869215.5723126,5962897,184.55,YES,1.4546,0.9271,0.88,0.0,0.0,0.03,BLOCKED_WINDOW_MAX_POS,0.0
1788869216.6232822,5962897,183.43,YES,1.4804,0.9306,0.88,0.0,0.0,0.03,BLOCKED_WINDOW_MAX_POS,0.0
1788869217.673647,5962897,182.38,YES,1.4946,0.9325,0.88,0.0,0.0,0.03,BLOCKED_WINDOW_MAX_POS,0.0
1788869218.7283056,5962897,181.32,YES,1.5071,0.9341,0.88,0.0,0.0,0.03,BLOCKED_WINDOW_MAX_POS,0.0
1788869219.7878766,5962897,180.27,YES,1.5218,0.936,0.89,0.0,0.0,0.03,BLOCKED_WINDOW_MAX_POS,0.0
1788869220.8511043,5962897,179.21,YES,1.6778,0.9533,0.91,0.0,0.0,0.03,BLOCKED_WINDOW_MAX_POS,0.0
1788869221.9045987,5962897,178.15,YES,1.7041,0.9558,0.89,0.0,0.0,0.03,BLOCKED_WINDOW_MAX_POS,0.0
1788869222.956529,5962897,177.09,YES,1.579,0.9428,0.87,0.0,0.0,0.03,BLOCKED_WINDOW_MAX_POS,0.0
1788869224.010673,5962897,176.04,YES,1.5774,0.9426,0.86,0.0,0.0,0.03,BLOCKED_WINDOW_MAX_POS,0.0
1788869225.0841084,5962897,174.98,YES,1.5893,0.944,0.87,0.0,0.0,0.03,BLOCKED_WINDOW_MAX_POS,0.0
1788869226.1357348,5962897,173.91,YES,1.594,0.9445,0.87,0.0,0.0,0.03,BLOCKED_WINDOW_MAX_POS,0.0
1788869227.274709,5962897,172.85,YES,1.6009,0.9453,0.88,0.0,0.0,0.03,BLOCKED_WINDOW_MAX_POS,0.0
1788869228.3590167,5962897,171.72,YES,1.6064,0.9459,0.88,0.0,0.0,0.03,BLOCKED_WINDOW_MAX_POS,0.0
1788869229.4112227,5962897,170.64,YES,1.5619,0.9408,0.87,0.0,0.0,0.03,BLOCKED_WINDOW_MAX_POS,0.0
1788869230.4636052,5962897,169.59,YES,1.5456,0.9389,0.87,0.0,0.0,0.03,BLOCKED_WINDOW_MAX_POS,0.0
1788869231.5622985,5962897,168.54,YES,1.405,0.92,0.86,0.0,0.0,0.03,BLOCKED_WINDOW_MAX_POS,0.0
1788869232.61091,5962897,167.44,YES,1.4009,0.9194,0.86,0.0,0.0,0.03,BLOCKED_WINDOW_MAX_POS,0.0
1788869233.6627438,5962897,166.39,YES,1.4168,0.9217,0.86,0.0,0.0,0.03,BLOCKED_WINDOW_MAX_POS,0.0
1788869234.744469,5962897,165.32,YES,1.4219,0.9225,0.86,0.0,0.0,0.03,BLOCKED_WINDOW_MAX_POS,0.0
1788869235.8032002,5962897,164.25,YES,1.4272,0.9232,0.87,0.0,0.0,0.03,BLOCKED_WINDOW_MAX_POS,0.0
1788869236.8609622,5962897,163.19,YES,1.4325,0.924,0.87,0.0,0.0,0.03,BLOCKED_WINDOW_MAX_POS,0.0
1788869237.9237604,5962897,162.13,YES,1.4374,0.9247,0.87,0.0,0.0,0.03,BLOCKED_WINDOW_MAX_POS,0.0
1788869238.9908912,5962897,161.06,YES,1.4419,0.9253,0.87,0.0,0.0,0.03,BLOCKED_WINDOW_MAX_POS,0.0
1788869240.0509238,5962897,160.0,YES,1.4533,0.9269,0.87,0.0,0.0,0.03,BLOCKED_WINDOW_MAX_POS,0.0
1788869241.1199062,5962897,158.93,YES,1.4542,0.9271,0.87,0.0,0.0,0.03,BLOCKED_WINDOW_MAX_POS,0.0
1788869242.181796,5962897,157.88,YES,1.4687,0.929,0.87,0.0,0.0,0.03,BLOCKED_WINDOW_MAX_POS,0.0
1788869243.2500284,5962897,156.81,NONE,0.7394,0.7702,0.0,0.0,0.0,0.0,NO_SIGNAL,0.0
1788869244.3061402,5962897,155.75,NONE,0.6947,0.7564,0.0,0.0,0.0,0.0,NO_SIGNAL,0.0
1788869245.3763292,5962897,154.67,YES,0.6875,0.7541,0.71,0.0,0.0,0.03,BLOCKED_WINDOW_MAX_POS,0.0
1788869246.4434214,5962897,153.62,NONE,0.6816,0.7522,0.0,0.0,0.0,0.0,NO_SIGNAL,0.0
1788869247.600338,5962897,152.55,NONE,0.6877,0.7542,0.0,0.0,0.0,0.0,NO_SIGNAL,0.0
1788869248.659574,5962897,151.4,NONE,0.9655,0.8328,0.0,0.0,0.0,0.0,NO_SIGNAL,0.0
1788869249.7132497,5962897,150.33,NONE,0.9554,0.8303,0.0,0.0,0.0,0.0,NO_SIGNAL,0.0
1788869250.8038955,5962897,149.29,NONE,0.9366,0.8255,0.0,0.0,0.0,0.0,NO_SIGNAL,0.0
1788869251.8693273,5962897,148.18,NONE,0.9311,0.8241,0.0,0.0,0.0,0.0,NO_SIGNAL,0.0
1788869252.9271364,5962897,147.12,NONE,0.9267,0.823,0.0,0.0,0.0,0.0,NO_SIGNAL,0.0
1788869253.9905233,5962897,146.07,NONE,0.9743,0.8351,0.0,0.0,0.0,0.0,NO_SIGNAL,0.0
1788869255.0502906,5962897,145.0,NONE,0.9721,0.8345,0.0,0.0,0.0,0.0,NO_SIGNAL,0.0
1788869256.1019971,5962897,143.95,NONE,0.9808,0.8367,0.0,0.0,0.0,0.0,NO_SIGNAL,0.0
1788869257.157633,5962897,142.89,NONE,0.99,0.8389,0.0,0.0,0.0,0.0,NO_SIGNAL,0.0
1788869258.216091,5962897,141.84,NONE,0.9771,0.8358,0.0,0.0,0.0,0.0,NO_SIGNAL,0.0
1788869259.2783248,5962897,140.78,NONE,0.9858,0.8379,0.0,0.0,0.0,0.0,NO_SIGNAL,0.0
1788869260.345761,5962897,139.71,NONE,0.9967,0.8405,0.0,0.0,0.0,0.0,NO_SIGNAL,0.0
1788869261.4040222,5962897,138.64,NONE,1.004,0.8423,0.0,0.0,0.0,0.0,NO_SIGNAL,0.0
1788869262.4565117,5962897,137.59,YES,1.015,0.8449,0.81,0.0,0.0,0.03,BLOCKED_WINDOW_MAX_POS,0.0
1788869263.571071,5962897,136.54,NONE,1.0191,0.8459,0.0,0.0,0.0,0.0,NO_SIGNAL,0.0
1788869264.6414073,5962897,135.41,NONE,1.0288,0.8482,0.0,0.0,0.0,0.0,NO_SIGNAL,0.0
1788869265.6942701,5962897,134.35,NONE,1.1796,0.8809,0.0,0.0,0.0,0.0,NO_SIGNAL,0.0
1788869266.769679,5962897,133.29,NONE,1.1931,0.8836,0.0,0.0,0.0,0.0,NO_SIGNAL,0.0
1788869267.8257642,5962897,132.22,NONE,1.1805,0.8811,0.0,0.0,0.0,0.0,NO_SIGNAL,0.0
1788869268.882427,5962897,131.17,NONE,1.1856,0.8821,0.0,0.0,0.0,0.0,NO_SIGNAL,0.0
1788869269.9400148,5962897,130.12,NONE,1.19,0.883,0.0,0.0,0.0,0.0,NO_SIGNAL,0.0
1788869270.9947748,5962897,129.05,NONE,1.1937,0.8837,0.0,0.0,0.0,0.0,NO_SIGNAL,0.0
1788869272.0506148,5962897,128.0,NONE,1.1987,0.8847,0.0,0.0,0.0,0.0,NO_SIGNAL,0.0
1788869273.1076784,5962897,126.94,NONE,1.3964,0.9187,0.0,0.0,0.0,0.0,NO_SIGNAL,0.0
1788869274.1617622,5962897,125.89,NONE,1.4431,0.9255,0.0,0.0,0.0,0.0,NO_SIGNAL,0.0
1788869275.218021,5962897,124.83,NONE,1.4468,0.926,0.0,0.0,0.0,0.0,NO_SIGNAL,0.0
1788869276.2672358,5962897,123.78,NONE,1.4392,0.9249,0.0,0.0,0.0,0.0,NO_SIGNAL,0.0
1788869277.3190653,5962897,122.73,NONE,1.5147,0.9351,0.0,0.0,0.0,0.0,NO_SIGNAL,0.0
1788869278.3757453,5962897,121.68,NONE,1.5185,0.9356,0.0,0.0,0.0,0.0,NO_SIGNAL,0.0
1788869279.4823365,5962897,120.62,NONE,1.5256,0.9364,0.0,0.0,0.0,0.0,NO_SIGNAL,0.0
1788869280.5345764,5962897,119.52,NONE,1.5364,0.9378,0.0,0.0,0.0,0.0,NO_SIGNAL,0.0
1788869281.5913982,5962897,118.46,NONE,1.5462,0.939,0.0,0.0,0.0,0.0,NO_SIGNAL,0.0
1788869282.6423643,5962897,117.41,NONE,1.5604,0.9407,0.0,0.0,0.0,0.0,NO_SIGNAL,0.0
1788869283.716289,5962897,116.35,NONE,1.5639,0.9411,0.0,0.0,0.0,0.0,NO_SIGNAL,0.0
1788869284.7749846,5962897,115.27,NONE,1.5728,0.9421,0.0,0.0,0.0,0.0,NO_SIGNAL,0.0
1788869285.8377569,5962897,114.21,NONE,1.5835,0.9434,0.0,0.0,0.0,0.0,NO_SIGNAL,0.0
1788869286.8908422,5962897,113.16,NONE,1.588,0.9439,0.0,0.0,0.0,0.0,NO_SIGNAL,0.0
1788869287.9427614,5962897,112.1,NONE,1.742,0.9592,0.0,0.0,0.0,0.0,NO_SIGNAL,0.0
1788869288.9990854,5962897,111.05,NONE,1.7688,0.9615,0.0,0.0,0.0,0.0,NO_SIGNAL,0.0
1788869290.0731711,5962897,110.0,NO,1.0928,0.1373,0.1,0.0,0.0,0.035,BLOCKED_WINDOW_MAX_POS,0.0
1788869291.1385286,5962897,108.91,NONE,1.0957,0.8634,0.0,0.0,0.0,0.0,NO_SIGNAL,0.0
1788869292.199904,5962897,107.85,NO,1.0417,0.1488,0.11,0.0,0.0,0.03,BLOCKED_WINDOW_MAX_POS,0.0
1788869293.2492335,5962897,106.8,NO,1.0258,0.1525,0.11,0.0,0.0,0.03,BLOCKED_WINDOW_MAX_POS,0.0
1788869294.302796,5962897,105.75,NO,1.0125,0.1556,0.1,0.0,0.0,0.03,BLOCKED_WINDOW_MAX_POS,0.0
1788869295.4177122,5962897,104.69,NO,1.0037,0.1578,0.11,0.0,0.0,0.03,BLOCKED_WINDOW_MAX_POS,0.0
1788869296.501496,5962897,103.57,NO,1.0171,0.1545,0.08,0.0,0.0,0.03,BLOCKED_WINDOW_MAX_POS,0.0
1788869297.5593545,5962897,102.49,NO,1.015,0.1551,0.08,0.0,0.0,0.03,BLOCKED_WINDOW_MAX_POS,0.0
1788869298.6106706,5962897,101.44,NO,1.1597,0.1231,0.07,0.0,0.0,0.03,BLOCKED_WINDOW_MAX_POS,0.0
1788869299.668841,5962897,100.39,NO,1.1666,0.1217,0.05,0.0,0.0,0.03,BLOCKED_WINDOW_MAX_POS,0.0
1788869300.7317681,5962897,99.32,NO,1.1942,0.1162,0.07,0.0,0.0,0.03,BLOCKED_WINDOW_MAX_POS,0.0
1788869301.7902136,5962897,98.27,NO,1.1976,0.1155,0.06,0.0,0.0,0.03,BLOCKED_WINDOW_MAX_POS,0.0
1788869302.8406003,5962897,97.21,NO,1.473,0.0704,0.04,0.0,0.0,0.03,BLOCKED_WINDOW_MAX_POS,0.0
1788869303.9053984,5962897,96.15,NONE,1.5363,0.9378,0.0,0.0,0.0,0.0,NO_SIGNAL,0.0
1788869304.9756944,5962897,95.08,NONE,1.5815,0.9431,0.0,0.0,0.0,0.0,NO_SIGNAL,0.0
1788869306.0309634,5962897,94.01,NONE,1.6229,0.9477,0.0,0.0,0.0,0.0,NO_SIGNAL,0.0
1788869307.0822968,5962897,92.97,NONE,1.6588,0.9514,0.0,0.0,0.0,0.0,NO_SIGNAL,0.0
1788869308.1414552,5962897,91.91,NONE,1.7475,0.9597,0.0,0.0,0.0,0.0,NO_SIGNAL,0.0
1788869309.1947575,5962897,90.86,NONE,1.7587,0.9607,0.0,0.0,0.0,0.0,NO_SIGNAL,0.0
1788869310.2592463,5962897,89.8,NONE,1.8154,0.9653,0.0,0.0,0.0,0.0,NO_SIGNAL,0.0
1788869311.3579702,5962897,88.74,NONE,1.8524,0.968,0.0,0.0,0.0,0.0,NO_SIGNAL,0.0
1788869312.4101412,5962897,87.64,NONE,1.8867,0.9704,0.0,0.0,0.0,0.0,NO_SIGNAL,0.0
1788869313.4773655,5962897,86.58,NONE,2.0531,0.98,0.0,0.0,0.0,0.0,NO_SIGNAL,0.0
1788869314.5293422,5962897,85.52,NONE,2.0808,0.9813,0.0,0.0,0.0,0.0,NO_SIGNAL,0.0
1788869315.5816078,5962897,84.47,NONE,2.1107,0.9826,0.0,0.0,0.0,0.0,NO_SIGNAL,0.0
1788869316.6336803,5962897,83.42,NONE,2.1353,0.9836,0.0,0.0,0.0,0.0,NO_SIGNAL,0.0
1788869317.690361,5962897,82.36,NONE,2.1566,0.9845,0.0,0.0,0.0,0.0,NO_SIGNAL,0.0
1788869318.7620132,5962897,81.3,NONE,2.179,0.9853,0.0,0.0,0.0,0.0,NO_SIGNAL,0.0
1788869319.8322098,5962897,80.23,YES,2.2014,0.9861,0.0,0.0,0.0,0.035,BLOCKED_WINDOW_MAX_POS,0.0
1788869320.8877537,5962897,79.17,YES,2.2931,0.9891,0.0,0.0,0.0,0.035,BLOCKED_WINDOW_MAX_POS,0.0
1788869321.9496024,5962897,78.1,YES,2.314,0.9897,0.0,0.0,0.0,0.035,BLOCKED_WINDOW_MAX_POS,0.0
1788869323.013706,5962897,77.04,YES,2.3341,0.9902,0.0,0.0,0.0,0.035,BLOCKED_WINDOW_MAX_POS,0.0
1788869324.064468,5962897,75.98,YES,2.3444,0.9905,0.0,0.0,0.0,0.035,BLOCKED_WINDOW_MAX_POS,0.0
1788869325.2063594,5962897,74.93,YES,2.373,0.9912,0.0,0.0,0.0,0.035,BLOCKED_WINDOW_MAX_POS,0.0
1788869326.2691996,5962897,73.78,YES,2.3989,0.9918,0.0,0.0,0.0,0.035,BLOCKED_WINDOW_MAX_POS,0.0
1788869327.361534,5962897,72.73,YES,2.4227,0.9923,0.0,0.0,0.0,0.035,BLOCKED_WINDOW_MAX_POS,0.0
1788869328.4163756,5962897,71.64,YES,2.4431,0.9927,0.0,0.0,0.0,0.035,BLOCKED_WINDOW_MAX_POS,0.0
1788869329.4760976,5962897,70.57,YES,2.4557,0.993,0.0,0.0,0.0,0.035,BLOCKED_WINDOW_MAX_POS,0.0
1788869330.546718,5962897,69.5,YES,2.5891,0.9952,0.0,0.0,0.0,0.035,BLOCKED_WINDOW_MAX_POS,0.0
1788869331.606912,5962897,68.44,YES,2.6095,0.9955,0.0,0.0,0.0,0.035,BLOCKED_WINDOW_MAX_POS,0.0
1788869332.667811,5962897,67.38,YES,2.6248,0.9957,0.0,0.0,0.0,0.035,BLOCKED_WINDOW_MAX_POS,0.0
1788869333.7197673,5962897,66.33,YES,2.3737,0.9912,0.0,0.0,0.0,0.035,BLOCKED_WINDOW_MAX_POS,0.0
1788869334.77639,5962897,65.27,YES,2.1068,0.9824,0.0,0.0,0.0,0.035,BLOCKED_WINDOW_MAX_POS,0.0
1788869335.837235,5962897,64.22,YES,2.0978,0.982,0.0,0.0,0.0,0.035,BLOCKED_WINDOW_MAX_POS,0.0
1788869336.8941672,5962897,63.15,YES,2.1084,0.9825,0.0,0.0,0.0,0.035,BLOCKED_WINDOW_MAX_POS,0.0
1788869337.9451964,5962897,62.1,YES,2.1081,0.9825,0.0,0.0,0.0,0.035,BLOCKED_WINDOW_MAX_POS,0.0
1788869339.0101428,5962897,61.04,YES,2.1209,0.983,0.0,0.0,0.0,0.035,BLOCKED_WINDOW_MAX_POS,0.0
1788869340.065092,5962897,59.98,YES,2.1323,0.9835,0.0,0.0,0.0,0.035,BLOCKED_WINDOW_MAX_POS,0.0
1788869341.1243782,5962897,58.93,YES,2.4288,0.9924,0.0,0.0,0.0,0.035,BLOCKED_WINDOW_MAX_POS,0.0
1788869342.1826112,5962897,57.86,YES,2.6063,0.9954,0.0,0.0,0.0,0.035,BLOCKED_WINDOW_MAX_POS,0.0
1788869343.333762,5962897,56.81,YES,2.6052,0.9954,0.0,0.0,0.0,0.035,BLOCKED_WINDOW_MAX_POS,0.0
1788869344.3979812,5962897,55.65,YES,2.6295,0.9957,0.0,0.0,0.0,0.035,BLOCKED_WINDOW_MAX_POS,0.0
1788869345.4542239,5962897,54.6,YES,2.7002,0.9965,0.0,0.0,0.0,0.035,BLOCKED_WINDOW_MAX_POS,0.0
1788869346.5110986,5962897,53.54,YES,2.7165,0.9967,0.0,0.0,0.0,0.035,BLOCKED_WINDOW_MAX_POS,0.0
1788869347.5653374,5962897,52.48,YES,2.9612,0.9985,0.0,0.0,0.0,0.035,BLOCKED_WINDOW_MAX_POS,0.0
1788869348.6206377,5962897,51.43,YES,2.2952,0.9891,0.0,0.0,0.0,0.035,BLOCKED_WINDOW_MAX_POS,0.0
1788869349.6750839,5962897,50.38,YES,2.4898,0.9936,0.0,0.0,0.0,0.035,BLOCKED_WINDOW_MAX_POS,0.0
1788869350.733603,5962897,49.32,YES,2.5355,0.9944,0.0,0.0,0.0,0.035,BLOCKED_WINDOW_MAX_POS,0.0
1788869351.7916086,5962897,48.25,YES,2.5665,0.9949,0.0,0.0,0.0,0.035,BLOCKED_WINDOW_MAX_POS,0.0
1788869352.8629253,5962897,47.21,YES,2.6007,0.9953,0.0,0.0,0.0,0.035,BLOCKED_WINDOW_MAX_POS,0.0
1788869353.9177272,5962897,46.13,YES,2.6442,0.9959,0.0,0.0,0.0,0.035,BLOCKED_WINDOW_MAX_POS,0.0
1788869354.9700887,5962897,45.08,YES,2.6863,0.9964,0.0,0.0,0.0,0.035,BLOCKED_WINDOW_MAX_POS,0.0
1788869356.0274274,5962897,44.03,YES,2.7264,0.9968,0.0,0.0,0.0,0.035,BLOCKED_WINDOW_MAX_POS,0.0
1788869357.0871677,5962897,42.96,YES,2.7752,0.9972,0.0,0.0,0.0,0.035,BLOCKED_WINDOW_MAX_POS,0.0
1788869358.1532555,5962897,41.9,YES,2.8415,0.9978,0.0,0.0,0.0,0.035,BLOCKED_WINDOW_MAX_POS,0.0
1788869359.205587,5962897,40.84,YES,3.1176,0.9991,0.0,0.0,0.0,0.035,BLOCKED_WINDOW_MAX_POS,0.0
1788869360.2597919,5962897,39.79,YES,3.1635,0.9992,0.0,0.0,0.0,0.035,BLOCKED_WINDOW_MAX_POS,0.0
1788869361.3239937,5962897,38.73,YES,3.2114,0.9993,0.0,0.0,0.0,0.035,BLOCKED_WINDOW_MAX_POS,0.0
1788869362.3785357,5962897,37.67,YES,3.2601,0.9994,0.0,0.0,0.0,0.035,BLOCKED_WINDOW_MAX_POS,0.0
1788869363.4336188,5962897,36.61,YES,3.3106,0.9995,0.0,0.0,0.0,0.035,BLOCKED_WINDOW_MAX_POS,0.0
1788869364.4978502,5962897,35.55,YES,3.3717,0.9996,0.0,0.0,0.0,0.035,BLOCKED_WINDOW_MAX_POS,0.0
1788869365.5562866,5962897,34.49,YES,3.4261,0.9997,0.0,0.0,0.0,0.035,BLOCKED_WINDOW_MAX_POS,0.0
1788869366.6134267,5962897,33.44,YES,3.483,0.9998,0.0,0.0,0.0,0.035,BLOCKED_WINDOW_MAX_POS,0.0
1788869367.6796665,5962897,32.38,YES,3.5414,0.9998,0.0,0.0,0.0,0.035,BLOCKED_WINDOW_MAX_POS,0.0
1788869368.7406209,5962897,31.31,YES,3.6032,0.9998,0.0,0.0,0.0,0.035,BLOCKED_WINDOW_MAX_POS,0.0
1788869369.7977738,5962897,30.25,YES,3.659,0.9999,0.0,0.0,0.0,0.035,BLOCKED_WINDOW_MAX_POS,0.0
1788869370.8521929,5962897,29.2,YES,3.725,0.9999,0.0,0.0,0.0,0.035,BLOCKED_WINDOW_MAX_POS,0.0
1788869371.9117708,5962897,28.14,YES,3.7894,0.9999,0.0,0.0,0.0,0.035,BLOCKED_WINDOW_MAX_POS,0.0
1788869372.9615498,5962897,27.09,YES,3.8597,0.9999,0.0,0.0,0.0,0.035,BLOCKED_WINDOW_MAX_POS,0.0
1788869374.013241,5962897,26.03,YES,3.9436,1.0,0.0,0.0,0.0,0.035,BLOCKED_WINDOW_MAX_POS,0.0
1788869375.0617352,5962897,24.98,YES,4.0278,1.0,0.0,0.0,0.0,0.035,BLOCKED_WINDOW_MAX_POS,0.0
1788869376.115778,5962897,23.93,YES,4.1119,1.0,0.0,0.0,0.0,0.035,BLOCKED_WINDOW_MAX_POS,0.0
1788869377.2038043,5962897,22.88,YES,4.2067,1.0,0.0,0.0,0.0,0.035,BLOCKED_WINDOW_MAX_POS,0.0
1788869378.279733,5962897,21.78,YES,4.3077,1.0,0.0,0.0,0.0,0.035,BLOCKED_WINDOW_MAX_POS,0.0
1788869379.3794851,5962897,20.7,YES,4.5892,1.0,0.0,0.0,0.0,0.035,BLOCKED_WINDOW_MAX_POS,0.0
1788869380.4336925,5962897,19.62,YES,5.0767,1.0,0.0,0.0,0.0,0.035,BLOCKED_WINDOW_MAX_POS,0.0
1788869381.4820938,5962897,18.56,YES,5.2011,1.0,0.0,0.0,0.0,0.035,BLOCKED_WINDOW_MAX_POS,0.0
1788869382.537731,5962897,17.51,YES,5.3519,1.0,0.0,0.0,0.0,0.035,BLOCKED_WINDOW_MAX_POS,0.0
1788869383.5918326,5962897,16.46,YES,5.5183,1.0,0.0,0.0,0.0,0.035,BLOCKED_WINDOW_MAX_POS,0.0
1788869384.6535866,5962897,15.4,YES,6.0647,1.0,0.0,0.0,0.0,0.035,BLOCKED_WINDOW_MAX_POS,0.0
1788869385.7195516,5962897,14.35,YES,6.6569,1.0,0.0,0.0,0.0,0.035,BLOCKED_WINDOW_MAX_POS,0.0
1788869386.7739859,5962897,13.28,YES,7.2156,1.0,0.0,0.0,0.0,0.035,BLOCKED_WINDOW_MAX_POS,0.0
1788869387.836394,5962897,12.21,YES,7.5669,1.0,0.0,0.0,0.0,0.035,BLOCKED_WINDOW_MAX_POS,0.0
1788869388.8897512,5962897,11.15,YES,7.9596,1.0,0.0,0.0,0.0,0.035,BLOCKED_WINDOW_MAX_POS,0.0
1788869394.978193,5962897,5.49,YES,5.5513,1.0,0.0,0.0,0.0,0.035,BLOCKED_WINDOW_MAX_POS,0.0
1788869396.044496,5962897,4.01,YES,6.4715,1.0,0.0,0.0,0.0,0.035,BLOCKED_WINDOW_MAX_POS,0.0
1788869397.0988684,5962897,2.95,YES,7.5324,1.0,0.0,0.0,0.0,0.035,BLOCKED_WINDOW_MAX_POS,0.0
1788869398.162225,5962897,1.9,YES,9.3147,1.0,0.0,0.0,0.0,0.035,BLOCKED_WINDOW_MAX_POS,0.0
1788869399.2249787,5962897,1.0,YES,13.3121,1.0,0.0,0.0,0.0,0.035,BLOCKED_WINDOW_MAX_POS,0.0
1788869401.1128585,5962898,299.76,NONE,0.1249,0.5497,0.0,0.0,0.0,0.0,BLOCKED_NOISE,0.0
1788869402.1701813,5962898,297.88,NONE,0.1326,0.5527,0.0,0.0,0.0,0.0,BLOCKED_NOISE,0.0
1788869403.221877,5962898,296.83,NONE,0.1375,0.5547,0.0,0.0,0.0,0.0,BLOCKED_NOISE,0.0
1788869404.27253,5962898,295.78,NONE,0.1408,0.556,0.0,0.0,0.0,0.0,BLOCKED_NOISE,0.0
1788869405.3295135,5962898,294.72,NONE,0.1446,0.5575,0.0,0.0,0.0,0.0,BLOCKED_NOISE,0.0
1788869406.3999116,5962898,293.66,NONE,0.1483,0.5589,0.0,0.0,0.0,0.0,BLOCKED_NOISE,0.0
1788869407.4732754,5962898,292.59,NONE,0.153,0.5608,0.0,0.0,0.0,0.0,BLOCKED_NOISE,0.0
1788869408.5412216,5962898,291.51,NONE,0.2096,0.583,0.0,0.0,0.0,0.0,BLOCKED_NOISE,0.0
1788869409.598269,5962898,290.45,NONE,0.2068,0.5819,0.0,0.0,0.0,0.0,BLOCKED_NOISE,0.0
1788869410.6525617,5962898,289.4,NONE,0.2124,0.5841,0.0,0.0,0.0,0.0,BLOCKED_NOISE,0.0
1788869411.7099352,5962898,288.34,NONE,0.2699,0.6064,0.0,0.0,0.0,0.0,BLOCKED_NOISE,0.0
1788869412.7637885,5962898,287.29,NONE,0.2721,0.6072,0.0,0.0,0.0,0.0,BLOCKED_NOISE,0.0
1788869413.824854,5962898,286.22,NONE,0.2764,0.6089,0.0,0.0,0.0,0.0,BLOCKED_NOISE,0.0
1788869414.8955033,5962898,285.16,NONE,0.2778,0.6094,0.0,0.0,0.0,0.0,BLOCKED_NOISE,0.0
1788869415.9579682,5962898,284.09,NONE,0.2813,0.6108,0.0,0.0,0.0,0.0,BLOCKED_NOISE,0.0
1788869417.0768266,5962898,283.03,NONE,0.2845,0.612,0.0,0.0,0.0,0.0,BLOCKED_NOISE,0.0
1788869418.1356602,5962898,281.91,NONE,0.282,0.611,0.0,0.0,0.0,0.0,BLOCKED_NOISE,0.0
1788869419.1942868,5962898,280.86,NONE,0.2842,0.6119,0.0,0.0,0.0,0.0,BLOCKED_NOISE,0.0
1788869420.25041,5962898,279.8,NONE,0.2859,0.6125,0.0,0.0,0.0,0.0,BLOCKED_NOISE,0.0
1788869421.3088498,5962898,278.74,NO,0.3736,0.3544,0.23,0.01,0.1244,0.03,EXECUTED,20.62
1788869422.371828,5962898,277.68,NO,0.3763,0.3534,0.22,0.0,0.0,0.03,BLOCKED_WINDOW_MAX_POS,0.0
1788869423.423076,5962898,276.63,NO,0.3783,0.3526,0.24,0.0,0.0,0.03,BLOCKED_WINDOW_MAX_POS,0.0
1788869424.4759355,5962898,275.57,NONE,0.3359,0.6315,0.0,0.0,0.0,0.0,BLOCKED_NOISE,0.0
1788869425.533238,5962898,274.51,NONE,0.337,0.6319,0.0,0.0,0.0,0.0,BLOCKED_NOISE,0.0
1788869426.5974917,5962898,273.45,NONE,0.3365,0.6317,0.0,0.0,0.0,0.0,BLOCKED_NOISE,0.0
1788869427.648308,5962898,272.4,NONE,0.3341,0.6309,0.0,0.0,0.0,0.0,BLOCKED_NOISE,0.0
1788869428.7045183,5962898,271.35,NONE,0.3407,0.6333,0.0,0.0,0.0,0.0,BLOCKED_NOISE,0.0
1788869429.761152,5962898,270.29,NONE,0.2199,0.587,0.0,0.0,0.0,0.0,BLOCKED_NOISE,0.0
1788869430.8170166,5962898,269.23,NONE,0.2059,0.5816,0.0,0.0,0.0,0.0,BLOCKED_NOISE,0.0
1788869431.8784435,5962898,268.17,NONE,0.1941,0.577,0.0,0.0,0.0,0.0,BLOCKED_NOISE,0.0
1788869432.9814887,5962898,267.12,NONE,0.1102,0.5439,0.0,0.0,0.0,0.0,BLOCKED_NOISE,0.0
1788869434.0382984,5962898,266.01,NONE,0.1029,0.541,0.0,0.0,0.0,0.0,BLOCKED_NOISE,0.0
1788869435.0906198,5962898,264.96,NONE,0.1004,0.54,0.0,0.0,0.0,0.0,BLOCKED_NOISE,0.0
1788869436.147394,5962898,263.9,NONE,0.0976,0.5389,0.0,0.0,0.0,0.0,BLOCKED_NOISE,0.0
1788869437.204057,5962898,262.85,NONE,0.0979,0.539,0.0,0.0,0.0,0.0,BLOCKED_NOISE,0.0
1788869438.2674966,5962898,261.79,NONE,0.0799,0.5318,0.0,0.0,0.0,0.0,BLOCKED_NOISE,0.0
1788869439.3346524,5962898,260.72,NONE,0.0825,0.5329,0.0,0.0,0.0,0.0,BLOCKED_NOISE,0.0
1788869440.4031231,5962898,259.65,NONE,0.0814,0.5324,0.0,0.0,0.0,0.0,BLOCKED_NOISE,0.0
1788869441.4637527,5962898,258.58,NONE,0.0829,0.533,0.0,0.0,0.0,0.0,BLOCKED_NOISE,0.0
1788869442.53301,5962898,257.53,NONE,0.053,0.5211,0.0,0.0,0.0,0.0,BLOCKED_NOISE,0.0
1788869443.58148,5962898,256.47,NONE,0.0625,0.5249,0.0,0.0,0.0,0.0,BLOCKED_NOISE,0.0
1788869444.6404243,5962898,255.41,NONE,0.0636,0.5254,0.0,0.0,0.0,0.0,BLOCKED_NOISE,0.0
1788869445.6993,5962898,254.35,NONE,0.0634,0.5253,0.0,0.0,0.0,0.0,BLOCKED_NOISE,0.0
1788869446.7753093,5962898,253.29,NO,-0.4848,0.6861,0.41,0.0,0.0,0.04,BLOCKED_WINDOW_MAX_POS,0.0
1788869447.8447132,5962898,252.21,NO,-0.5302,0.702,0.46,0.0,0.0,0.03,BLOCKED_WINDOW_MAX_POS,0.0
1788869448.9525099,5962898,251.14,NO,-0.5237,0.6998,0.45,0.0,0.0,0.03,BLOCKED_WINDOW_MAX_POS,0.0
1788869450.0045063,5962898,250.04,NO,-0.5179,0.6977,0.46,0.0,0.0,0.03,BLOCKED_WINDOW_MAX_POS,0.0
1788869451.0530946,5962898,248.99,NO,-0.5121,0.6957,0.46,0.0,0.0,0.03,BLOCKED_WINDOW_MAX_POS,0.0
1788869452.10269,5962898,247.94,NO,-0.5129,0.696,0.47,0.0,0.0,0.03,BLOCKED_WINDOW_MAX_POS,0.0
1788869453.160616,5962898,246.9,NO,-0.5139,0.6963,0.48,0.0,0.0,0.03,BLOCKED_WINDOW_MAX_POS,0.0
1788869454.216677,5962898,245.83,NO,-0.5073,0.694,0.49,0.0,0.0,0.03,BLOCKED_WINDOW_MAX_POS,0.0
1788869455.2907195,5962898,244.77,NO,-0.5513,0.7093,0.52,0.0,0.0,0.03,BLOCKED_WINDOW_MAX_POS,0.0
1788869456.351893,5962898,243.7,NO,-0.551,0.7092,0.52,0.0,0.0,0.03,BLOCKED_WINDOW_MAX_POS,0.0
1788869457.4199145,5962898,242.63,NO,-0.4969,0.6904,0.52,0.0,0.0,0.03,BLOCKED_WINDOW_MAX_POS,0.0
1788869458.482749,5962898,241.58,NO,-0.4979,0.6907,0.53,0.0,0.0,0.03,BLOCKED_WINDOW_MAX_POS,0.0
1788869459.552722,5962898,240.51,NO,-0.4986,0.691,0.53,0.0,0.0,0.03,BLOCKED_WINDOW_MAX_POS,0.0
1788869460.6064448,5962898,239.44,NO,-0.4988,0.691,0.53,0.0,0.0,0.03,BLOCKED_WINDOW_MAX_POS,0.0
1788869461.6717582,5962898,238.38,NO,-0.4978,0.6907,0.53,0.0,0.0,0.03,BLOCKED_WINDOW_MAX_POS,0.0
1788869462.72505,5962898,237.33,NO,-0.4979,0.6907,0.47,0.0,0.0,0.03,BLOCKED_WINDOW_MAX_POS,0.0
1788869463.8810253,5962898,236.27,NO,-0.4989,0.6911,0.47,0.0,0.0,0.03,BLOCKED_WINDOW_MAX_POS,0.0
1788869464.9462411,5962898,235.12,NO,-0.5445,0.707,0.57,0.0,0.0,0.03,BLOCKED_WINDOW_MAX_POS,0.0
1788869466.011982,5962898,234.04,NO,-0.5456,0.7073,0.56,0.0,0.0,0.03,BLOCKED_WINDOW_MAX_POS,0.0
1788869467.0670252,5962898,232.98,NO,-0.5464,0.7076,0.56,0.0,0.0,0.03,BLOCKED_WINDOW_MAX_POS,0.0
1788869468.1298943,5962898,231.93,NO,-0.5904,0.7226,0.57,0.0,0.0,0.03,BLOCKED_WINDOW_MAX_POS,0.0
1788869469.1999693,5962898,230.86,NO,-0.7055,0.7598,0.64,0.0,0.0,0.03,BLOCKED_WINDOW_MAX_POS,0.0
1788869470.2597418,5962898,229.8,NO,-0.9165,0.8203,0.72,0.0,0.0,0.03,BLOCKED_WINDOW_MAX_POS,0.0
1788869471.3240063,5962898,228.73,NO,-0.9195,0.8211,0.71,0.0,0.0,0.03,BLOCKED_WINDOW_MAX_POS,0.0
1788869472.3805177,5962898,227.67,NO,-0.9154,0.82,0.71,0.0,0.0,0.03,BLOCKED_WINDOW_MAX_POS,0.0
1788869473.4364622,5962898,226.61,NO,-0.9139,0.8196,0.71,0.0,0.0,0.03,BLOCKED_WINDOW_MAX_POS,0.0
1788869474.495272,5962898,225.56,NO,-0.913,0.8194,0.72,0.0,0.0,0.03,BLOCKED_WINDOW_MAX_POS,0.0
1788869475.5544941,5962898,224.5,NO,-1.0283,0.8481,0.72,0.0,0.0,0.03,BLOCKED_WINDOW_MAX_POS,0.0
1788869476.6254337,5962898,223.44,NO,-1.0377,0.8503,0.78,0.0,0.0,0.03,BLOCKED_WINDOW_MAX_POS,0.0
1788869477.6907518,5962898,222.36,NO,-1.0512,0.8534,0.81,0.0,0.0,0.03,BLOCKED_WINDOW_MAX_POS,0.0
1788869478.7454476,5962898,221.3,NO,-1.0469,0.8524,0.8,0.0,0.0,0.03,BLOCKED_WINDOW_MAX_POS,0.0
1788869479.8074758,5962898,220.25,NO,-1.0299,0.8485,0.8,0.0,0.0,0.03,BLOCKED_WINDOW_MAX_POS,0.0
1788869480.9123023,5962898,219.19,NO,-1.136,0.872,0.81,0.0,0.0,0.03,BLOCKED_WINDOW_MAX_POS,0.0
1788869481.9693913,5962898,218.08,NO,-1.1442,0.8737,0.8,0.0,0.0,0.03,BLOCKED_WINDOW_MAX_POS,0.0
1788869483.029677,5962898,217.03,NO,-1.1446,0.8738,0.8,0.0,0.0,0.03,BLOCKED_WINDOW_MAX_POS,0.0
1788869484.1142266,5962898,215.95,NO,-1.173,0.8796,0.79,0.0,0.0,0.03,BLOCKED_WINDOW_MAX_POS,0.0
1788869485.1965244,5962898,214.87,NO,-1.161,0.8772,0.79,0.0,0.0,0.03,BLOCKED_WINDOW_MAX_POS,0.0
1788869486.2542555,5962898,213.79,NO,-1.1634,0.8777,0.8,0.0,0.0,0.03,BLOCKED_WINDOW_MAX_POS,0.0
1788869487.3172781,5962898,212.73,NO,-1.1559,0.8761,0.8,0.0,0.0,0.03,BLOCKED_WINDOW_MAX_POS,0.0
1788869488.372568,5962898,211.68,NO,-1.1404,0.8729,0.8,0.0,0.0,0.03,BLOCKED_WINDOW_MAX_POS,0.0
1788869489.4310954,5962898,210.62,NO,-1.1408,0.873,0.8,0.0,0.0,0.03,BLOCKED_WINDOW_MAX_POS,0.0
1788869490.4920805,5962898,209.56,NO,-1.1427,0.8734,0.8,0.0,0.0,0.03,BLOCKED_WINDOW_MAX_POS,0.0
1788869491.5638797,5962898,208.49,NO,-1.1316,0.8711,0.81,0.0,0.0,0.03,BLOCKED_WINDOW_MAX_POS,0.0
1788869492.6201322,5962898,207.43,NO,-1.139,0.8726,0.81,0.0,0.0,0.03,BLOCKED_WINDOW_MAX_POS,0.0
1788869493.6727104,5962898,206.38,NO,-1.1407,0.873,0.81,0.0,0.0,0.03,BLOCKED_WINDOW_MAX_POS,0.0
1788869494.7398107,5962898,205.31,NO,-1.1346,0.8717,0.81,0.0,0.0,0.03,BLOCKED_WINDOW_MAX_POS,0.0
1788869495.7992496,5962898,204.25,NO,-1.1366,0.8722,0.81,0.0,0.0,0.03,BLOCKED_WINDOW_MAX_POS,0.0
1788869496.9312525,5962898,203.2,NO,-1.1383,0.8725,0.81,0.0,0.0,0.03,BLOCKED_WINDOW_MAX_POS,0.0
1788869497.9927561,5962898,202.06,NO,-1.136,0.872,0.81,0.0,0.0,0.03,BLOCKED_WINDOW_MAX_POS,0.0
1788869499.0599067,5962898,201.01,NO,-1.1261,0.8699,0.81,0.0,0.0,0.03,BLOCKED_WINDOW_MAX_POS,0.0
1788869500.1215017,5962898,199.94,NO,-1.1219,0.8691,0.81,0.0,0.0,0.03,BLOCKED_WINDOW_MAX_POS,0.0
1788869501.2172644,5962898,198.87,NO,-1.066,0.8568,0.81,0.0,0.0,0.03,BLOCKED_WINDOW_MAX_POS,0.0
1788869502.274539,5962898,197.78,NO,-0.9399,0.8264,0.79,0.0,0.0,0.03,BLOCKED_WINDOW_MAX_POS,0.0
1788869503.3308816,5962898,196.72,NONE,-0.9448,0.1724,0.0,0.0,0.0,0.0,NO_SIGNAL,0.0
1788869504.4091196,5962898,195.66,NONE,-0.945,0.1723,0.0,0.0,0.0,0.0,NO_SIGNAL,0.0
1788869505.4922776,5962898,194.59,NONE,-0.9267,0.177,0.0,0.0,0.0,0.0,NO_SIGNAL,0.0
1788869506.5476892,5962898,193.5,NONE,-0.9412,0.1733,0.0,0.0,0.0,0.0,NO_SIGNAL,0.0
1788869507.6098528,5962898,192.45,NO,-0.9673,0.8333,0.8,0.0,0.0,0.03,BLOCKED_WINDOW_MAX_POS,0.0
1788869508.6812627,5962898,191.39,NO,-0.9906,0.8391,0.8,0.0,0.0,0.03,BLOCKED_WINDOW_MAX_POS,0.0
1788869509.7480125,5962898,190.31,NO,-1.0145,0.8448,0.8,0.0,0.0,0.03,BLOCKED_WINDOW_MAX_POS,0.0
1788869510.8074915,5962898,189.25,NO,-1.0326,0.8491,0.8,0.0,0.0,0.03,BLOCKED_WINDOW_MAX_POS,0.0
1788869511.8797653,5962898,188.19,NO,-1.0246,0.8472,0.8,0.0,0.0,0.03,BLOCKED_WINDOW_MAX_POS,0.0
1788869512.9466023,5962898,187.11,NO,-1.0511,0.8534,0.8,0.0,0.0,0.03,BLOCKED_WINDOW_MAX_POS,0.0
1788869514.0087714,5962898,186.04,NO,-1.0652,0.8566,0.8,0.0,0.0,0.03,BLOCKED_WINDOW_MAX_POS,0.0
1788869515.0761156,5962898,184.98,NO,-1.0785,0.8596,0.8,0.0,0.0,0.03,BLOCKED_WINDOW_MAX_POS,0.0
1788869516.1479027,5962898,183.92,NO,-1.0898,0.8621,0.81,0.0,0.0,0.03,BLOCKED_WINDOW_MAX_POS,0.0
1788869517.207695,5962898,182.84,NO,-1.1025,0.8649,0.82,0.0,0.0,0.03,BLOCKED_WINDOW_MAX_POS,0.0
1788869518.2723782,5962898,181.78,NO,-1.1137,0.8673,0.82,0.0,0.0,0.03,BLOCKED_WINDOW_MAX_POS,0.0
1788869519.3291636,5962898,180.72,NO,-1.1225,0.8692,0.82,0.0,0.0,0.03,BLOCKED_WINDOW_MAX_POS,0.0
1788869520.3844635,5962898,179.67,NO,-1.1299,0.8707,0.82,0.0,0.0,0.03,BLOCKED_WINDOW_MAX_POS,0.0
1788869521.4450443,5962898,178.61,NO,-1.1358,0.872,0.82,0.0,0.0,0.03,BLOCKED_WINDOW_MAX_POS,0.0
1788869522.5110898,5962898,177.54,NO,-1.1423,0.8733,0.82,0.0,0.0,0.03,BLOCKED_WINDOW_MAX_POS,0.0
1788869523.5691466,5962898,176.48,NO,-1.1568,0.8763,0.83,0.0,0.0,0.03,BLOCKED_WINDOW_MAX_POS,0.0
1788869524.6513317,5962898,175.42,NO,-1.1625,0.8775,0.83,0.0,0.0,0.03,BLOCKED_WINDOW_MAX_POS,0.0
1788869525.70353,5962898,174.35,NO,-1.2812,0.8999,0.83,0.0,0.0,0.03,BLOCKED_WINDOW_MAX_POS,0.0
1788869526.766486,5962898,173.29,NO,-1.2872,0.901,0.82,0.0,0.0,0.03,BLOCKED_WINDOW_MAX_POS,0.0
1788869527.8413253,5962898,172.23,NO,-1.2924,0.9019,0.82,0.0,0.0,0.03,BLOCKED_WINDOW_MAX_POS,0.0
1788869528.9006798,5962898,171.15,NO,-1.3018,0.9035,0.85,0.0,0.0,0.03,BLOCKED_WINDOW_MAX_POS,0.0
1788869529.963727,5962898,170.09,NO,-1.3099,0.9049,0.85,0.0,0.0,0.03,BLOCKED_WINDOW_MAX_POS,0.0
1788869531.0209324,5962898,169.03,NO,-1.3576,0.9127,0.86,0.0,0.0,0.03,BLOCKED_WINDOW_MAX_POS,0.0
1788869532.0779757,5962898,167.97,NO,-1.4467,0.926,0.86,0.0,0.0,0.03,BLOCKED_WINDOW_MAX_POS,0.0
1788869533.1364408,5962898,166.92,NO,-1.4501,0.9265,0.87,0.0,0.0,0.03,BLOCKED_WINDOW_MAX_POS,0.0
1788869534.1909094,5962898,165.86,NO,-1.4547,0.9271,0.88,0.0,0.0,0.03,BLOCKED_WINDOW_MAX_POS,0.0
1788869535.254457,5962898,164.8,NO,-1.4591,0.9277,0.88,0.0,0.0,0.03,BLOCKED_WINDOW_MAX_POS,0.0
1788869536.3139458,5962898,163.73,NO,-1.5162,0.9353,0.88,0.0,0.0,0.03,BLOCKED_WINDOW_MAX_POS,0.0
1788869537.372106,5962898,162.68,NO,-1.8659,0.969,0.92,0.0,0.0,0.03,BLOCKED_WINDOW_MAX_POS,0.0
1788869538.4265907,5962898,161.63,NO,-1.9002,0.9713,0.91,0.0,0.0,0.03,BLOCKED_WINDOW_MAX_POS,0.0
1788869539.5250278,5962898,160.57,NO,-1.8896,0.9706,0.91,0.0,0.0,0.03,BLOCKED_WINDOW_MAX_POS,0.0
1788869540.5865316,5962898,159.46,NO,-1.895,0.971,0.92,0.0,0.0,0.03,BLOCKED_WINDOW_MAX_POS,0.0
1788869541.69432,5962898,158.41,NO,-1.9704,0.9756,0.94,0.0,0.0,0.03,BLOCKED_WINDOW_MAX_POS,0.0
1788869542.7538698,5962898,157.3,NO,-1.9984,0.9772,0.94,0.0,0.0,0.03,BLOCKED_WINDOW_MAX_POS,0.0
1788869543.8846142,5962898,156.24,NO,-2.0048,0.9775,0.94,0.0,0.0,0.03,BLOCKED_WINDOW_MAX_POS,0.0
1788869544.9630845,5962898,155.11,NO,-2.0109,0.9778,0.93,0.0,0.0,0.03,BLOCKED_WINDOW_MAX_POS,0.0
1788869546.0422468,5962898,154.03,NO,-2.0167,0.9781,0.92,0.0,0.0,0.03,BLOCKED_WINDOW_MAX_POS,0.0
1788869547.1023238,5962898,152.95,NO,-1.924,0.9728,0.91,0.0,0.0,0.03,BLOCKED_WINDOW_MAX_POS,0.0
1788869548.1583974,5962898,151.89,NO,-1.9047,0.9716,0.91,0.0,0.0,0.03,BLOCKED_WINDOW_MAX_POS,0.0
1788869549.2182865,5962898,150.84,NO,-1.7742,0.962,0.9,0.0,0.0,0.03,BLOCKED_WINDOW_MAX_POS,0.0
1788869550.2990725,5962898,149.77,NO,-1.7287,0.9581,0.92,0.0,0.0,0.03,BLOCKED_WINDOW_MAX_POS,0.0
1788869551.360343,5962898,148.69,NONE,-1.7363,0.0413,0.0,0.0,0.0,0.0,NO_SIGNAL,0.0
1788869552.4142778,5962898,147.64,NONE,-1.7406,0.0409,0.0,0.0,0.0,0.0,NO_SIGNAL,0.0
1788869553.4734447,5962898,146.58,NONE,-1.7968,0.0362,0.0,0.0,0.0,0.0,NO_SIGNAL,0.0
1788869554.548192,5962898,145.52,NONE,-1.8071,0.0354,0.0,0.0,0.0,0.0,NO_SIGNAL,0.0
1788869555.61248,5962898,144.44,NONE,-1.8139,0.0348,0.0,0.0,0.0,0.0,NO_SIGNAL,0.0
1788869556.6783228,5962898,143.38,NONE,-1.8162,0.0347,0.0,0.0,0.0,0.0,NO_SIGNAL,0.0
1788869557.7404373,5962898,142.31,NONE,-1.8293,0.0337,0.0,0.0,0.0,0.0,NO_SIGNAL,0.0
1788869558.8064446,5962898,141.24,NONE,-1.8663,0.031,0.0,0.0,0.0,0.0,NO_SIGNAL,0.0
1788869559.9635522,5962898,140.19,NONE,-1.8733,0.0305,0.0,0.0,0.0,0.0,NO_SIGNAL,0.0
1788869561.0279088,5962898,139.03,NONE,-1.8857,0.0297,0.0,0.0,0.0,0.0,NO_SIGNAL,0.0
1788869562.0855153,5962898,137.97,NONE,-1.8948,0.0291,0.0,0.0,0.0,0.0,NO_SIGNAL,0.0
1788869563.145321,5962898,136.91,NONE,-2.1453,0.016,0.0,0.0,0.0,0.0,NO_SIGNAL,0.0
1788869564.205926,5962898,135.85,NONE,-2.1568,0.0155,0.0,0.0,0.0,0.0,NO_SIGNAL,0.0
1788869565.2624092,5962898,134.79,NONE,-2.1777,0.0147,0.0,0.0,0.0,0.0,NO_SIGNAL,0.0
1788869566.3276548,5962898,133.73,NONE,-2.1862,0.0144,0.0,0.0,0.0,0.0,NO_SIGNAL,0.0
1788869567.3925202,5962898,132.66,NONE,-2.1947,0.0141,0.0,0.0,0.0,0.0,NO_SIGNAL,0.0
1788869568.4535906,5962898,131.6,NONE,-2.1599,0.0154,0.0,0.0,0.0,0.0,NO_SIGNAL,0.0
1788869569.516075,5962898,130.53,NONE,-2.1365,0.0163,0.0,0.0,0.0,0.0,NO_SIGNAL,0.0
1788869570.5767848,5962898,129.47,NONE,-2.1356,0.0164,0.0,0.0,0.0,0.0,NO_SIGNAL,0.0
1788869571.6306748,5962898,128.42,NONE,-2.091,0.0183,0.0,0.0,0.0,0.0,NO_SIGNAL,0.0
1788869572.692022,5962898,127.36,NONE,-2.0947,0.0181,0.0,0.0,0.0,0.0,NO_SIGNAL,0.0
1788869573.7539587,5962898,126.31,NONE,-2.0857,0.0185,0.0,0.0,0.0,0.0,NO_SIGNAL,0.0
1788869574.8081427,5962898,125.24,NONE,-2.0844,0.0186,0.0,0.0,0.0,0.0,NO_SIGNAL,0.0
1788869575.8682761,5962898,124.18,NONE,-2.0903,0.0183,0.0,0.0,0.0,0.0,NO_SIGNAL,0.0
1788869576.976333,5962898,123.12,NONE,-2.0991,0.0179,0.0,0.0,0.0,0.0,NO_SIGNAL,0.0
1788869578.0309014,5962898,122.02,NONE,-2.1091,0.0175,0.0,0.0,0.0,0.0,NO_SIGNAL,0.0
1788869579.084671,5962898,120.97,NONE,-2.119,0.017,0.0,0.0,0.0,0.0,NO_SIGNAL,0.0
1788869580.1429756,5962898,119.91,NONE,-2.1299,0.0166,0.0,0.0,0.0,0.0,NO_SIGNAL,0.0
1788869581.2026222,5962898,118.85,NONE,-2.1206,0.017,0.0,0.0,0.0,0.0,NO_SIGNAL,0.0
1788869582.2685544,5962898,117.79,NONE,-2.1303,0.0166,0.0,0.0,0.0,0.0,NO_SIGNAL,0.0
1788869583.322591,5962898,116.73,NONE,-2.1406,0.0162,0.0,0.0,0.0,0.0,NO_SIGNAL,0.0
1788869584.3778393,5962898,115.68,NONE,-2.1485,0.0158,0.0,0.0,0.0,0.0,NO_SIGNAL,0.0
1788869585.4457498,5962898,114.61,NONE,-2.1592,0.0154,0.0,0.0,0.0,0.0,NO_SIGNAL,0.0
1788869586.5147352,5962898,113.54,NONE,-2.1698,0.015,0.0,0.0,0.0,0.0,NO_SIGNAL,0.0
1788869587.5773869,5962898,112.47,NONE,-2.1812,0.0146,0.0,0.0,0.0,0.0,NO_SIGNAL,0.0
1788869588.6369975,5962898,111.42,NONE,-2.1917,0.0142,0.0,0.0,0.0,0.0,NO_SIGNAL,0.0
1788869589.6950626,5962898,110.36,NONE,-2.2026,0.0138,0.0,0.0,0.0,0.0,NO_SIGNAL,0.0
1788869590.750244,5962898,109.3,NONE,-2.2138,0.0134,0.0,0.0,0.0,0.0,NO_SIGNAL,0.0
1788869591.8193157,5962898,108.24,NONE,-2.2252,0.013,0.0,0.0,0.0,0.0,NO_SIGNAL,0.0
1788869592.8780017,5962898,107.17,NONE,-2.232,0.0128,0.0,0.0,0.0,0.0,NO_SIGNAL,0.0
1788869593.9477415,5962898,106.12,NONE,-2.2436,0.0124,0.0,0.0,0.0,0.0,NO_SIGNAL,0.0
1788869595.0146625,5962898,105.04,NONE,-2.2495,0.0122,0.0,0.0,0.0,0.0,NO_SIGNAL,0.0
1788869596.0724294,5962898,103.98,NONE,-2.2613,0.0119,0.0,0.0,0.0,0.0,NO_SIGNAL,0.0
1788869597.1270149,5962898,102.92,NONE,-2.2737,0.0115,0.0,0.0,0.0,0.0,NO_SIGNAL,0.0
1788869598.1855106,5962898,101.87,NONE,-2.287,0.0111,0.0,0.0,0.0,0.0,NO_SIGNAL,0.0
1788869599.243481,5962898,100.81,NONE,-2.301,0.0107,0.0,0.0,0.0,0.0,NO_SIGNAL,0.0
1788869600.3206754,5962898,99.74,NONE,-2.3149,0.0103,0.0,0.0,0.0,0.0,NO_SIGNAL,0.0
1788869601.3964682,5962898,98.66,NONE,-2.3281,0.01,0.0,0.0,0.0,0.0,NO_SIGNAL,0.0
1788869602.4704282,5962898,97.58,NONE,-2.3423,0.0096,0.0,0.0,0.0,0.0,NO_SIGNAL,0.0
1788869603.5423803,5962898,96.51,NONE,-2.3588,0.0092,0.0,0.0,0.0,0.0,NO_SIGNAL,0.0
1788869604.5980294,5962898,95.46,NONE,-2.3765,0.0087,0.0,0.0,0.0,0.0,NO_SIGNAL,0.0
1788869605.6515534,5962898,94.4,NO,-2.3991,0.9918,0.0,0.0,0.0,0.035,BLOCKED_WINDOW_MAX_POS,0.0
1788869606.7171876,5962898,93.34,NO,-2.4132,0.9921,0.0,0.0,0.0,0.035,BLOCKED_WINDOW_MAX_POS,0.0
1788869607.7772827,5962898,92.27,NO,-2.4277,0.9924,0.0,0.0,0.0,0.035,BLOCKED_WINDOW_MAX_POS,0.0
1788869608.8319216,5962898,91.22,NO,-2.4443,0.9927,0.0,0.0,0.0,0.035,BLOCKED_WINDOW_MAX_POS,0.0
1788869609.895959,5962898,90.16,NO,-2.4615,0.9931,0.0,0.0,0.0,0.035,BLOCKED_WINDOW_MAX_POS,0.0
1788869610.9617708,5962898,89.1,NO,-2.4767,0.9934,0.0,0.0,0.0,0.035,BLOCKED_WINDOW_MAX_POS,0.0
1788869612.0193372,5962898,88.03,NO,-2.2457,0.9876,0.0,0.0,0.0,0.035,BLOCKED_WINDOW_MAX_POS,0.0
1788869613.0760128,5962898,86.97,NO,-2.239,0.9874,0.0,0.0,0.0,0.035,BLOCKED_WINDOW_MAX_POS,0.0
1788869614.1291425,5962898,85.92,NO,-2.3051,0.9894,0.0,0.0,0.0,0.035,BLOCKED_WINDOW_MAX_POS,0.0
1788869615.1860695,5962898,84.86,NO,-2.3199,0.9898,0.0,0.0,0.0,0.035,BLOCKED_WINDOW_MAX_POS,0.0
1788869616.2406385,5962898,83.81,NO,-2.3344,0.9902,0.0,0.0,0.0,0.035,BLOCKED_WINDOW_MAX_POS,0.0
1788869617.292929,5962898,82.76,NO,-2.3484,0.9906,0.0,0.0,0.0,0.035,BLOCKED_WINDOW_MAX_POS,0.0
1788869618.3532755,5962898,81.7,NO,-2.3639,0.991,0.0,0.0,0.0,0.035,BLOCKED_WINDOW_MAX_POS,0.0
1788869619.4101462,5962898,80.64,NO,-2.3742,0.9912,0.0,0.0,0.0,0.035,BLOCKED_WINDOW_MAX_POS,0.0
1788869620.471952,5962898,79.58,NO,-2.4885,0.9936,0.0,0.0,0.0,0.035,BLOCKED_WINDOW_MAX_POS,0.0
1788869621.5412605,5962898,78.51,NO,-2.5915,0.9952,0.0,0.0,0.0,0.035,BLOCKED_WINDOW_MAX_POS,0.0
1788869622.6062193,5962898,77.45,NO,-2.6828,0.9963,0.0,0.0,0.0,0.035,BLOCKED_WINDOW_MAX_POS,0.0
1788869623.660156,5962898,76.39,NO,-2.759,0.9971,0.0,0.0,0.0,0.035,BLOCKED_WINDOW_MAX_POS,0.0
1788869624.7186382,5962898,75.33,NO,-2.7817,0.9973,0.0,0.0,0.0,0.035,BLOCKED_WINDOW_MAX_POS,0.0
1788869625.771054,5962898,74.28,NO,-2.8009,0.9975,0.0,0.0,0.0,0.035,BLOCKED_WINDOW_MAX_POS,0.0
1788869626.8292673,5962898,73.23,NO,-2.821,0.9976,0.0,0.0,0.0,0.035,BLOCKED_WINDOW_MAX_POS,0.0
1788869627.8863835,5962898,72.17,NO,-2.8417,0.9978,0.0,0.0,0.0,0.035,BLOCKED_WINDOW_MAX_POS,0.0
1788869628.940677,5962898,71.11,NO,-3.0033,0.9987,0.0,0.0,0.0,0.035,BLOCKED_WINDOW_MAX_POS,0.0
1788869630.0211244,5962898,70.04,NO,-3.0258,0.9988,0.0,0.0,0.0,0.035,BLOCKED_WINDOW_MAX_POS,0.0
1788869631.0772629,5962898,68.98,NO,-3.0408,0.9988,0.0,0.0,0.0,0.035,BLOCKED_WINDOW_MAX_POS,0.0
1788869632.138606,5962898,67.92,NO,-3.0611,0.9989,0.0,0.0,0.0,0.035,BLOCKED_WINDOW_MAX_POS,0.0
1788869633.2030911,5962898,66.85,NO,-3.0855,0.999,0.0,0.0,0.0,0.035,BLOCKED_WINDOW_MAX_POS,0.0
1788869634.2658494,5962898,65.79,NO,-3.107,0.9991,0.0,0.0,0.0,0.035,BLOCKED_WINDOW_MAX_POS,0.0
1788869635.3234942,5962898,64.73,NO,-3.1423,0.9992,0.0,0.0,0.0,0.035,BLOCKED_WINDOW_MAX_POS,0.0
1788869636.3819675,5962898,63.67,NO,-3.149,0.9992,0.0,0.0,0.0,0.035,BLOCKED_WINDOW_MAX_POS,0.0
1788869637.4488738,5962898,62.6,NO,-3.1623,0.9992,0.0,0.0,0.0,0.035,BLOCKED_WINDOW_MAX_POS,0.0
1788869638.5098152,5962898,61.54,NO,-3.1764,0.9993,0.0,0.0,0.0,0.035,BLOCKED_WINDOW_MAX_POS,0.0
1788869639.5633886,5962898,60.49,NO,-3.1979,0.9993,0.0,0.0,0.0,0.035,BLOCKED_WINDOW_MAX_POS,0.0
1788869640.658246,5962898,59.43,NO,-3.2198,0.9994,0.0,0.0,0.0,0.035,BLOCKED_WINDOW_MAX_POS,0.0
1788869641.7187207,5962898,58.33,NO,-3.46,0.9997,0.0,0.0,0.0,0.035,BLOCKED_WINDOW_MAX_POS,0.0
1788869642.7779768,5962898,57.27,NO,-3.4909,0.9998,0.0,0.0,0.0,0.035,BLOCKED_WINDOW_MAX_POS,0.0
1788869643.8393064,5962898,56.22,NO,-3.8611,0.9999,0.0,0.0,0.0,0.035,BLOCKED_WINDOW_MAX_POS,0.0
1788869644.9068916,5962898,55.15,NO,-3.8838,0.9999,0.0,0.0,0.0,0.035,BLOCKED_WINDOW_MAX_POS,0.0
1788869645.9691775,5962898,54.09,NO,-3.9219,1.0,0.0,0.0,0.0,0.035,BLOCKED_WINDOW_MAX_POS,0.0
1788869647.032326,5962898,53.02,NO,-4.1045,1.0,0.0,0.0,0.0,0.035,BLOCKED_WINDOW_MAX_POS,0.0
1788869648.1007478,5962898,51.96,NO,-4.1533,1.0,0.0,0.0,0.0,0.035,BLOCKED_WINDOW_MAX_POS,0.0
1788869649.1571062,5962898,50.89,NO,-4.1962,1.0,0.0,0.0,0.0,0.035,BLOCKED_WINDOW_MAX_POS,0.0
1788869650.2130294,5962898,49.84,NO,-4.2437,1.0,0.0,0.0,0.0,0.035,BLOCKED_WINDOW_MAX_POS,0.0
1788869651.2675512,5962898,48.79,NO,-4.2648,1.0,0.0,0.0,0.0,0.035,BLOCKED_WINDOW_MAX_POS,0.0
1788869652.328789,5962898,47.72,NO,-4.3124,1.0,0.0,0.0,0.0,0.035,BLOCKED_WINDOW_MAX_POS,0.0
1788869653.3907406,5962898,46.66,NO,-4.3429,1.0,0.0,0.0,0.0,0.035,BLOCKED_WINDOW_MAX_POS,0.0
1788869654.457844,5962898,45.59,NO,-4.394,1.0,0.0,0.0,0.0,0.035,BLOCKED_WINDOW_MAX_POS,0.0
1788869655.514015,5962898,44.54,NO,-4.4461,1.0,0.0,0.0,0.0,0.035,BLOCKED_WINDOW_MAX_POS,0.0
1788869656.5782592,5962898,43.48,NO,-4.5003,1.0,0.0,0.0,0.0,0.035,BLOCKED_WINDOW_MAX_POS,0.0
1788869657.6465464,5962898,42.41,NO,-4.5499,1.0,0.0,0.0,0.0,0.035,BLOCKED_WINDOW_MAX_POS,0.0
1788869658.7071319,5962898,41.35,NO,-4.6013,1.0,0.0,0.0,0.0,0.035,BLOCKED_WINDOW_MAX_POS,0.0
1788869659.7691693,5962898,40.29,NO,-4.6568,1.0,0.0,0.0,0.0,0.035,BLOCKED_WINDOW_MAX_POS,0.0
1788869660.8262756,5962898,39.22,NO,-4.7206,1.0,0.0,0.0,0.0,0.035,BLOCKED_WINDOW_MAX_POS,0.0
1788869661.9015799,5962898,38.17,NO,-4.7864,1.0,0.0,0.0,0.0,0.035,BLOCKED_WINDOW_MAX_POS,0.0
1788869662.9584384,5962898,37.1,NO,-4.856,1.0,0.0,0.0,0.0,0.035,BLOCKED_WINDOW_MAX_POS,0.0
1788869664.023602,5962898,36.03,NO,-4.9284,1.0,0.0,0.0,0.0,0.035,BLOCKED_WINDOW_MAX_POS,0.0
1788869665.0910041,5962898,34.96,NO,-5.0045,1.0,0.0,0.0,0.0,0.035,BLOCKED_WINDOW_MAX_POS,0.0
1788869666.1591616,5962898,33.89,NO,-5.0941,1.0,0.0,0.0,0.0,0.035,BLOCKED_WINDOW_MAX_POS,0.0
1788869667.2172632,5962898,32.84,NO,-5.1825,1.0,0.0,0.0,0.0,0.035,BLOCKED_WINDOW_MAX_POS,0.0
1788869668.2738748,5962898,31.78,NO,-5.2758,1.0,0.0,0.0,0.0,0.035,BLOCKED_WINDOW_MAX_POS,0.0
1788869669.327801,5962898,30.72,NO,-5.3747,1.0,0.0,0.0,0.0,0.035,BLOCKED_WINDOW_MAX_POS,0.0
1788869670.396479,5962898,29.66,NO,-5.4892,1.0,0.0,0.0,0.0,0.035,BLOCKED_WINDOW_MAX_POS,0.0
1788869671.4506834,5962898,28.6,NO,-5.563,1.0,0.0,0.0,0.0,0.035,BLOCKED_WINDOW_MAX_POS,0.0
1788869672.5164266,5962898,27.54,NO,-5.6809,1.0,0.0,0.0,0.0,0.035,BLOCKED_WINDOW_MAX_POS,0.0
1788869673.589275,5962898,26.47,NO,-5.7945,1.0,0.0,0.0,0.0,0.035,BLOCKED_WINDOW_MAX_POS,0.0
1788869674.657275,5962898,25.4,NO,-5.8959,1.0,0.0,0.0,0.0,0.035,BLOCKED_WINDOW_MAX_POS,0.0
1788869675.7386045,5962898,24.33,NO,-6.0255,1.0,0.0,0.0,0.0,0.035,BLOCKED_WINDOW_MAX_POS,0.0
1788869676.8239324,5962898,23.25,NO,-6.1762,1.0,0.0,0.0,0.0,0.035,BLOCKED_WINDOW_MAX_POS,0.0
1788869677.8797321,5962898,22.17,NO,-6.2939,1.0,0.0,0.0,0.0,0.035,BLOCKED_WINDOW_MAX_POS,0.0
1788869678.9386826,5962898,21.11,NO,-6.4518,1.0,0.0,0.0,0.0,0.035,BLOCKED_WINDOW_MAX_POS,0.0
1788869679.9951108,5962898,20.06,NO,-6.6222,1.0,0.0,0.0,0.0,0.035,BLOCKED_WINDOW_MAX_POS,0.0
1788869681.0489082,5962898,19.0,NO,-6.806,1.0,0.0,0.0,0.0,0.035,BLOCKED_WINDOW_MAX_POS,0.0
1788869682.10293,5962898,17.95,NO,-7.0172,1.0,0.0,0.0,0.0,0.035,BLOCKED_WINDOW_MAX_POS,0.0
1788869683.152229,5962898,16.9,NO,-7.2345,1.0,0.0,0.0,0.0,0.035,BLOCKED_WINDOW_MAX_POS,0.0
1788869684.2130814,5962898,15.84,NO,-7.4737,1.0,0.0,0.0,0.0,0.035,BLOCKED_WINDOW_MAX_POS,0.0
1788869685.279018,5962898,14.77,NO,-7.7419,1.0,0.0,0.0,0.0,0.035,BLOCKED_WINDOW_MAX_POS,0.0
1788869686.3429072,5962898,13.71,NO,-8.0378,1.0,0.0,0.0,0.0,0.035,BLOCKED_WINDOW_MAX_POS,0.0
1788869687.4111292,5962898,12.64,NO,-8.378,1.0,0.0,0.0,0.0,0.035,BLOCKED_WINDOW_MAX_POS,0.0
1788869688.4799318,5962898,11.57,NO,-8.7553,1.0,0.0,0.0,0.0,0.035,BLOCKED_WINDOW_MAX_POS,0.0
1788869689.5443213,5962898,10.51,NO,-9.2509,1.0,0.0,0.0,0.0,0.035,BLOCKED_WINDOW_MAX_POS,0.0
1788869690.625891,5962898,9.44,NO,-9.7564,1.0,0.0,0.0,0.0,0.035,BLOCKED_WINDOW_MAX_POS,0.0
1788869691.6817408,5962898,8.37,NO,-10.3616,1.0,0.0,0.0,0.0,0.035,BLOCKED_WINDOW_MAX_POS,0.0
1788869692.753855,5962898,7.31,NO,-11.089,1.0,0.0,0.0,0.0,0.035,BLOCKED_WINDOW_MAX_POS,0.0
1788869693.8086839,5962898,6.24,NO,-11.9977,1.0,0.0,0.0,0.0,0.035,BLOCKED_WINDOW_MAX_POS,0.0
1788869694.86839,5962898,5.19,NO,-13.1648,1.0,0.0,0.0,0.0,0.035,BLOCKED_WINDOW_MAX_POS,0.0
1788869695.9274135,5962898,4.13,NO,-14.7503,1.0,0.0,0.0,0.0,0.035,BLOCKED_WINDOW_MAX_POS,0.0
1788869696.9927812,5962898,3.06,NO,-17.1374,1.0,0.0,0.0,0.0,0.035,BLOCKED_WINDOW_MAX_POS,0.0
1788869698.052213,5962898,2.0,NO,-21.1955,1.0,0.0,0.0,0.0,0.035,BLOCKED_WINDOW_MAX_POS,0.0
1788869699.1208882,5962898,1.0,NO,-29.9843,1.0,0.0,0.0,0.0,0.035,BLOCKED_WINDOW_MAX_POS,0.0
1788869701.288971,5962899,299.88,NONE,-0.0109,0.4956,0.0,0.0,0.0,0.0,BLOCKED_NOISE,0.0
1788869702.3528755,5962899,297.7,NONE,-0.0077,0.4969,0.0,0.0,0.0,0.0,BLOCKED_NOISE,0.0
1788869703.4056845,5962899,296.65,NONE,0.0027,0.5011,0.0,0.0,0.0,0.0,BLOCKED_NOISE,0.0
1788869704.4546933,5962899,295.59,NONE,0.0027,0.5011,0.0,0.0,0.0,0.0,BLOCKED_NOISE,0.0
1788869705.5218132,5962899,294.53,NONE,0.0037,0.5015,0.0,0.0,0.0,0.0,BLOCKED_NOISE,0.0
1788869706.5921583,5962899,293.46,NONE,0.0037,0.5015,0.0,0.0,0.0,0.0,BLOCKED_NOISE,0.0
1788869707.6704462,5962899,292.4,NONE,0.0345,0.5138,0.0,0.0,0.0,0.0,BLOCKED_NOISE,0.0
1788869708.7324247,5962899,291.33,NONE,0.0534,0.5213,0.0,0.0,0.0,0.0,BLOCKED_NOISE,0.0
1788869709.792718,5962899,290.26,NONE,0.0682,0.5272,0.0,0.0,0.0,0.0,BLOCKED_NOISE,0.0
1788869710.848527,5962899,289.21,NONE,0.0805,0.5321,0.0,0.0,0.0,0.0,BLOCKED_NOISE,0.0
1788869711.912643,5962899,288.14,NONE,0.097,0.5386,0.0,0.0,0.0,0.0,BLOCKED_NOISE,0.0
1788869713.001017,5962899,287.07,NONE,0.0998,0.5397,0.0,0.0,0.0,0.0,BLOCKED_NOISE,0.0
1788869714.0649006,5962899,286.0,NONE,0.099,0.5394,0.0,0.0,0.0,0.0,BLOCKED_NOISE,0.0
1788869715.1308897,5962899,284.92,NONE,0.0995,0.5396,0.0,0.0,0.0,0.0,BLOCKED_NOISE,0.0
1788869716.1810029,5962899,283.87,NONE,0.0982,0.5391,0.0,0.0,0.0,0.0,BLOCKED_NOISE,0.0
1788869717.2898715,5962899,282.82,NONE,0.0982,0.5391,0.0,0.0,0.0,0.0,BLOCKED_NOISE,0.0
1788869718.3527274,5962899,281.7,NONE,0.0978,0.5389,0.0,0.0,0.0,0.0,BLOCKED_NOISE,0.0
1788869719.4059896,5962899,280.65,NONE,0.097,0.5386,0.0,0.0,0.0,0.0,BLOCKED_NOISE,0.0
1788869720.4732301,5962899,279.59,NONE,0.0881,0.5351,0.0,0.0,0.0,0.0,BLOCKED_NOISE,0.0
1788869721.5297992,5962899,278.53,NONE,0.0881,0.5351,0.0,0.0,0.0,0.0,BLOCKED_NOISE,0.0
1788869722.594987,5962899,277.46,NONE,0.0881,0.5351,0.0,0.0,0.0,0.0,BLOCKED_NOISE,0.0
1788869723.6505444,5962899,276.4,NONE,0.0883,0.5352,0.0,0.0,0.0,0.0,BLOCKED_NOISE,0.0
1788869724.7154841,5962899,275.34,NONE,0.0908,0.5362,0.0,0.0,0.0,0.0,BLOCKED_NOISE,0.0
1788869725.7843544,5962899,274.27,NONE,0.0911,0.5363,0.0,0.0,0.0,0.0,BLOCKED_NOISE,0.0
1788869726.8486073,5962899,273.21,NONE,0.091,0.5363,0.0,0.0,0.0,0.0,BLOCKED_NOISE,0.0
1788869727.9111862,5962899,272.14,NONE,0.093,0.537,0.0,0.0,0.0,0.0,BLOCKED_NOISE,0.0
1788869728.9808645,5962899,271.07,NONE,0.0942,0.5375,0.0,0.0,0.0,0.0,BLOCKED_NOISE,0.0
1788869730.0431843,5962899,270.01,NONE,0.0946,0.5377,0.0,0.0,0.0,0.0,BLOCKED_NOISE,0.0
1788869731.0997138,5962899,268.95,NONE,0.0946,0.5377,0.0,0.0,0.0,0.0,BLOCKED_NOISE,0.0
1788869732.1694255,5962899,267.89,NONE,0.0946,0.5377,0.0,0.0,0.0,0.0,BLOCKED_NOISE,0.0
1788869733.269622,5962899,266.83,NONE,0.0942,0.5375,0.0,0.0,0.0,0.0,BLOCKED_NOISE,0.0
1788869734.3210635,5962899,265.73,NONE,0.0909,0.5362,0.0,0.0,0.0,0.0,BLOCKED_NOISE,0.0
1788869735.3852396,5962899,264.67,NONE,0.0921,0.5367,0.0,0.0,0.0,0.0,BLOCKED_NOISE,0.0
1788869736.5012407,5962899,263.6,NONE,0.0921,0.5367,0.0,0.0,0.0,0.0,BLOCKED_NOISE,0.0
1788869737.5754063,5962899,262.49,NONE,0.0891,0.5355,0.0,0.0,0.0,0.0,BLOCKED_NOISE,0.0
1788869738.8682816,5962899,261.42,NONE,0.0886,0.5353,0.0,0.0,0.0,0.0,BLOCKED_NOISE,0.0
1788869739.9444892,5962899,260.12,NONE,0.0816,0.5325,0.0,0.0,0.0,0.0,BLOCKED_NOISE,0.0
1788869741.0052145,5962899,259.05,NONE,0.2423,0.5957,0.0,0.0,0.0,0.0,BLOCKED_NOISE,0.0
1788869742.1097674,5962899,257.99,NONE,0.2526,0.5997,0.0,0.0,0.0,0.0,BLOCKED_NOISE,0.0
1788869743.1725209,5962899,256.88,NONE,0.2451,0.5968,0.0,0.0,0.0,0.0,BLOCKED_NOISE,0.0
1788869744.22793,5962899,255.83,NONE,0.2442,0.5964,0.0,0.0,0.0,0.0,BLOCKED_NOISE,0.0
1788869745.2918856,5962899,254.76,NONE,0.2455,0.597,0.0,0.0,0.0,0.0,BLOCKED_NOISE,0.0
1788869746.3518548,5962899,253.7,NONE,0.2459,0.5971,0.0,0.0,0.0,0.0,BLOCKED_NOISE,0.0
1788869747.426357,5962899,252.63,NONE,0.2423,0.5957,0.0,0.0,0.0,0.0,BLOCKED_NOISE,0.0
1788869748.5369897,5962899,251.56,NONE,0.2154,0.5853,0.0,0.0,0.0,0.0,BLOCKED_NOISE,0.0
1788869749.5968149,5962899,250.46,NONE,0.2136,0.5846,0.0,0.0,0.0,0.0,BLOCKED_NOISE,0.0
1788869750.6678772,5962899,249.39,NONE,0.2212,0.5875,0.0,0.0,0.0,0.0,BLOCKED_NOISE,0.0
1788869751.7399685,5962899,248.32,NONE,0.2067,0.5819,0.0,0.0,0.0,0.0,BLOCKED_NOISE,0.0
1788869752.7963095,5962899,247.26,NONE,0.2065,0.5818,0.0,0.0,0.0,0.0,BLOCKED_NOISE,0.0
1788869753.8667152,5962899,246.19,NONE,0.2069,0.5819,0.0,0.0,0.0,0.0,BLOCKED_NOISE,0.0
1788869754.9351325,5962899,245.13,NONE,0.3574,0.6396,0.0,0.0,0.0,0.0,NO_SIGNAL,0.0
1788869756.0055234,5962899,244.06,YES,0.5272,0.701,0.66,0.01,0.041,0.03,EXECUTED,15.53
1788869757.0630047,5962899,242.99,NONE,0.5428,0.7064,0.0,0.0,0.0,0.0,NO_SIGNAL,0.0
1788869758.130727,5962899,241.92,NONE,0.5436,0.7066,0.0,0.0,0.0,0.0,NO_SIGNAL,0.0
1788869759.199597,5962899,240.86,NONE,0.2875,0.6131,0.0,0.0,0.0,0.0,BLOCKED_NOISE,0.0
1788869760.2614365,5962899,239.79,NONE,0.2875,0.6131,0.0,0.0,0.0,0.0,BLOCKED_NOISE,0.0
1788869761.3507562,5962899,238.73,NONE,0.4001,0.6555,0.0,0.0,0.0,0.0,NO_SIGNAL,0.0
1788869762.4360542,5962899,237.63,NONE,0.4043,0.657,0.0,0.0,0.0,0.0,NO_SIGNAL,0.0
1788869763.5361924,5962899,236.56,NONE,0.4761,0.683,0.0,0.0,0.0,0.0,NO_SIGNAL,0.0
1788869764.6004364,5962899,235.46,NONE,0.5034,0.6927,0.0,0.0,0.0,0.0,NO_SIGNAL,0.0
1788869765.6734014,5962899,234.39,NO,0.4927,0.3111,0.28,0.0,0.0,0.03,BLOCKED_WINDOW_MAX_POS,0.0
1788869766.7448087,5962899,233.31,NO,0.4782,0.3162,0.28,0.0,0.0,0.03,BLOCKED_WINDOW_MAX_POS,0.0
1788869767.802206,5962899,232.25,NO,0.4841,0.3142,0.28,0.0,0.0,0.03,BLOCKED_WINDOW_MAX_POS,0.0
1788869768.8728757,5962899,231.18,NONE,0.4871,0.6869,0.0,0.0,0.0,0.0,NO_SIGNAL,0.0
1788869769.9532719,5962899,230.12,NONE,0.5066,0.6938,0.0,0.0,0.0,0.0,NO_SIGNAL,0.0
1788869771.0324519,5962899,229.03,NONE,0.4971,0.6904,0.0,0.0,0.0,0.0,NO_SIGNAL,0.0
1788869772.0972416,5962899,227.97,NONE,0.4884,0.6873,0.0,0.0,0.0,0.0,NO_SIGNAL,0.0
1788869773.166241,5962899,226.89,NONE,0.4902,0.688,0.0,0.0,0.0,0.0,NO_SIGNAL,0.0
1788869774.235353,5962899,225.82,NONE,0.4861,0.6865,0.0,0.0,0.0,0.0,NO_SIGNAL,0.0
1788869775.297765,5962899,224.76,NO,0.4907,0.3118,0.28,0.0,0.0,0.03,BLOCKED_WINDOW_MAX_POS,0.0
1788869776.3601243,5962899,223.7,NONE,0.4936,0.6892,0.0,0.0,0.0,0.0,NO_SIGNAL,0.0
1788869777.421401,5962899,222.63,NONE,0.4949,0.6897,0.0,0.0,0.0,0.0,NO_SIGNAL,0.0
1788869778.4940991,5962899,221.57,NONE,0.5034,0.6927,0.0,0.0,0.0,0.0,NO_SIGNAL,0.0
1788869779.6027799,5962899,220.51,NONE,0.5173,0.6975,0.0,0.0,0.0,0.0,NO_SIGNAL,0.0
1788869780.661934,5962899,219.39,NONE,0.5191,0.6982,0.0,0.0,0.0,0.0,NO_SIGNAL,0.0
1788869781.7270923,5962899,218.33,NONE,0.5202,0.6986,0.0,0.0,0.0,0.0,NO_SIGNAL,0.0
1788869782.789823,5962899,217.27,NONE,0.5222,0.6992,0.0,0.0,0.0,0.0,NO_SIGNAL,0.0
1788869783.8612425,5962899,216.2,NONE,0.5246,0.7001,0.0,0.0,0.0,0.0,NO_SIGNAL,0.0
1788869784.9503372,5962899,215.13,NONE,0.5259,0.7005,0.0,0.0,0.0,0.0,NO_SIGNAL,0.0
1788869786.0122833,5962899,214.05,NONE,0.5065,0.6938,0.0,0.0,0.0,0.0,NO_SIGNAL,0.0
1788869787.0651054,5962899,212.99,NONE,0.508,0.6943,0.0,0.0,0.0,0.0,NO_SIGNAL,0.0
1788869788.1207886,5962899,211.93,NONE,0.5092,0.6947,0.0,0.0,0.0,0.0,NO_SIGNAL,0.0
1788869789.1861248,5962899,210.87,NONE,0.5749,0.7173,0.0,0.0,0.0,0.0,NO_SIGNAL,0.0
1788869790.2609978,5962899,209.8,NONE,0.5756,0.7176,0.0,0.0,0.0,0.0,NO_SIGNAL,0.0
1788869791.346585,5962899,208.73,NONE,0.645,0.7405,0.0,0.0,0.0,0.0,NO_SIGNAL,0.0
1788869792.4062655,5962899,207.65,NONE,0.6447,0.7404,0.0,0.0,0.0,0.0,NO_SIGNAL,0.0
1788869793.4729834,5962899,206.58,NONE,0.6461,0.7409,0.0,0.0,0.0,0.0,NO_SIGNAL,0.0
1788869794.5411959,5962899,205.51,NONE,0.6444,0.7403,0.0,0.0,0.0,0.0,NO_SIGNAL,0.0
1788869795.6475992,5962899,204.45,NONE,0.6456,0.7407,0.0,0.0,0.0,0.0,NO_SIGNAL,0.0
1788869796.7083929,5962899,203.35,NONE,0.6465,0.741,0.0,0.0,0.0,0.0,NO_SIGNAL,0.0
1788869797.7740939,5962899,202.28,NONE,0.6486,0.7417,0.0,0.0,0.0,0.0,NO_SIGNAL,0.0
1788869798.8399823,5962899,201.21,NONE,0.6495,0.742,0.0,0.0,0.0,0.0,NO_SIGNAL,0.0
1788869799.900256,5962899,200.16,NONE,0.6456,0.7407,0.0,0.0,0.0,0.0,NO_SIGNAL,0.0
1788869800.9558952,5962899,199.1,NONE,0.6471,0.7412,0.0,0.0,0.0,0.0,NO_SIGNAL,0.0
1788869802.016087,5962899,198.04,NONE,0.669,0.7482,0.0,0.0,0.0,0.0,NO_SIGNAL,0.0
1788869803.0782113,5962899,196.98,NONE,0.6734,0.7496,0.0,0.0,0.0,0.0,NO_SIGNAL,0.0
1788869804.136022,5962899,195.92,NONE,0.6734,0.7497,0.0,0.0,0.0,0.0,NO_SIGNAL,0.0
1788869805.203575,5962899,194.86,NONE,0.6735,0.7497,0.0,0.0,0.0,0.0,NO_SIGNAL,0.0
1788869806.2614474,5962899,193.8,NONE,0.6742,0.7499,0.0,0.0,0.0,0.0,NO_SIGNAL,0.0
1788869807.3242283,5962899,192.73,NONE,0.6756,0.7503,0.0,0.0,0.0,0.0,NO_SIGNAL,0.0
1788869808.3919473,5962899,191.66,NONE,0.6776,0.751,0.0,0.0,0.0,0.0,NO_SIGNAL,0.0
1788869809.4534802,5962899,190.6,NONE,0.679,0.7514,0.0,0.0,0.0,0.0,NO_SIGNAL,0.0
1788869810.5488453,5962899,189.54,NONE,0.8504,0.8025,0.0,0.0,0.0,0.0,NO_SIGNAL,0.0
1788869811.6679904,5962899,188.44,NONE,0.6546,0.7436,0.0,0.0,0.0,0.0,NO_SIGNAL,0.0
1788869812.7229726,5962899,187.33,NONE,0.541,0.7057,0.0,0.0,0.0,0.0,NO_SIGNAL,0.0
1788869813.7981162,5962899,186.27,NONE,0.5414,0.7059,0.0,0.0,0.0,0.0,NO_SIGNAL,0.0
1788869814.8588984,5962899,185.2,NONE,0.5408,0.7057,0.0,0.0,0.0,0.0,NO_SIGNAL,0.0
1788869815.9232743,5962899,184.14,NONE,0.5413,0.7059,0.0,0.0,0.0,0.0,NO_SIGNAL,0.0
1788869816.984832,5962899,183.07,NONE,0.5418,0.706,0.0,0.0,0.0,0.0,NO_SIGNAL,0.0
1788869818.05075,5962899,182.0,NONE,0.5432,0.7065,0.0,0.0,0.0,0.0,NO_SIGNAL,0.0
1788869819.1099746,5962899,180.95,NONE,0.5438,0.7067,0.0,0.0,0.0,0.0,NO_SIGNAL,0.0
1788869820.1705387,5962899,179.89,NONE,0.5451,0.7072,0.0,0.0,0.0,0.0,NO_SIGNAL,0.0
1788869821.2350748,5962899,178.83,NONE,0.5422,0.7062,0.0,0.0,0.0,0.0,NO_SIGNAL,0.0
1788869822.3150048,5962899,177.76,NONE,0.5518,0.7095,0.0,0.0,0.0,0.0,NO_SIGNAL,0.0
1788869823.382131,5962899,176.67,NONE,0.5506,0.709,0.0,0.0,0.0,0.0,NO_SIGNAL,0.0
1788869824.4449973,5962899,175.61,NO,0.5526,0.2903,0.25,0.0,0.0,0.03,BLOCKED_WINDOW_MAX_POS,0.0
1788869825.531426,5962899,174.54,NO,0.5558,0.2892,0.24,0.0,0.0,0.03,BLOCKED_WINDOW_MAX_POS,0.0
1788869826.5995047,5962899,173.46,NO,0.5574,0.2886,0.24,0.0,0.0,0.03,BLOCKED_WINDOW_MAX_POS,0.0
1788869827.7249496,5962899,172.4,NO,0.563,0.2867,0.24,0.0,0.0,0.03,BLOCKED_WINDOW_MAX_POS,0.0
1788869828.7853453,5962899,171.27,NO,0.5659,0.2857,0.21,0.0,0.0,0.03,BLOCKED_WINDOW_MAX_POS,0.0
1788869829.845531,5962899,170.21,NO,0.8379,0.201,0.16,0.0,0.0,0.03,BLOCKED_WINDOW_MAX_POS,0.0
1788869830.905454,5962899,169.15,NO,0.8566,0.1958,0.16,0.0,0.0,0.03,BLOCKED_WINDOW_MAX_POS,0.0
1788869831.9739387,5962899,168.08,YES,0.5537,0.7101,0.67,0.0,0.0,0.03,BLOCKED_WINDOW_MAX_POS,0.0
1788869833.059667,5962899,167.02,NONE,0.5066,0.6938,0.0,0.0,0.0,0.0,NO_SIGNAL,0.0
1788869834.1259308,5962899,165.93,NO,0.5033,0.3074,0.26,0.0,0.0,0.03,BLOCKED_WINDOW_MAX_POS,0.0
1788869835.1967788,5962899,164.87,NO,0.5048,0.3069,0.26,0.0,0.0,0.03,BLOCKED_WINDOW_MAX_POS,0.0
1788869836.266127,5962899,163.8,NO,0.5064,0.3063,0.26,0.0,0.0,0.03,BLOCKED_WINDOW_MAX_POS,0.0
1788869837.3252876,5962899,162.73,NONE,0.5096,0.6948,0.0,0.0,0.0,0.0,NO_SIGNAL,0.0
1788869838.389177,5962899,161.67,NONE,0.5115,0.6955,0.0,0.0,0.0,0.0,NO_SIGNAL,0.0
1788869839.458106,5962899,160.6,NONE,0.5069,0.6939,0.0,0.0,0.0,0.0,NO_SIGNAL,0.0
1788869840.526828,5962899,159.53,NO,0.4475,0.3272,0.27,0.0,0.0,0.03,BLOCKED_WINDOW_MAX_POS,0.0
1788869841.5823638,5962899,158.47,NO,0.4662,0.3205,0.27,0.0,0.0,0.03,BLOCKED_WINDOW_MAX_POS,0.0
1788869842.643418,5962899,157.41,NO,0.4671,0.3202,0.27,0.0,0.0,0.03,BLOCKED_WINDOW_MAX_POS,0.0
1788869843.7597604,5962899,156.35,NO,0.5091,0.3053,0.27,0.0,0.0,0.03,BLOCKED_WINDOW_MAX_POS,0.0
1788869844.8219736,5962899,155.23,NO,0.5114,0.3045,0.27,0.0,0.0,0.03,BLOCKED_WINDOW_MAX_POS,0.0
1788869845.8785503,5962899,154.18,NO,0.5139,0.3037,0.27,0.0,0.0,0.03,BLOCKED_WINDOW_MAX_POS,0.0
1788869846.9376397,5962899,153.12,NO,0.5175,0.3024,0.27,0.0,0.0,0.03,BLOCKED_WINDOW_MAX_POS,0.0
1788869847.9964268,5962899,152.06,NO,0.517,0.3026,0.27,0.0,0.0,0.03,BLOCKED_WINDOW_MAX_POS,0.0
1788869849.056791,5962899,151.0,NONE,0.52,0.6985,0.0,0.0,0.0,0.0,NO_SIGNAL,0.0
1788869850.1104474,5962899,149.94,NONE,0.2502,0.5988,0.0,0.0,0.0,0.0,BLOCKED_NOISE,0.0
1788869851.1707706,5962899,148.88,NONE,0.2512,0.5992,0.0,0.0,0.0,0.0,BLOCKED_NOISE,0.0
1788869852.2256298,5962899,147.83,NONE,0.252,0.5995,0.0,0.0,0.0,0.0,BLOCKED_NOISE,0.0
1788869853.3035018,5962899,146.77,NONE,0.2532,0.5999,0.0,0.0,0.0,0.0,BLOCKED_NOISE,0.0
1788869854.3778872,5962899,145.69,NONE,0.2533,0.6,0.0,0.0,0.0,0.0,BLOCKED_NOISE,0.0
1788869855.44972,5962899,144.62,NONE,0.2544,0.6004,0.0,0.0,0.0,0.0,BLOCKED_NOISE,0.0
1788869856.5179734,5962899,143.54,NONE,0.2555,0.6008,0.0,0.0,0.0,0.0,BLOCKED_NOISE,0.0
1788869857.5778894,5962899,142.48,NONE,0.2568,0.6013,0.0,0.0,0.0,0.0,BLOCKED_NOISE,0.0
1788869858.875767,5962899,141.42,NONE,0.247,0.5975,0.0,0.0,0.0,0.0,BLOCKED_NOISE,0.0
1788869859.9944184,5962899,140.12,NONE,0.2302,0.591,0.0,0.0,0.0,0.0,BLOCKED_NOISE,0.0
1788869861.0577216,5962899,139.0,NONE,0.2341,0.5925,0.0,0.0,0.0,0.0,BLOCKED_NOISE,0.0
1788869862.1200438,5962899,137.94,NONE,0.2354,0.5931,0.0,0.0,0.0,0.0,BLOCKED_NOISE,0.0
1788869863.1888373,5962899,136.87,NONE,0.2396,0.5947,0.0,0.0,0.0,0.0,BLOCKED_NOISE,0.0
1788869864.253052,5962899,135.8,NONE,0.2454,0.5969,0.0,0.0,0.0,0.0,BLOCKED_NOISE,0.0
1788869865.3175614,5962899,134.73,NONE,0.2469,0.5975,0.0,0.0,0.0,0.0,BLOCKED_NOISE,0.0
1788869866.398698,5962899,133.67,NONE,0.2483,0.598,0.0,0.0,0.0,0.0,BLOCKED_NOISE,0.0
1788869867.467558,5962899,132.59,NONE,0.2449,0.5967,0.0,0.0,0.0,0.0,BLOCKED_NOISE,0.0
1788869868.5441668,5962899,131.53,NONE,0.2457,0.597,0.0,0.0,0.0,0.0,BLOCKED_NOISE,0.0
1788869869.6006029,5962899,130.45,NONE,0.2447,0.5967,0.0,0.0,0.0,0.0,BLOCKED_NOISE,0.0
1788869870.6624763,5962899,129.39,NONE,0.2466,0.5974,0.0,0.0,0.0,0.0,BLOCKED_NOISE,0.0
1788869871.721136,5962899,128.33,NONE,0.2481,0.598,0.0,0.0,0.0,0.0,BLOCKED_NOISE,0.0
1788869872.7879112,5962899,127.27,NONE,0.2496,0.5985,0.0,0.0,0.0,0.0,BLOCKED_NOISE,0.0
1788869873.8559988,5962899,126.2,NONE,0.2511,0.5991,0.0,0.0,0.0,0.0,BLOCKED_NOISE,0.0
1788869874.9281774,5962899,125.14,NONE,0.2575,0.6016,0.0,0.0,0.0,0.0,BLOCKED_NOISE,0.0
1788869876.0705898,5962899,124.06,NONE,0.258,0.6018,0.0,0.0,0.0,0.0,BLOCKED_NOISE,0.0
1788869877.1356304,5962899,122.92,NONE,0.2597,0.6025,0.0,0.0,0.0,0.0,BLOCKED_NOISE,0.0
1788869878.1962757,5962899,121.86,NONE,0.266,0.6049,0.0,0.0,0.0,0.0,BLOCKED_NOISE,0.0
1788869879.249159,5962899,120.8,NONE,0.2668,0.6052,0.0,0.0,0.0,0.0,BLOCKED_NOISE,0.0
1788869880.3161192,5962899,119.75,NO,0.4399,0.33,0.24,0.0,0.0,0.03,BLOCKED_WINDOW_MAX_POS,0.0
1788869881.3711596,5962899,118.68,NO,0.445,0.3282,0.21,0.0,0.0,0.03,BLOCKED_WINDOW_MAX_POS,0.0
1788869882.4361267,5962899,117.62,NO,0.4568,0.3239,0.23,0.0,0.0,0.03,BLOCKED_WINDOW_MAX_POS,0.0
1788869883.4944339,5962899,116.56,NO,0.4619,0.3221,0.23,0.0,0.0,0.03,BLOCKED_WINDOW_MAX_POS,0.0
1788869884.549872,5962899,115.5,NO,0.4376,0.3308,0.22,0.0,0.0,0.03,BLOCKED_WINDOW_MAX_POS,0.0
1788869885.602626,5962899,114.45,NO,0.4423,0.3291,0.23,0.0,0.0,0.03,BLOCKED_WINDOW_MAX_POS,0.0
1788869886.6653764,5962899,113.39,NO,0.4557,0.3243,0.23,0.0,0.0,0.03,BLOCKED_WINDOW_MAX_POS,0.0
1788869887.7184453,5962899,112.33,NO,0.4575,0.3237,0.23,0.0,0.0,0.03,BLOCKED_WINDOW_MAX_POS,0.0
1788869888.7869494,5962899,111.27,NO,0.4578,0.3236,0.23,0.0,0.0,0.03,BLOCKED_WINDOW_MAX_POS,0.0
1788869889.8534026,5962899,110.2,NO,0.462,0.322,0.21,0.0,0.0,0.03,BLOCKED_WINDOW_MAX_POS,0.0
1788869890.9228303,5962899,109.13,NO,0.4637,0.3214,0.21,0.0,0.0,0.03,BLOCKED_WINDOW_MAX_POS,0.0
1788869891.9878566,5962899,108.06,NO,0.4662,0.3205,0.21,0.0,0.0,0.03,BLOCKED_WINDOW_MAX_POS,0.0
1788869893.0442593,5962899,107.01,NO,0.4683,0.3198,0.21,0.0,0.0,0.03,BLOCKED_WINDOW_MAX_POS,0.0
1788869894.1027482,5962899,105.95,NO,0.4703,0.3191,0.22,0.0,0.0,0.03,BLOCKED_WINDOW_MAX_POS,0.0
1788869895.181703,5962899,104.9,NO,0.4715,0.3187,0.23,0.0,0.0,0.03,BLOCKED_WINDOW_MAX_POS,0.0
1788869896.2345107,5962899,103.82,NO,0.4789,0.316,0.25,0.0,0.0,0.03,BLOCKED_WINDOW_MAX_POS,0.0
1788869897.2871845,5962899,102.76,NO,0.4837,0.3143,0.26,0.0,0.0,0.03,BLOCKED_WINDOW_MAX_POS,0.0
1788869898.3435948,5962899,101.71,NO,0.4858,0.3136,0.26,0.0,0.0,0.03,BLOCKED_WINDOW_MAX_POS,0.0
1788869899.3952973,5962899,100.65,NO,0.4888,0.3125,0.26,0.0,0.0,0.03,BLOCKED_WINDOW_MAX_POS,0.0
1788869900.4596837,5962899,99.59,YES,0.4947,0.6896,0.63,0.0,0.0,0.03,BLOCKED_WINDOW_MAX_POS,0.0
1788869901.515743,5962899,98.54,YES,0.4955,0.6899,0.62,0.0,0.0,0.03,BLOCKED_WINDOW_MAX_POS,0.0
1788869902.577807,5962899,97.48,NONE,0.1596,0.5634,0.0,0.0,0.0,0.0,BLOCKED_NOISE,0.0
1788869903.6492872,5962899,96.42,NONE,0.1405,0.5559,0.0,0.0,0.0,0.0,BLOCKED_NOISE,0.0
1788869904.7042181,5962899,95.35,NONE,0.1412,0.5561,0.0,0.0,0.0,0.0,BLOCKED_NOISE,0.0
1788869905.7735007,5962899,94.29,NONE,0.1419,0.5564,0.0,0.0,0.0,0.0,BLOCKED_NOISE,0.0
1788869906.8312874,5962899,93.22,NONE,0.1412,0.5561,0.0,0.0,0.0,0.0,BLOCKED_NOISE,0.0
1788869907.8892848,5962899,92.16,NONE,0.142,0.5565,0.0,0.0,0.0,0.0,BLOCKED_NOISE,0.0
1788869908.9580905,5962899,91.1,NONE,0.1434,0.557,0.0,0.0,0.0,0.0,BLOCKED_NOISE,0.0
1788869910.0173125,5962899,90.04,NONE,0.1438,0.5572,0.0,0.0,0.0,0.0,BLOCKED_NOISE,0.0
1788869911.088489,5962899,88.97,NONE,0.1446,0.5575,0.0,0.0,0.0,0.0,BLOCKED_NOISE,0.0
1788869912.1667013,5962899,87.9,NONE,0.136,0.5541,0.0,0.0,0.0,0.0,BLOCKED_NOISE,0.0
1788869913.234613,5962899,86.83,NONE,0.1559,0.5619,0.0,0.0,0.0,0.0,BLOCKED_NOISE,0.0
1788869914.290074,5962899,85.76,NONE,0.4568,0.6761,0.0,0.0,0.0,0.0,NO_SIGNAL,0.0
1788869915.349614,5962899,84.7,NONE,0.4538,0.675,0.0,0.0,0.0,0.0,NO_SIGNAL,0.0
1788869916.404024,5962899,83.65,NONE,0.4528,0.6747,0.0,0.0,0.0,0.0,NO_SIGNAL,0.0
1788869917.4747074,5962899,82.59,NO,0.4694,0.3194,0.27,0.0,0.0,0.03,BLOCKED_WINDOW_MAX_POS,0.0
1788869918.5354862,5962899,81.52,NO,0.4719,0.3185,0.27,0.0,0.0,0.03,BLOCKED_WINDOW_MAX_POS,0.0
1788869919.6018894,5962899,80.45,NO,0.4764,0.3169,0.27,0.0,0.0,0.03,BLOCKED_WINDOW_MAX_POS,0.0
1788869920.6535428,5962899,79.4,NO,0.4764,0.3169,0.26,0.0,0.0,0.03,BLOCKED_WINDOW_MAX_POS,0.0
1788869921.723677,5962899,78.34,NO,0.4805,0.3154,0.26,0.0,0.0,0.03,BLOCKED_WINDOW_MAX_POS,0.0
1788869922.788856,5962899,77.26,NO,0.4827,0.3147,0.26,0.0,0.0,0.03,BLOCKED_WINDOW_MAX_POS,0.0
1788869923.845813,5962899,76.21,NO,0.4856,0.3136,0.26,0.0,0.0,0.03,BLOCKED_WINDOW_MAX_POS,0.0
1788869924.9013627,5962899,75.15,NO,0.473,0.3181,0.24,0.0,0.0,0.03,BLOCKED_WINDOW_MAX_POS,0.0
1788869925.9807093,5962899,74.09,NO,0.4746,0.3175,0.28,0.0,0.0,0.03,BLOCKED_WINDOW_MAX_POS,0.0
1788869927.0320609,5962899,73.02,NO,0.4775,0.3165,0.26,0.0,0.0,0.03,BLOCKED_WINDOW_MAX_POS,0.0
1788869928.0921047,5962899,71.97,NO,0.4785,0.3161,0.26,0.0,0.0,0.03,BLOCKED_WINDOW_MAX_POS,0.0
1788869929.1475375,5962899,70.91,NO,1.0769,0.1408,0.04,0.0,0.0,0.03,BLOCKED_WINDOW_MAX_POS,0.0
1788869930.2063713,5962899,69.85,NO,1.1175,0.1319,0.04,0.0,0.0,0.03,BLOCKED_WINDOW_MAX_POS,0.0
1788869931.2652256,5962899,68.79,NO,1.1768,0.1196,0.04,0.0,0.0,0.03,BLOCKED_WINDOW_MAX_POS,0.0
1788869932.3227916,5962899,67.73,NO,1.2058,0.1139,0.04,0.0,0.0,0.03,BLOCKED_WINDOW_MAX_POS,0.0
1788869933.3934793,5962899,66.66,NONE,1.2065,0.8862,0.0,0.0,0.0,0.0,NO_SIGNAL,0.0
1788869934.4517784,5962899,65.6,NO,1.2134,0.1125,0.07,0.0,0.0,0.03,BLOCKED_WINDOW_MAX_POS,0.0
1788869935.5256627,5962899,64.54,NO,1.2223,0.1108,0.07,0.0,0.0,0.03,BLOCKED_WINDOW_MAX_POS,0.0
1788869936.592664,5962899,63.47,NO,1.2315,0.1091,0.06,0.0,0.0,0.03,BLOCKED_WINDOW_MAX_POS,0.0
1788869937.6572871,5962899,62.4,NO,1.2248,0.1103,0.05,0.0,0.0,0.03,BLOCKED_WINDOW_MAX_POS,0.0
1788869938.7156155,5962899,61.34,NO,1.0617,0.1442,0.09,0.0,0.0,0.03,BLOCKED_WINDOW_MAX_POS,0.0
1788869939.7810726,5962899,60.28,NO,1.0312,0.1512,0.03,0.0,0.0,0.03,BLOCKED_WINDOW_MAX_POS,0.0
1788869940.8478708,5962899,59.21,NO,1.0383,0.1496,0.03,0.0,0.0,0.03,BLOCKED_WINDOW_MAX_POS,0.0
1788869941.9063866,5962899,58.15,NO,1.0447,0.1481,0.03,0.0,0.0,0.03,BLOCKED_WINDOW_MAX_POS,0.0
1788869942.9727373,5962899,57.08,NO,1.0541,0.1459,0.03,0.0,0.0,0.03,BLOCKED_WINDOW_MAX_POS,0.0
1788869944.0319078,5962899,56.02,NO,1.0393,0.1493,0.03,0.0,0.0,0.03,BLOCKED_WINDOW_MAX_POS,0.0
1788869945.085961,5962899,54.97,NO,1.0508,0.1467,0.03,0.0,0.0,0.03,BLOCKED_WINDOW_MAX_POS,0.0
1788869946.1445584,5962899,53.91,NO,1.0614,0.1442,0.04,0.0,0.0,0.03,BLOCKED_WINDOW_MAX_POS,0.0
1788869947.2150335,5962899,52.85,NO,1.0395,0.1493,0.03,0.0,0.0,0.03,BLOCKED_WINDOW_MAX_POS,0.0
1788869948.2692478,5962899,51.78,NO,1.0503,0.1468,0.03,0.0,0.0,0.03,BLOCKED_WINDOW_MAX_POS,0.0
1788869949.336364,5962899,50.72,NO,1.0691,0.1425,0.02,0.0,0.0,0.03,BLOCKED_WINDOW_MAX_POS,0.0
1788869950.4092667,5962899,49.65,NO,1.079,0.1403,0.03,0.0,0.0,0.03,BLOCKED_WINDOW_MAX_POS,0.0
1788869951.4678864,5962899,48.59,NO,1.0915,0.1375,0.02,0.0,0.0,0.03,BLOCKED_WINDOW_MAX_POS,0.0
1788869952.5324745,5962899,47.52,NO,1.0965,0.1364,0.02,0.0,0.0,0.03,BLOCKED_WINDOW_MAX_POS,0.0
1788869953.59679,5962899,46.46,YES,1.109,0.8663,0.0,0.0,0.0,0.035,BLOCKED_WINDOW_MAX_POS,0.0
1788869954.6646798,5962899,45.39,YES,0.902,0.8165,0.0,0.0,0.0,0.035,BLOCKED_WINDOW_MAX_POS,0.0
1788869955.7247088,5962899,44.33,YES,0.9033,0.8168,0.0,0.0,0.0,0.035,BLOCKED_WINDOW_MAX_POS,0.0
1788869956.7810268,5962899,43.27,NO,0.7362,0.2308,0.04,0.0,0.0,0.03,BLOCKED_WINDOW_MAX_POS,0.0
1788869957.8386111,5962899,42.22,NO,0.738,0.2302,0.03,0.0,0.0,0.03,BLOCKED_WINDOW_MAX_POS,0.0
1788869958.8979416,5962899,41.15,NO,0.7208,0.2355,0.04,0.0,0.0,0.03,BLOCKED_WINDOW_MAX_POS,0.0
1788869959.9720502,5962899,40.09,NO,0.7214,0.2353,0.03,0.0,0.0,0.03,BLOCKED_WINDOW_MAX_POS,0.0
1788869961.0312364,5962899,39.02,NO,0.718,0.2364,0.03,0.0,0.0,0.03,BLOCKED_WINDOW_MAX_POS,0.0
1788869962.0897326,5962899,37.97,NO,0.7265,0.2338,0.03,0.0,0.0,0.03,BLOCKED_WINDOW_MAX_POS,0.0
1788869963.15539,5962899,36.9,NO,0.7332,0.2317,0.03,0.0,0.0,0.03,BLOCKED_WINDOW_MAX_POS,0.0
1788869964.227076,5962899,35.83,YES,0.7279,0.7667,0.0,0.0,0.0,0.035,BLOCKED_WINDOW_MAX_POS,0.0
1788869965.2923722,5962899,34.76,YES,0.7504,0.7735,0.0,0.0,0.0,0.035,BLOCKED_WINDOW_MAX_POS,0.0
1788869966.3531857,5962899,33.7,YES,0.7644,0.7777,0.0,0.0,0.0,0.035,BLOCKED_WINDOW_MAX_POS,0.0
1788869967.4259205,5962899,32.63,YES,0.7862,0.7841,0.0,0.0,0.0,0.035,BLOCKED_WINDOW_MAX_POS,0.0
1788869968.4899278,5962899,31.57,YES,0.8621,0.8057,0.0,0.0,0.0,0.035,BLOCKED_WINDOW_MAX_POS,0.0
1788869969.5479054,5962899,30.5,YES,0.8781,0.8101,0.0,0.0,0.0,0.035,BLOCKED_WINDOW_MAX_POS,0.0
1788869970.602196,5962899,29.45,YES,0.893,0.8141,0.0,0.0,0.0,0.035,BLOCKED_WINDOW_MAX_POS,0.0
1788869971.6667094,5962899,28.39,YES,0.9091,0.8184,0.0,0.0,0.0,0.035,BLOCKED_WINDOW_MAX_POS,0.0
1788869972.7218482,5962899,27.33,YES,0.9226,0.8219,0.0,0.0,0.0,0.035,BLOCKED_WINDOW_MAX_POS,0.0
1788869973.794639,5962899,26.27,YES,0.9444,0.8275,0.0,0.0,0.0,0.035,BLOCKED_WINDOW_MAX_POS,0.0
1788869974.8576698,5962899,25.2,YES,0.9634,0.8323,0.0,0.0,0.0,0.035,BLOCKED_WINDOW_MAX_POS,0.0
1788869975.9182336,5962899,24.13,YES,0.9859,0.8379,0.0,0.0,0.0,0.035,BLOCKED_WINDOW_MAX_POS,0.0
1788869976.9895785,5962899,23.08,YES,1.0119,0.8442,0.0,0.0,0.0,0.035,BLOCKED_WINDOW_MAX_POS,0.0
1788869978.0487146,5962899,22.01,YES,1.042,0.8513,0.0,0.0,0.0,0.035,BLOCKED_WINDOW_MAX_POS,0.0
1788869979.1306784,5962899,20.94,YES,1.0695,0.8576,0.0,0.0,0.0,0.035,BLOCKED_WINDOW_MAX_POS,0.0
1788869980.1884582,5962899,19.87,YES,1.099,0.8641,0.0,0.0,0.0,0.035,BLOCKED_WINDOW_MAX_POS,0.0
1788869981.2519803,5962899,18.81,YES,1.1248,0.8697,0.0,0.0,0.0,0.035,BLOCKED_WINDOW_MAX_POS,0.0
1788869982.306102,5962899,17.75,YES,2.1142,0.9828,0.0,0.0,0.0,0.035,BLOCKED_WINDOW_MAX_POS,0.0
1788869983.3633738,5962899,16.69,YES,2.7573,0.9971,0.0,0.0,0.0,0.035,BLOCKED_WINDOW_MAX_POS,0.0
1788869984.4204323,5962899,15.63,YES,2.8359,0.9977,0.0,0.0,0.0,0.035,BLOCKED_WINDOW_MAX_POS,0.0
1788869985.481076,5962899,14.57,YES,2.9512,0.9984,0.0,0.0,0.0,0.035,BLOCKED_WINDOW_MAX_POS,0.0
1788869986.5454853,5962899,13.51,YES,3.0699,0.9989,0.0,0.0,0.0,0.035,BLOCKED_WINDOW_MAX_POS,0.0
1788869987.5961285,5962899,12.45,YES,3.189,0.9993,0.0,0.0,0.0,0.035,BLOCKED_WINDOW_MAX_POS,0.0
1788869988.6613657,5962899,11.39,YES,3.3306,0.9996,0.0,0.0,0.0,0.035,BLOCKED_WINDOW_MAX_POS,0.0
1788869989.7175274,5962899,10.34,YES,3.4922,0.9998,0.0,0.0,0.0,0.035,BLOCKED_WINDOW_MAX_POS,0.0
1788869990.791598,5962899,9.28,YES,3.7429,0.9999,0.0,0.0,0.0,0.035,BLOCKED_WINDOW_MAX_POS,0.0
1788869991.8524783,5962899,8.2,YES,3.9758,1.0,0.0,0.0,0.0,0.035,BLOCKED_WINDOW_MAX_POS,0.0
1788869992.9309149,5962899,7.12,YES,4.2573,1.0,0.0,0.0,0.0,0.035,BLOCKED_WINDOW_MAX_POS,0.0
1788869993.9892905,5962899,6.07,YES,4.7591,1.0,0.0,0.0,0.0,0.035,BLOCKED_WINDOW_MAX_POS,0.0
1788869995.0599976,5962899,5.0,YES,5.6716,1.0,0.0,0.0,0.0,0.035,BLOCKED_WINDOW_MAX_POS,0.0
1788869996.123538,5962899,3.93,YES,6.3917,1.0,0.0,0.0,0.0,0.035,BLOCKED_WINDOW_MAX_POS,0.0
1788869997.1873906,5962899,2.87,YES,7.461,1.0,0.0,0.0,0.0,0.035,BLOCKED_WINDOW_MAX_POS,0.0
1788869998.2507339,5962899,1.8,YES,8.6574,1.0,0.0,0.0,0.0,0.035,BLOCKED_WINDOW_MAX_POS,0.0
1788869999.3102489,5962899,1.0,YES,11.6108,1.0,0.0,0.0,0.0,0.035,BLOCKED_WINDOW_MAX_POS,0.0
1788870001.2097354,5962900,299.68,NONE,0.0509,0.5203,0.0,0.0,0.0,0.0,BLOCKED_NOISE,0.0
1788870002.2735064,5962900,297.78,NONE,0.0509,0.5203,0.0,0.0,0.0,0.0,BLOCKED_NOISE,0.0
1788870003.3310513,5962900,296.72,NONE,0.0521,0.5208,0.0,0.0,0.0,0.0,BLOCKED_NOISE,0.0
1788870004.39124,5962900,295.66,NONE,0.0495,0.5197,0.0,0.0,0.0,0.0,BLOCKED_NOISE,0.0
1788870005.4555845,5962900,294.6,NONE,0.0416,0.5166,0.0,0.0,0.0,0.0,BLOCKED_NOISE,0.0
1788870006.5121574,5962900,293.54,NONE,-0.0041,0.4984,0.0,0.0,0.0,0.0,BLOCKED_NOISE,0.0
1788870007.5712013,5962900,292.48,NONE,-0.0078,0.4969,0.0,0.0,0.0,0.0,BLOCKED_NOISE,0.0
1788870008.656781,5962900,291.41,NONE,-0.0013,0.4995,0.0,0.0,0.0,0.0,BLOCKED_NOISE,0.0
1788870009.7115762,5962900,290.34,NONE,-0.0973,0.4612,0.0,0.0,0.0,0.0,BLOCKED_NOISE,0.0
1788870010.7683153,5962900,289.28,NONE,-0.0491,0.4804,0.0,0.0,0.0,0.0,BLOCKED_NOISE,0.0
1788870011.8243775,5962900,288.23,NONE,-0.0492,0.4804,0.0,0.0,0.0,0.0,BLOCKED_NOISE,0.0
1788870012.905409,5962900,287.16,NONE,-0.1082,0.4569,0.0,0.0,0.0,0.0,BLOCKED_NOISE,0.0
1788870013.9763343,5962900,286.09,NONE,-0.1095,0.4564,0.0,0.0,0.0,0.0,BLOCKED_NOISE,0.0
1788870015.0342255,5962900,285.02,NONE,-0.1107,0.4559,0.0,0.0,0.0,0.0,BLOCKED_NOISE,0.0
1788870016.1147008,5962900,283.95,NONE,-0.1122,0.4553,0.0,0.0,0.0,0.0,BLOCKED_NOISE,0.0
1788872543.465525,5962908,176.91,YES,0.4257,0.6648,0.0,0.0,0.0,0.035,BLOCKED_PHANTOM,0.0
1788872556.5008018,5962908,155.53,YES,0.8828,0.8113,0.0,0.0,0.0,0.035,BLOCKED_PHANTOM,0.0
1788872569.5121157,5962908,142.5,YES,0.8382,0.7991,0.0,0.0,0.0,0.035,BLOCKED_PHANTOM,0.0
1788872582.5489044,5962908,129.48,YES,1.0441,0.8518,0.0,0.0,0.0,0.035,BLOCKED_PHANTOM,0.0
1788872595.555945,5962908,116.45,YES,1.2188,0.8885,0.0,0.0,0.0,0.035,BLOCKED_PHANTOM,0.0
1788872612.6022906,5962908,103.44,YES,1.045,0.852,0.0,0.0,0.0,0.035,BLOCKED_PHANTOM,0.0
1788872625.6222103,5962908,86.39,YES,1.0713,0.858,0.0,0.0,0.0,0.035,BLOCKED_PHANTOM,0.0
1788872638.661759,5962908,73.37,YES,1.0176,0.8456,0.0,0.0,0.0,0.035,BLOCKED_PHANTOM,0.0
1788872651.7029207,5962908,60.33,YES,1.0792,0.8597,0.0,0.0,0.0,0.035,BLOCKED_PHANTOM,0.0
1788872664.7834964,5962908,47.29,YES,0.8424,0.8002,0.0,0.0,0.0,0.035,BLOCKED_PHANTOM,0.0
1788872681.8398485,5962908,34.22,YES,1.0141,0.8447,0.0,0.0,0.0,0.035,BLOCKED_PHANTOM,0.0
1788872694.872679,5962908,17.16,YES,2.1875,0.9856,0.0,0.0,0.0,0.035,BLOCKED_PHANTOM,0.0
1788872707.9091089,5962908,4.12,YES,5.045,1.0,0.0,0.0,0.0,0.035,BLOCKED_PHANTOM,0.0
1788872725.25834,5962909,291.09,NONE,-0.2999,0.3821,0.0,0.0,0.0,0.0,BLOCKED_NOISE,0.0
1788872746.2872133,5962909,273.74,NONE,0.2116,0.5838,0.0,0.0,0.0,0.0,BLOCKED_NOISE,0.0
1788872782.7604527,5962909,241.58,NONE,0.2536,0.6001,0.0,0.0,0.0,0.0,BLOCKED_NOISE,0.0
1788872803.810689,5962909,216.23,YES,0.5322,0.7027,0.0,0.0,0.0,0.035,BLOCKED_PHANTOM,0.0
1788872824.8504298,5962909,195.19,YES,0.5097,0.6949,0.0,0.0,0.0,0.035,BLOCKED_PHANTOM,0.0
1788872849.8892255,5962909,174.15,YES,0.5844,0.7205,0.0,0.0,0.0,0.035,BLOCKED_PHANTOM,0.0
1788872870.933915,5962909,149.11,YES,1.0995,0.8642,0.0,0.0,0.0,0.035,BLOCKED_PHANTOM,0.0
1788872891.9989724,5962909,128.06,NONE,0.3336,0.6306,0.0,0.0,0.0,0.0,BLOCKED_NOISE,0.0
1788873041.0825496,5962910,295.33,NONE,0.1048,0.5417,0.0,0.0,0.0,0.0,BLOCKED_NOISE,0.0
1788873058.1290967,5962910,257.9,NONE,-0.3098,0.3784,0.0,0.0,0.0,0.0,BLOCKED_NOISE,0.0
1788873075.1793408,5962910,240.86,NONE,0.2341,0.5926,0.0,0.0,0.0,0.0,BLOCKED_NOISE,0.0
1788873104.232083,5962910,223.82,YES,0.8366,0.7986,0.0,0.0,0.0,0.035,BLOCKED_PHANTOM,0.0
1788873121.2546132,5962910,194.77,YES,0.8794,0.8104,0.0,0.0,0.0,0.035,BLOCKED_PHANTOM,0.0
1788873138.2900956,5962910,177.74,YES,0.7851,0.7838,0.0,0.0,0.0,0.035,BLOCKED_PHANTOM,0.0
1788873167.3507214,5962910,160.71,YES,0.6864,0.7538,0.0,0.0,0.0,0.035,BLOCKED_PHANTOM,0.0
1788873184.3859026,5962910,131.65,NONE,0.0626,0.525,0.0,0.0,0.0,0.0,BLOCKED_NOISE,0.0
1788873201.4206252,5962910,114.61,NONE,0.1082,0.5431,0.0,0.0,0.0,0.0,BLOCKED_NOISE,0.0
1788873230.4776177,5962910,97.58,YES,0.4312,0.6669,0.0,0.0,0.0,0.035,BLOCKED_PHANTOM,0.0
1788873247.5192754,5962910,68.52,NONE,-0.239,0.4056,0.0,0.0,0.0,0.0,BLOCKED_NOISE,0.0
1788873268.5892587,5962910,51.47,YES,0.4135,0.6604,0.0,0.0,0.0,0.035,BLOCKED_PHANTOM,0.0
1788873293.6459692,5962910,30.4,NONE,-0.2973,0.3831,0.0,0.0,0.0,0.0,BLOCKED_NOISE,0.0
1788873306.6779451,5962910,5.34,YES,1.4614,0.928,0.0,0.0,0.0,0.035,BLOCKED_PHANTOM,0.0
1788873324.0370739,5962911,292.31,NONE,0.1177,0.5469,0.0,0.0,0.0,0.0,BLOCKED_NOISE,0.0
1788873345.0852482,5962911,274.95,NONE,0.2852,0.6123,0.0,0.0,0.0,0.0,BLOCKED_NOISE,0.0
1788873374.1355226,5962911,253.91,NONE,-0.1922,0.4238,0.0,0.0,0.0,0.0,BLOCKED_NOISE,0.0
1788873391.1773784,5962911,224.86,NO,-0.4196,0.6626,0.0,0.0,0.0,0.035,BLOCKED_PHANTOM,0.0
1788873412.2077487,5962911,207.82,NO,-0.6258,0.7343,0.0,0.0,0.0,0.035,BLOCKED_PHANTOM,0.0
1788873441.2860005,5962911,186.78,NO,-0.8474,0.8016,0.0,0.0,0.0,0.035,BLOCKED_PHANTOM,0.0
1788873458.3430636,5962911,157.7,NO,-0.7751,0.7809,0.0,0.0,0.0,0.035,BLOCKED_PHANTOM,0.0
1788873479.4232283,5962911,140.64,NO,-0.8329,0.7975,0.0,0.0,0.0,0.035,BLOCKED_PHANTOM,0.0
1788873508.4718914,5962911,119.58,NO,-1.0462,0.8523,0.0,0.0,0.0,0.035,BLOCKED_PHANTOM,0.0
1788873525.4941747,5962911,90.53,NO,-1.331,0.9084,0.0,0.0,0.0,0.035,BLOCKED_PHANTOM,0.0
1788873546.5387905,5962911,73.5,NO,-1.393,0.9182,0.0,0.0,0.0,0.035,BLOCKED_PHANTOM,0.0
1788873575.6082942,5962911,52.45,NO,-1.573,0.9421,0.0,0.0,0.0,0.035,BLOCKED_PHANTOM,0.0
1788873596.7316904,5962911,23.38,NO,-2.6182,0.9956,0.0,0.0,0.0,0.035,BLOCKED_PHANTOM,0.0
1788873613.7919314,5962911,2.25,NO,-11.658,1.0,0.0,0.0,0.0,0.035,BLOCKED_PHANTOM,0.0
1788873643.1898813,5962912,285.2,NONE,0.324,0.627,0.0,0.0,0.0,0.0,BLOCKED_NOISE,0.0
1788873664.246806,5962912,255.8,NONE,0.1398,0.5556,0.0,0.0,0.0,0.0,BLOCKED_NOISE,0.0
1788873685.3079183,5962912,234.75,NO,-0.4229,0.6638,0.0,0.0,0.0,0.035,BLOCKED_PHANTOM,0.0
1788873714.3801796,5962912,213.69,NO,-0.5543,0.7103,0.0,0.0,0.0,0.035,BLOCKED_PHANTOM,0.0
1788873735.421849,5962912,184.61,NO,-1.2722,0.8983,0.0,0.0,0.0,0.035,BLOCKED_PHANTOM,0.0
1788873756.4783273,5962912,163.57,NO,-1.536,0.9377,0.0,0.0,0.0,0.035,BLOCKED_PHANTOM,0.0
1788873785.5269265,5962912,142.52,NO,-0.9448,0.8276,0.0,0.0,0.0,0.035,BLOCKED_PHANTOM,0.0
1788873806.5780683,5962912,113.46,NO,-0.4065,0.6578,0.0,0.0,0.0,0.035,BLOCKED_PHANTOM,0.0
1788873827.6212065,5962912,92.41,NO,-1.2174,0.8883,0.0,0.0,0.0,0.035,BLOCKED_PHANTOM,0.0
1788873856.6952865,5962912,71.38,NO,-0.9936,0.8398,0.0,0.0,0.0,0.035,BLOCKED_PHANTOM,0.0
1788873881.77401,5962912,42.3,NO,-1.4318,0.9239,0.0,0.0,0.0,0.035,BLOCKED_PHANTOM,0.0
1788873898.806867,5962912,17.22,NO,-2.9775,0.9985,0.0,0.0,0.0,0.035,BLOCKED_PHANTOM,0.0
1788873923.864889,5962912,1.0,NO,-16.1196,1.0,0.0,0.0,0.0,0.035,BLOCKED_PHANTOM,0.0
1788873949.2159698,5962913,275.13,YES,0.7467,0.7724,0.0,0.0,0.0,0.035,BLOCKED_PHANTOM,0.0
1788873970.2703972,5962913,249.78,YES,0.5201,0.6985,0.0,0.0,0.0,0.035,BLOCKED_PHANTOM,0.0
1788873999.345919,5962913,228.73,YES,0.5411,0.7058,0.0,0.0,0.0,0.035,BLOCKED_PHANTOM,0.0
1788874024.3983848,5962913,199.65,YES,0.9258,0.8227,0.0,0.0,0.0,0.035,BLOCKED_PHANTOM,0.0
1788874045.4406013,5962913,174.59,YES,0.9013,0.8163,0.0,0.0,0.0,0.035,BLOCKED_PHANTOM,0.0
1788874142.1666183,5962913,98.19,YES,0.5921,0.7231,0.0,0.0,0.0,0.035,BLOCKED_PHANTOM,0.0
1788874159.1902137,5962913,56.83,YES,0.9778,0.8359,0.0,0.0,0.0,0.035,BLOCKED_PHANTOM,0.0
1788874176.2280781,5962913,39.8,YES,1.3476,0.9111,0.0,0.0,0.0,0.035,BLOCKED_PHANTOM,0.0
1788874335.5037818,5962914,212.85,NO,-0.6233,0.7335,0.0,0.0,0.0,0.035,BLOCKED_PHANTOM,0.0
1788874352.5577471,5962914,163.48,NO,-0.8163,0.7928,0.0,0.0,0.0,0.035,BLOCKED_PHANTOM,0.0
1788874397.6523798,5962914,146.44,NO,-2.0153,0.9781,0.0,0.0,0.0,0.035,BLOCKED_PHANTOM,0.0
1788874414.676261,5962914,101.34,NO,-1.0616,0.8558,0.0,0.0,0.0,0.035,BLOCKED_PHANTOM,0.0
1788874459.752464,5962914,84.32,NO,-1.5901,0.9441,0.0,0.0,0.0,0.035,BLOCKED_PHANTOM,0.0
1788874476.7832744,5962914,39.24,NO,-7.515,1.0,0.0,0.0,0.0,0.035,BLOCKED_PHANTOM,0.0
1788874521.865503,5962914,22.21,NO,-21.315,1.0,0.0,0.0,0.0,0.035,BLOCKED_PHANTOM,0.0
1788874543.2929459,5962915,277.13,NONE,-0.3122,0.3775,0.0,0.0,0.0,0.0,BLOCKED_NOISE,0.0
1788874596.4129822,5962915,255.7,NONE,0.0016,0.5007,0.0,0.0,0.0,0.0,BLOCKED_NOISE,0.0
1788874613.44506,5962915,202.58,NONE,-0.2043,0.4191,0.0,0.0,0.0,0.0,BLOCKED_NOISE,0.0
1788874662.5265229,5962915,185.55,NO,-0.457,0.6762,0.0,0.0,0.0,0.035,BLOCKED_PHANTOM,0.0
1788874679.564711,5962915,136.46,NO,-0.5368,0.7043,0.0,0.0,0.0,0.035,BLOCKED_PHANTOM,0.0
1788874728.6277328,5962915,119.43,NO,-1.2899,0.9015,0.0,0.0,0.0,0.035,BLOCKED_PHANTOM,0.0
1788874745.686454,5962915,70.36,NO,-1.9659,0.9753,0.0,0.0,0.0,0.035,BLOCKED_PHANTOM,0.0
1788874794.7575788,5962915,53.31,NO,-7.5652,1.0,0.0,0.0,0.0,0.035,BLOCKED_PHANTOM,0.0
1788874815.818189,5962915,4.24,NO,-304.1664,1.0,0.0,0.0,0.0,0.035,BLOCKED_PHANTOM,0.0
1788874865.214641,5962916,283.18,NO,-0.7955,0.7868,0.0,0.0,0.0,0.035,BLOCKED_PHANTOM,0.0
1788874886.2881055,5962916,233.77,NO,-1.419,0.922,0.0,0.0,0.0,0.035,BLOCKED_PHANTOM,0.0
1788874935.370286,5962916,212.71,NO,-2.1645,0.9848,0.0,0.0,0.0,0.035,BLOCKED_PHANTOM,0.0
1788874956.3971128,5962916,163.63,NO,-2.435,0.9926,0.0,0.0,0.0,0.035,BLOCKED_PHANTOM,0.0
1788875005.4633367,5962916,142.6,NO,-1.1348,0.8718,0.0,0.0,0.0,0.035,BLOCKED_PHANTOM,0.0
1788875026.4945843,5962916,93.53,NO,-1.9143,0.9722,0.0,0.0,0.0,0.035,BLOCKED_PHANTOM,0.0
1788875075.5778232,5962916,72.5,NO,-2.3085,0.9895,0.0,0.0,0.0,0.035,BLOCKED_PHANTOM,0.0
1788875100.6312613,5962916,23.42,NO,-8.3202,1.0,0.0,0.0,0.0,0.035,BLOCKED_PHANTOM,0.0
1788875150.2581363,5962917,298.36,NONE,0.1248,0.5497,0.0,0.0,0.0,0.0,BLOCKED_NOISE,0.0
1788875175.291559,5962917,248.74,NO,-0.5333,0.7031,0.0,0.0,0.0,0.035,BLOCKED_PHANTOM,0.0
1788875224.3634279,5962917,223.7,NO,-0.7563,0.7753,0.0,0.0,0.0,0.035,BLOCKED_PHANTOM,0.0
1788875249.431735,5962917,174.61,NONE,-0.0741,0.4705,0.0,0.0,0.0,0.0,BLOCKED_NOISE,0.0
1788875298.5283754,5962917,149.56,YES,1.0936,0.8629,0.0,0.0,0.0,0.035,BLOCKED_PHANTOM,0.0
1788875323.565572,5962917,100.46,YES,0.4458,0.6721,0.0,0.0,0.0,0.035,BLOCKED_PHANTOM,0.0
1788875372.6529539,5962917,75.43,NO,-0.7417,0.7709,0.0,0.0,0.0,0.035,BLOCKED_PHANTOM,0.0
1788875401.7303073,5962917,26.35,YES,1.3272,0.9078,0.0,0.0,0.0,0.035,BLOCKED_PHANTOM,0.0
1788875451.1278784,5962918,297.25,NO,-0.9787,0.8361,0.0,0.0,0.0,0.035,BLOCKED_PHANTOM,0.0
1788875480.1730971,5962918,247.87,NO,-1.6742,0.953,0.0,0.0,0.0,0.035,BLOCKED_PHANTOM,0.0
1788875529.2648225,5962918,218.82,NO,-1.5784,0.9428,0.0,0.0,0.0,0.035,BLOCKED_PHANTOM,0.0
1788875558.3128483,5962918,169.73,NO,-2.1525,0.9843,0.0,0.0,0.0,0.035,BLOCKED_PHANTOM,0.0
1788875607.3950565,5962918,140.68,NO,-2.162,0.9847,0.0,0.0,0.0,0.035,BLOCKED_PHANTOM,0.0
1788875636.4546857,5962918,91.6,NO,-2.0285,0.9787,0.0,0.0,0.0,0.035,BLOCKED_PHANTOM,0.0
1788875685.528155,5962918,62.54,NO,-2.5366,0.9944,0.0,0.0,0.0,0.035,BLOCKED_PHANTOM,0.0
1788875718.6020126,5962918,13.47,NO,-29.9439,1.0,0.0,0.0,0.0,0.035,BLOCKED_PHANTOM,0.0
1788875767.9562683,5962919,280.39,YES,1.0468,0.8524,0.0,0.0,0.0,0.035,BLOCKED_PHANTOM,0.0
1788875801.0114052,5962919,231.04,YES,0.8412,0.7999,0.0,0.0,0.0,0.035,BLOCKED_PHANTOM,0.0
1788875850.091335,5962919,197.98,YES,2.5876,0.9952,0.0,0.0,0.0,0.035,BLOCKED_PHANTOM,0.0
1788875883.1713443,5962919,148.91,YES,4.4538,1.0,0.0,0.0,0.0,0.035,BLOCKED_PHANTOM,0.0
1788875932.242768,5962919,115.83,YES,1.6319,0.9487,0.0,0.0,0.0,0.035,BLOCKED_PHANTOM,0.0
1788875965.3018978,5962919,66.75,YES,1.6887,0.9544,0.0,0.0,0.0,0.035,BLOCKED_PHANTOM,0.0
1788876018.4179883,5962919,33.68,YES,14.864,1.0,0.0,0.0,0.0,0.035,BLOCKED_PHANTOM,0.0
1788876051.7674477,5962920,280.58,YES,0.3644,0.6422,0.0,0.0,0.0,0.035,BLOCKED_PHANTOM,0.0
1788876104.8279638,5962920,247.23,NONE,-0.1606,0.4362,0.0,0.0,0.0,0.0,BLOCKED_NOISE,0.0
1788876137.8669207,5962920,194.17,NO,-0.8463,0.8013,0.0,0.0,0.0,0.035,BLOCKED_PHANTOM,0.0
1788876186.9395492,5962920,161.13,NONE,-0.0537,0.4786,0.0,0.0,0.0,0.0,BLOCKED_NOISE,0.0
1788876219.969899,5962920,112.06,NONE,0.1195,0.5475,0.0,0.0,0.0,0.0,BLOCKED_NOISE,0.0
1788876269.0390735,5962920,79.02,NO,-0.9079,0.818,0.0,0.0,0.0,0.035,BLOCKED_PHANTOM,0.0
1788876306.1270525,5962920,29.95,YES,3.9476,1.0,0.0,0.0,0.0,0.035,BLOCKED_PHANTOM,0.0
1788876355.5135913,5962921,292.87,YES,0.8771,0.8098,0.0,0.0,0.0,0.035,BLOCKED_PHANTOM,0.0
1788876394.4137328,5962921,243.47,NO,-0.3626,0.6415,0.0,0.0,0.0,0.035,BLOCKED_PHANTOM,0.0
1788876443.4868128,5962921,204.58,NO,-0.351,0.6372,0.0,0.0,0.0,0.035,BLOCKED_PHANTOM,0.0
1788876480.5704525,5962921,155.51,YES,0.4488,0.6732,0.0,0.0,0.0,0.035,BLOCKED_PHANTOM,0.0
1788876529.6738644,5962921,118.42,YES,1.194,0.8838,0.0,0.0,0.0,0.035,BLOCKED_PHANTOM,0.0
1788876566.7251492,5962921,69.32,YES,1.1612,0.8772,0.0,0.0,0.0,0.035,BLOCKED_PHANTOM,0.0
1788876619.8322835,5962921,32.27,YES,5.3237,1.0,0.0,0.0,0.0,0.035,BLOCKED_PHANTOM,0.0
1788876657.2123654,5962922,279.16,NONE,0.1298,0.5516,0.0,0.0,0.0,0.0,BLOCKED_NOISE,0.0
1788876702.305924,5962922,241.79,YES,1.152,0.8753,0.0,0.0,0.0,0.035,BLOCKED_PHANTOM,0.0
1788876805.805988,5962922,158.55,YES,1.056,0.8545,0.0,0.0,0.0,0.0643,BLOCKED_PHANTOM,0.0
1788876870.9485402,5962922,93.19,YES,2.322,0.9899,0.0,0.0,0.0,0.0643,BLOCKED_PHANTOM,0.0
1788876936.087071,5962922,28.04,YES,16.8885,1.0,0.0,0.0,0.0,0.0643,BLOCKED_PHANTOM,0.0
1788877001.4654868,5962923,262.91,YES,1.0505,0.8532,0.0,0.0,0.0,0.0643,BLOCKED_PHANTOM,0.0
1788877120.9418964,5962923,143.45,YES,1.1491,0.8747,0.0,0.0,0.0,0.0643,BLOCKED_PHANTOM,0.0
1788877186.026463,5962923,78.05,YES,2.0861,0.9815,0.0,0.0,0.0,0.0643,BLOCKED_PHANTOM,0.0
1788877343.795499,5962924,224.59,YES,0.4613,0.6777,0.0,0.0,0.0,0.0643,BLOCKED_PHANTOM,0.0
1788877412.9239717,5962924,155.2,YES,0.3616,0.6412,0.0,0.0,0.0,0.0643,BLOCKED_PHANTOM,0.0
1788877482.034106,5962924,86.07,YES,1.0345,0.8495,0.0,0.0,0.0,0.0643,BLOCKED_PHANTOM,0.0
1788877551.132313,5962924,16.96,YES,10.1607,1.0,0.0,0.0,0.0,0.0643,BLOCKED_PHANTOM,0.0
1788877624.5707467,5962925,247.87,NO,-1.0448,0.8519,0.0,0.0,0.0,0.0643,BLOCKED_PHANTOM,0.0
1788877697.6514804,5962925,174.42,NO,-1.099,0.8641,0.0,0.0,0.0,0.0643,BLOCKED_PHANTOM,0.0
1788877770.7819808,5962925,101.35,NO,-0.6198,0.7323,0.0,0.0,0.0,0.0643,BLOCKED_PHANTOM,0.0
1788877843.916104,5962925,28.21,YES,0.4251,0.6646,0.0,0.0,0.0,0.0643,BLOCKED_PHANTOM,0.0
1788877925.4902527,5962926,255.08,NO,-0.7859,0.784,0.0,0.0,0.0,0.0643,BLOCKED_PHANTOM,0.0
1788878002.6277552,5962926,173.5,NO,-1.594,0.9445,0.0,0.0,0.0,0.0643,BLOCKED_PHANTOM,0.0
1788878079.760358,5962926,96.36,YES,0.8981,0.8154,0.0,0.0,0.0,0.0643,BLOCKED_PHANTOM,0.0
1788878156.882515,5962926,19.22,YES,6.5424,1.0,0.0,0.0,0.0,0.0643,BLOCKED_PHANTOM,0.0
1788878238.3604212,5962927,242.11,NO,-0.5694,0.7155,0.0,0.0,0.0,0.0643,BLOCKED_PHANTOM,0.0
